fecha_snapshot,marca_temporal_extraccion,id_producto,id_ubicacion,precio,precio_referencia,cantidad_unidad,formato_cantidad,es_novedad,disponible
2026-05-27,2026-05-27T13:26:58.355193+00:00,10005,valencia_46001,2.45,2.45,1.0,l,,True
2026-05-27,2026-05-27T13:26:58.355193+00:00,10043,valencia_46001,2.3,1.92,1.2,l,,True
2026-05-27,2026-05-27T13:26:58.355193+00:00,10050,valencia_46001,1.55,1.29,1.2,l,,True
2026-05-27,2026-05-27T13:26:58.355193+00:00,10051,valencia_46001,1.55,1.29,1.2,l,,True
2026-05-27,2026-05-27T13:26:58.355193+00:00,10054,valencia_46001,1.55,1.29,1.2,l,,True
2026-05-27,2026-05-27T13:26:58.355193+00:00,10055,valencia_46001,1.75,1.46,1.2,l,,True
2026-05-27,2026-05-27T13:26:58.355193+00:00,10066,valencia_46001,2.85,3.79,0.752,l,,True
2026-05-27,2026-05-27T13:26:58.355193+00:00,10106,valencia_46001,1.5,1.25,1.2,l,,True
2026-05-27,2026-05-27T13:26:58.355193+00:00,10117,valencia_46001,1.3,6.6,0.197,kg,,True
2026-05-27,2026-05-27T13:26:58.355193+00:00,10126,valencia_46001,2.52,2.1,1.2,l,,True
2026-05-27,2026-05-27T13:26:58.355193+00:00,10146,valencia_46001,10.14,1.69,6.0,l,,True
2026-05-27,2026-05-27T13:26:58.355193+00:00,10161,valencia_46001,1.55,3.1,0.5,l,,True
2026-05-27,2026-05-27T13:26:58.355193+00:00,10199,valencia_46001,1.85,3.08,0.6,l,,True
2026-05-27,2026-05-27T13:26:58.355193+00:00,10275,valencia_46001,2.25,3.75,0.6,l,,True
2026-05-27,2026-05-27T13:26:58.355193+00:00,10276,valencia_46001,1.95,3.9,0.5,l,,True
2026-05-27,2026-05-27T13:26:58.355193+00:00,10281,valencia_46001,10.14,1.69,6.0,l,,True
2026-05-27,2026-05-27T13:26:58.355193+00:00,10282,valencia_46001,1.69,1.69,1.0,l,,True
2026-05-27,2026-05-27T13:26:58.355193+00:00,10286,valencia_46001,2.71,6.3,0.43,kg,,True
2026-05-27,2026-05-27T13:26:58.355193+00:00,10320,valencia_46001,2.4,4.0,0.6,l,,True
2026-05-27,2026-05-27T13:26:58.355193+00:00,10346,valencia_46001,2.25,3.0,0.75,l,,True
2026-05-27,2026-05-27T13:26:58.355193+00:00,10350,valencia_46001,3.8,0.19,0.104,kg,,True
2026-05-27,2026-05-27T13:26:58.355193+00:00,10352,valencia_46001,3.8,0.19,0.104,kg,,True
2026-05-27,2026-05-27T13:26:58.355193+00:00,10355,valencia_46001,3.85,0.19,0.104,kg,,True
2026-05-27,2026-05-27T13:26:58.355193+00:00,10362,valencia_46001,2.52,2.55,0.99,l,,True
2026-05-27,2026-05-27T13:26:58.355193+00:00,10376,valencia_46001,1.1,5.5,0.2,l,,True
2026-05-27,2026-05-27T13:26:58.355193+00:00,10379,valencia_46001,5.76,0.96,6.0,l,,True
2026-05-27,2026-05-27T13:26:58.355193+00:00,10380,valencia_46001,0.96,0.96,1.0,l,,True
2026-05-27,2026-05-27T13:26:58.355193+00:00,10381,valencia_46001,5.04,0.84,6.0,l,,True
2026-05-27,2026-05-27T13:26:58.355193+00:00,10382,valencia_46001,0.84,0.84,1.0,l,,True
2026-05-27,2026-05-27T13:26:58.355193+00:00,10383,valencia_46001,4.92,0.82,6.0,l,,True
2026-05-27,2026-05-27T13:26:58.355193+00:00,10384,valencia_46001,0.82,0.82,1.0,l,,True
2026-05-27,2026-05-27T13:26:58.355193+00:00,10414,valencia_46001,5.4,7.71,0.7,kg,,True
2026-05-27,2026-05-27T13:26:58.355193+00:00,10449,valencia_46001,1.4,7.0,0.2,kg,,True
2026-05-27,2026-05-27T13:26:58.355193+00:00,10453,valencia_46001,3.1,11.07,0.28,kg,,True
2026-05-27,2026-05-27T13:26:58.355193+00:00,10459,valencia_46001,1.95,7.8,0.25,kg,,True
2026-05-27,2026-05-27T13:26:58.355193+00:00,10467,valencia_46001,2.9,10.36,0.28,kg,,True
2026-05-27,2026-05-27T13:26:58.355193+00:00,10502,valencia_46001,1.85,1.23,1.5,l,,True
2026-05-27,2026-05-27T13:26:58.355193+00:00,10504,valencia_46001,11.94,1.33,9.0,l,,True
2026-05-27,2026-05-27T13:26:58.355193+00:00,10505,valencia_46001,11.1,1.23,9.0,l,,True
2026-05-27,2026-05-27T13:26:58.355193+00:00,10506,valencia_46001,1.99,1.33,1.5,l,,True
2026-05-27,2026-05-27T13:26:58.355193+00:00,10516,valencia_46001,10.74,1.19,9.0,l,,True
2026-05-27,2026-05-27T13:26:58.355193+00:00,10530,valencia_46001,7.74,1.29,6.0,l,,True
2026-05-27,2026-05-27T13:26:58.355193+00:00,10531,valencia_46001,7.02,1.17,6.0,l,,True
2026-05-27,2026-05-27T13:26:58.355193+00:00,10532,valencia_46001,6.78,1.13,6.0,l,,True
2026-05-27,2026-05-27T13:26:58.355193+00:00,10533,valencia_46001,9.36,1.04,9.0,l,,True
2026-05-27,2026-05-27T13:26:58.355193+00:00,10540,valencia_46001,1.56,1.04,1.5,l,,True
2026-05-27,2026-05-27T13:26:58.355193+00:00,10541,valencia_46001,9.0,1.0,9.0,l,,True
2026-05-27,2026-05-27T13:26:58.355193+00:00,10542,valencia_46001,1.5,1.0,1.5,l,,True
2026-05-27,2026-05-27T13:26:58.355193+00:00,10543,valencia_46001,8.82,0.98,9.0,l,,True
2026-05-27,2026-05-27T13:26:58.355193+00:00,10544,valencia_46001,1.47,0.98,1.5,l,,True
2026-05-27,2026-05-27T13:26:58.355193+00:00,10545,valencia_46001,9.72,1.08,9.0,l,,True
2026-05-27,2026-05-27T13:26:58.355193+00:00,10546,valencia_46001,1.62,1.08,1.5,l,,True
2026-05-27,2026-05-27T13:26:58.355193+00:00,10599,valencia_46001,1.79,1.19,1.5,l,,True
2026-05-27,2026-05-27T13:26:58.355193+00:00,10617,valencia_46001,1.29,1.29,1.0,l,,True
2026-05-27,2026-05-27T13:26:58.355193+00:00,10642,valencia_46001,0.85,3.4,0.25,l,,True
2026-05-27,2026-05-27T13:26:58.355193+00:00,10644,valencia_46001,0.85,3.4,0.25,l,,True
2026-05-27,2026-05-27T13:26:58.355193+00:00,10666,valencia_46001,0.85,3.4,0.25,l,,True
2026-05-27,2026-05-27T13:26:58.355193+00:00,10672,valencia_46001,0.85,3.4,0.25,l,,True
2026-05-27,2026-05-27T13:26:58.355193+00:00,10676,valencia_46001,8.1,1.35,6.0,l,,True
2026-05-27,2026-05-27T13:26:58.355193+00:00,10678,valencia_46001,1.35,1.35,1.0,l,,True
2026-05-27,2026-05-27T13:26:58.355193+00:00,10683,valencia_46001,6.3,1.05,6.0,l,,True
2026-05-27,2026-05-27T13:26:58.355193+00:00,10685,valencia_46001,1.05,1.05,1.0,l,,True
2026-05-27,2026-05-27T13:26:58.355193+00:00,10686,valencia_46001,6.12,1.02,6.0,l,,True
2026-05-27,2026-05-27T13:26:58.355193+00:00,10687,valencia_46001,1.02,1.02,1.0,l,,True
2026-05-27,2026-05-27T13:26:58.355193+00:00,10688,valencia_46001,0.9,3.6,0.25,l,,True
2026-05-27,2026-05-27T13:26:58.355193+00:00,10698,valencia_46001,6.18,1.03,6.0,l,,True
2026-05-27,2026-05-27T13:26:58.355193+00:00,10699,valencia_46001,1.03,1.03,1.0,l,,True
2026-05-27,2026-05-27T13:26:58.355193+00:00,10712,valencia_46001,1.17,1.17,1.0,l,,True
2026-05-27,2026-05-27T13:26:58.355193+00:00,10721,valencia_46001,5.64,0.94,6.0,l,,True
2026-05-27,2026-05-27T13:26:58.355193+00:00,10722,valencia_46001,0.94,0.94,1.0,l,,True
2026-05-27,2026-05-27T13:26:58.355193+00:00,10723,valencia_46001,1.79,1.79,1.0,l,,True
2026-05-27,2026-05-27T13:26:58.355193+00:00,10726,valencia_46001,10.74,1.79,6.0,l,,True
2026-05-27,2026-05-27T13:26:58.355193+00:00,10730,valencia_46001,5.46,0.91,6.0,l,,True
2026-05-27,2026-05-27T13:26:58.355193+00:00,10731,valencia_46001,0.91,0.91,1.0,l,,True
2026-05-27,2026-05-27T13:26:58.355193+00:00,10732,valencia_46001,1.9,1.58,1.2,l,,True
2026-05-27,2026-05-27T13:26:58.355193+00:00,10781,valencia_46001,1.89,1.89,1.0,l,,True
2026-05-27,2026-05-27T13:26:58.355193+00:00,10783,valencia_46001,1.71,1.43,1.2,l,,True
2026-05-27,2026-05-27T13:26:58.355193+00:00,10794,valencia_46001,1.64,1.37,1.2,l,,True
2026-05-27,2026-05-27T13:26:58.355193+00:00,10801,valencia_46001,1.13,1.13,1.0,l,,True
2026-05-27,2026-05-27T13:26:58.355193+00:00,10806,valencia_46001,11.82,1.97,6.0,l,,True
2026-05-27,2026-05-27T13:26:58.355193+00:00,10812,valencia_46001,1.97,1.97,1.0,l,,True
2026-05-27,2026-05-27T13:26:58.355193+00:00,10814,valencia_46001,7.8,1.3,6.0,l,,True
2026-05-27,2026-05-27T13:26:58.355193+00:00,10820,valencia_46001,11.34,1.89,6.0,l,,True
2026-05-27,2026-05-27T13:26:58.355193+00:00,10826,valencia_46001,1.3,1.3,1.0,l,,True
2026-05-27,2026-05-27T13:26:58.355193+00:00,10845,valencia_46001,7.02,1.17,6.0,l,,True
2026-05-27,2026-05-27T13:26:58.355193+00:00,10846,valencia_46001,1.17,1.17,1.0,l,,True
2026-05-27,2026-05-27T13:26:58.355193+00:00,10884,valencia_46001,1.69,1.69,1.0,l,,True
2026-05-27,2026-05-27T13:26:58.355193+00:00,10922,valencia_46001,1.09,1.09,1.0,l,,True
2026-05-27,2026-05-27T13:26:58.355193+00:00,10933,valencia_46001,1.15,1.15,1.0,l,,True
2026-05-27,2026-05-27T13:26:58.355193+00:00,11021,valencia_46001,6.8,13.6,0.5,kg,,True
2026-05-27,2026-05-27T13:26:58.355193+00:00,11049,valencia_46001,1.1,55.0,0.02,kg,,True
2026-05-27,2026-05-27T13:26:58.355193+00:00,11051,valencia_46001,1.2,60.0,0.02,kg,,True
2026-05-27,2026-05-27T13:26:58.355193+00:00,11097,valencia_46001,1.0,0.67,1.5,l,,True
2026-05-27,2026-05-27T13:26:58.355193+00:00,11101,valencia_46001,7.45,37.25,0.2,kg,,True
2026-05-27,2026-05-27T13:26:58.355193+00:00,11104,valencia_46001,5.4,54.0,0.1,kg,,True
2026-05-27,2026-05-27T13:26:58.355193+00:00,11111,valencia_46001,5.4,54.0,0.1,kg,,True
2026-05-27,2026-05-27T13:26:58.355193+00:00,11123,valencia_46001,2.9,36.25,0.08,kg,,True
2026-05-27,2026-05-27T13:26:58.355193+00:00,11136,valencia_46001,7.45,37.25,0.2,kg,,True
2026-05-27,2026-05-27T13:26:58.355193+00:00,11168,valencia_46001,0.65,24.07,0.027,kg,,True
2026-05-27,2026-05-27T13:26:58.355193+00:00,11171,valencia_46001,2.5,10.0,0.25,kg,,True
2026-05-27,2026-05-27T13:26:58.355193+00:00,11172,valencia_46001,2.5,10.0,0.25,kg,,True
2026-05-27,2026-05-27T13:26:58.355193+00:00,11175,valencia_46001,1.35,33.75,0.04,kg,,True
2026-05-27,2026-05-27T13:26:58.355193+00:00,11178,valencia_46001,4.5,9.0,0.5,kg,,True
2026-05-27,2026-05-27T13:26:58.355193+00:00,11187,valencia_46001,2.15,14.33,0.15,kg,,True
2026-05-27,2026-05-27T13:26:58.355193+00:00,11307,valencia_46001,1.5,41.67,0.036,kg,,True
2026-05-27,2026-05-27T13:26:58.355193+00:00,11319,valencia_46001,1.5,41.67,0.036,kg,,True
2026-05-27,2026-05-27T13:26:58.355193+00:00,11400,valencia_46001,1.35,33.75,0.04,kg,,True
2026-05-27,2026-05-27T13:26:58.355193+00:00,11408,valencia_46001,1.05,35.0,0.03,kg,,True
2026-05-27,2026-05-27T13:26:58.355193+00:00,11415,valencia_46001,1.4,46.67,0.03,kg,,True
2026-05-27,2026-05-27T13:26:58.355193+00:00,11427,valencia_46001,1.05,35.0,0.03,kg,,True
2026-05-27,2026-05-27T13:26:58.355193+00:00,11430,valencia_46001,0.85,32.69,0.026,kg,,True
2026-05-27,2026-05-27T13:26:58.355193+00:00,11431,valencia_46001,0.85,35.42,0.024,kg,,True
2026-05-27,2026-05-27T13:26:58.355193+00:00,11433,valencia_46001,1.15,28.75,0.04,kg,,True
2026-05-27,2026-05-27T13:26:58.355193+00:00,11438,valencia_46001,1.35,39.71,0.034,kg,,True
2026-05-27,2026-05-27T13:26:58.355193+00:00,11447,valencia_46001,1.05,35.0,0.03,kg,,True
2026-05-27,2026-05-27T13:26:58.355193+00:00,11453,valencia_46001,1.05,43.75,0.024,kg,,True
2026-05-27,2026-05-27T13:26:58.355193+00:00,11454,valencia_46001,1.15,44.23,0.026,kg,,True
2026-05-27,2026-05-27T13:26:58.355193+00:00,11468,valencia_46001,1.05,26.25,0.04,kg,,True
2026-05-27,2026-05-27T13:26:58.355193+00:00,11470,valencia_46001,1.05,35.0,0.03,kg,,True
2026-05-27,2026-05-27T13:26:58.355193+00:00,11489,valencia_46001,1.6,64.0,0.025,l,,True
2026-05-27,2026-05-27T13:26:58.355193+00:00,11507,valencia_46001,2.5,20.0,0.125,kg,,True
2026-05-27,2026-05-27T13:26:58.355193+00:00,11509,valencia_46001,1.0,0.67,1.5,l,,True
2026-05-27,2026-05-27T13:26:58.355193+00:00,11511,valencia_46001,2.5,12.5,0.2,kg,,True
2026-05-27,2026-05-27T13:26:58.355193+00:00,11513,valencia_46001,1.7,5.67,0.3,kg,,True
2026-05-27,2026-05-27T13:26:58.355193+00:00,11516,valencia_46001,2.6,8.67,0.3,kg,,True
2026-05-27,2026-05-27T13:26:58.355193+00:00,11521,valencia_46001,1.7,9.44,1.8,kg,,True
2026-05-27,2026-05-27T13:26:58.355193+00:00,11522,valencia_46001,1.0,10.0,0.1,kg,,True
2026-05-27,2026-05-27T13:26:58.355193+00:00,11523,valencia_46001,1.4,0.14,1.0,ud,,True
2026-05-27,2026-05-27T13:26:58.355193+00:00,11529,valencia_46001,1.25,1.25,1.0,ud,,True
2026-05-27,2026-05-27T13:26:58.355193+00:00,11530,valencia_46001,1.25,1.25,1.0,ud,,True
2026-05-27,2026-05-27T13:26:58.355193+00:00,11531,valencia_46001,1.25,1.25,1.0,ud,,True
2026-05-27,2026-05-27T13:26:58.355193+00:00,11532,valencia_46001,1.25,1.25,1.0,ud,,True
2026-05-27,2026-05-27T13:26:58.355193+00:00,11533,valencia_46001,1.25,1.25,1.0,ud,,True
2026-05-27,2026-05-27T13:26:58.355193+00:00,11534,valencia_46001,1.25,1.25,1.0,ud,,True
2026-05-27,2026-05-27T13:26:58.355193+00:00,11535,valencia_46001,1.25,1.25,1.0,ud,,True
2026-05-27,2026-05-27T13:26:58.355193+00:00,11536,valencia_46001,1.25,1.25,1.0,ud,,True
2026-05-27,2026-05-27T13:26:58.355193+00:00,11537,valencia_46001,1.25,1.25,1.0,ud,,True
2026-05-27,2026-05-27T13:26:58.355193+00:00,11538,valencia_46001,1.25,1.25,1.0,ud,,True
2026-05-27,2026-05-27T13:26:58.355193+00:00,11550,valencia_46001,1.4,2.86,0.49,l,,True
2026-05-27,2026-05-27T13:26:58.355193+00:00,11551,valencia_46001,1.35,2.76,0.49,l,,True
2026-05-27,2026-05-27T13:26:58.355193+00:00,11552,valencia_46001,1.5,3.06,0.49,l,,True
2026-05-27,2026-05-27T13:26:58.355193+00:00,11553,valencia_46001,16.95,0.29,58.0,ud,,True
2026-05-27,2026-05-27T13:26:58.355193+00:00,11556,valencia_46001,18.95,0.39,48.0,ud,,True
2026-05-27,2026-05-27T13:26:58.355193+00:00,11564,valencia_46001,1.3,0.87,1.5,l,,True
2026-05-27,2026-05-27T13:26:58.355193+00:00,11565,valencia_46001,1.45,3.45,0.42,kg,,True
2026-05-27,2026-05-27T13:26:58.355193+00:00,11567,valencia_46001,4.95,12.38,0.4,l,,True
2026-05-27,2026-05-27T13:26:58.355193+00:00,11585,valencia_46001,1.9,4.75,0.4,l,,True
2026-05-27,2026-05-27T13:26:58.355193+00:00,11586,valencia_46001,6.0,60.0,0.1,l,,True
2026-05-27,2026-05-27T13:26:58.355193+00:00,11599,valencia_46001,0.85,10.63,0.08,kg,,True
2026-05-27,2026-05-27T13:26:58.355193+00:00,11600,valencia_46001,2.5,8.33,0.3,kg,,True
2026-05-27,2026-05-27T13:26:58.355193+00:00,11601,valencia_46001,2.0,11.76,0.17,kg,,True
2026-05-27,2026-05-27T13:26:58.355193+00:00,11606,valencia_46001,3.0,0.25,1.0,ud,,True
2026-05-27,2026-05-27T13:26:58.355193+00:00,11607,valencia_46001,3.2,0.27,1.0,ud,,True
2026-05-27,2026-05-27T13:26:58.355193+00:00,11609,valencia_46001,1.85,4.63,0.4,kg,,True
2026-05-27,2026-05-27T13:26:58.355193+00:00,11617,valencia_46001,1.9,4.22,0.45,kg,,True
2026-05-27,2026-05-27T13:26:58.355193+00:00,11620,valencia_46001,6.88,2.61,2.64,l,,True
2026-05-27,2026-05-27T13:26:58.355193+00:00,11621,valencia_46001,0.91,2.76,0.33,l,,True
2026-05-27,2026-05-27T13:26:58.355193+00:00,11628,valencia_46001,1.7,4.86,0.35,kg,,True
2026-05-27,2026-05-27T13:26:58.355193+00:00,11629,valencia_46001,6.0,200.0,0.03,l,,True
2026-05-27,2026-05-27T13:26:58.355193+00:00,11630,valencia_46001,2.35,5.88,0.4,kg,,True
2026-05-27,2026-05-27T13:26:58.355193+00:00,11636,valencia_46001,4.0,4.0,1.0,ud,,True
2026-05-27,2026-05-27T13:26:58.355193+00:00,11638,valencia_46001,4.0,4.0,1.0,ud,,True
2026-05-27,2026-05-27T13:26:58.355193+00:00,11641,valencia_46001,4.0,4.0,1.0,ud,,True
2026-05-27,2026-05-27T13:26:58.355193+00:00,11642,valencia_46001,4.0,4.0,1.0,ud,,True
2026-05-27,2026-05-27T13:26:58.355193+00:00,11643,valencia_46001,4.0,4.0,1.0,ud,,True
2026-05-27,2026-05-27T13:26:58.355193+00:00,11646,valencia_46001,0.55,7.64,0.072,kg,,True
2026-05-27,2026-05-27T13:26:58.355193+00:00,11653,valencia_46001,1.0,0.1,1.0,ud,,True
2026-05-27,2026-05-27T13:26:58.355193+00:00,11661,valencia_46001,1.8,1.13,1.6,l,,True
2026-05-27,2026-05-27T13:26:58.355193+00:00,11663,valencia_46001,4.5,4.5,1.0,ud,,True
2026-05-27,2026-05-27T13:26:58.355193+00:00,11664,valencia_46001,3.4,1.13,3.0,l,,True
2026-05-27,2026-05-27T13:26:58.355193+00:00,11670,valencia_46001,2.6,5.53,0.47,kg,,True
2026-05-27,2026-05-27T13:26:58.355193+00:00,11672,valencia_46001,4.56,16.3,0.28,kg,,True
2026-05-27,2026-05-27T13:26:58.355193+00:00,11681,valencia_46001,2.5,0.05,50.0,ud,,True
2026-05-27,2026-05-27T13:26:58.355193+00:00,11682,valencia_46001,4.83,14.65,0.33,kg,,True
2026-05-27,2026-05-27T13:26:58.355193+00:00,11687,valencia_46001,3.1,8.61,0.36,kg,,True
2026-05-27,2026-05-27T13:26:58.355193+00:00,11688,valencia_46001,1.99,1.33,1.5,l,,True
2026-05-27,2026-05-27T13:26:58.355193+00:00,11690,valencia_46001,6.8,2.58,2.64,l,,True
2026-05-27,2026-05-27T13:26:58.355193+00:00,11691,valencia_46001,0.99,3.0,0.33,l,,True
2026-05-27,2026-05-27T13:26:58.355193+00:00,11714,valencia_46001,3.6,14.4,0.25,kg,,True
2026-05-27,2026-05-27T13:26:58.355193+00:00,11715,valencia_46001,3.7,14.8,0.25,kg,,True
2026-05-27,2026-05-27T13:26:58.355193+00:00,11730,valencia_46001,3.4,0.11,0.224,kg,,True
2026-05-27,2026-05-27T13:26:58.355193+00:00,11740,valencia_46001,3.4,13.6,0.25,kg,,True
2026-05-27,2026-05-27T13:26:58.355193+00:00,11745,valencia_46001,3.9,15.6,0.25,kg,,True
2026-05-27,2026-05-27T13:26:58.355193+00:00,11753,valencia_46001,3.95,15.8,0.25,kg,,True
2026-05-27,2026-05-27T13:26:58.355193+00:00,11770,valencia_46001,3.0,0.09,0.224,kg,,True
2026-05-27,2026-05-27T13:26:58.355193+00:00,11777,valencia_46001,3.3,0.1,0.224,kg,,True
2026-05-27,2026-05-27T13:26:58.355193+00:00,11785,valencia_46001,4.95,0.31,0.1008,kg,,True
2026-05-27,2026-05-27T13:26:58.355193+00:00,11801,valencia_46001,4.95,0.31,0.16,kg,,True
2026-05-27,2026-05-27T13:26:58.355193+00:00,11810,valencia_46001,4.9,19.6,0.25,kg,,True
2026-05-27,2026-05-27T13:26:58.355193+00:00,11869,valencia_46001,4.95,0.31,0.0992,kg,,True
2026-05-27,2026-05-27T13:26:58.355193+00:00,11871,valencia_46001,5.89,0.37,0.184,kg,,True
2026-05-27,2026-05-27T13:26:58.355193+00:00,11873,valencia_46001,5.89,0.37,0.1184,kg,,True
2026-05-27,2026-05-27T13:26:58.355193+00:00,11918,valencia_46001,4.95,0.31,0.128,kg,,True
2026-05-27,2026-05-27T13:26:58.355193+00:00,11925,valencia_46001,1.25,1.04,1.2,l,,True
2026-05-27,2026-05-27T13:26:58.355193+00:00,11931,valencia_46001,4.95,0.31,0.112,kg,,True
2026-05-27,2026-05-27T13:26:58.355193+00:00,11933,valencia_46001,3.75,375.0,0.01,kg,,True
2026-05-27,2026-05-27T13:26:58.355193+00:00,11934,valencia_46001,1.3,6.84,0.19,kg,,True
2026-05-27,2026-05-27T13:26:58.355193+00:00,11941,valencia_46001,5.0,100.0,0.05,l,,True
2026-05-27,2026-05-27T13:26:58.355193+00:00,11946,valencia_46001,2.75,8.73,0.315,kg,,True
2026-05-27,2026-05-27T13:26:58.355193+00:00,11958,valencia_46001,2.15,5.0,0.43,kg,,True
2026-05-27,2026-05-27T13:26:58.355193+00:00,11959,valencia_46001,0.9,18.0,0.05,l,,True
2026-05-27,2026-05-27T13:26:58.355193+00:00,11960,valencia_46001,2.4,12.0,0.2,kg,,True
2026-05-27,2026-05-27T13:26:58.355193+00:00,11963,valencia_46001,1.35,16.88,0.08,kg,,True
2026-05-27,2026-05-27T13:26:58.355193+00:00,11966,valencia_46001,3.5,70.0,0.05,kg,,True
2026-05-27,2026-05-27T13:26:58.355193+00:00,11967,valencia_46001,2.25,0.11,1.0,ud,,True
2026-05-27,2026-05-27T13:26:58.355193+00:00,11968,valencia_46001,2.25,3.0,0.75,l,,True
2026-05-27,2026-05-27T13:26:58.355193+00:00,11969,valencia_46001,1.5,7.5,0.2,kg,,True
2026-05-27,2026-05-27T13:26:58.355193+00:00,11971,valencia_46001,1.05,35.0,0.03,kg,,True
2026-05-27,2026-05-27T13:26:58.355193+00:00,11972,valencia_46001,1.0,41.67,0.024,kg,,True
2026-05-27,2026-05-27T13:26:58.355193+00:00,11973,valencia_46001,1.5,7.5,0.2,kg,,True
2026-05-27,2026-05-27T13:26:58.355193+00:00,11984,valencia_46001,0.9,18.0,0.05,l,,True
2026-05-27,2026-05-27T13:26:58.355193+00:00,11985,valencia_46001,0.9,18.0,0.05,l,,True
2026-05-27,2026-05-27T13:26:58.355193+00:00,11986,valencia_46001,0.9,18.0,0.05,l,,True
2026-05-27,2026-05-27T13:26:58.355193+00:00,11994,valencia_46001,2.75,7.86,0.35,kg,,True
2026-05-27,2026-05-27T13:26:58.355193+00:00,12016,valencia_46001,3.95,13.17,0.3,kg,,True
2026-05-27,2026-05-27T13:26:58.355193+00:00,12020,valencia_46001,1.9,10.56,0.18,kg,,True
2026-05-27,2026-05-27T13:26:58.355193+00:00,12033,valencia_46001,4.2,1.06,3.96,l,,True
2026-05-27,2026-05-27T13:26:58.355193+00:00,12036,valencia_46001,0.35,1.06,0.33,l,,True
2026-05-27,2026-05-27T13:26:58.355193+00:00,12037,valencia_46001,2.0,10.0,0.2,kg,,True
2026-05-27,2026-05-27T13:26:58.355193+00:00,12049.1,valencia_46001,1.5,4.29,0.35,kg,,True
2026-05-27,2026-05-27T13:26:58.355193+00:00,12049.2,valencia_46001,1.5,4.29,0.35,kg,,True
2026-05-27,2026-05-27T13:26:58.355193+00:00,12051,valencia_46001,1.2,12.0,0.1,kg,,True
2026-05-27,2026-05-27T13:26:58.355193+00:00,12053,valencia_46001,2.05,8.2,0.25,kg,,True
2026-05-27,2026-05-27T13:26:58.355193+00:00,12056,valencia_46001,4.05,1.62,2.5,kg,,True
2026-05-27,2026-05-27T13:26:58.355193+00:00,12073,valencia_46001,1.95,8.13,0.24,kg,,True
2026-05-27,2026-05-27T13:26:58.355193+00:00,12076,valencia_46001,5.85,0.17,0.473,kg,,True
2026-05-27,2026-05-27T13:26:58.355193+00:00,12083,valencia_46001,3.4,5.67,0.6,kg,,True
2026-05-27,2026-05-27T13:26:58.355193+00:00,12084,valencia_46001,2.5,10.42,0.24,kg,,True
2026-05-27,2026-05-27T13:26:58.355193+00:00,12086,valencia_46001,2.45,12.25,0.2,kg,,True
2026-05-27,2026-05-27T13:26:58.355193+00:00,12087,valencia_46001,4.0,4.0,0.004,kg,,True
2026-05-27,2026-05-27T13:26:58.355193+00:00,12090,valencia_46001,4.0,4.0,0.004,kg,,True
2026-05-27,2026-05-27T13:26:58.355193+00:00,12091,valencia_46001,4.0,4.0,0.004,kg,,True
2026-05-27,2026-05-27T13:26:58.355193+00:00,12094,valencia_46001,2.0,10.0,0.2,kg,,True
2026-05-27,2026-05-27T13:26:58.355193+00:00,12107,valencia_46001,5.25,21.0,0.25,kg,,True
2026-05-27,2026-05-27T13:26:58.355193+00:00,12126,valencia_46001,5.25,17.5,0.3,kg,,True
2026-05-27,2026-05-27T13:26:58.355193+00:00,12130,valencia_46001,5.25,21.0,0.25,kg,,True
2026-05-27,2026-05-27T13:26:58.355193+00:00,12151,valencia_46001,1.95,13.0,0.15,kg,,True
2026-05-27,2026-05-27T13:26:58.355193+00:00,12171,valencia_46001,2.2,11.0,0.2,kg,,True
2026-05-27,2026-05-27T13:26:58.355193+00:00,12282,valencia_46001,3.2,25.6,0.125,kg,,True
2026-05-27,2026-05-27T13:26:58.355193+00:00,12347,valencia_46001,2.05,8.2,0.25,kg,,True
2026-05-27,2026-05-27T13:26:58.355193+00:00,12348,valencia_46001,2.05,8.2,0.25,kg,,True
2026-05-27,2026-05-27T13:26:58.355193+00:00,12362,valencia_46001,1.9,31.67,0.06,kg,,True
2026-05-27,2026-05-27T13:26:58.355193+00:00,12421,valencia_46001,1.65,33.0,0.05,kg,,True
2026-05-27,2026-05-27T13:26:58.355193+00:00,12431,valencia_46001,2.4,12.0,0.2,kg,,True
2026-05-27,2026-05-27T13:26:58.355193+00:00,12471,valencia_46001,4.2,19.44,0.216,kg,,True
2026-05-27,2026-05-27T13:26:58.355193+00:00,12476,valencia_46001,1.05,10.5,0.1,kg,,True
2026-05-27,2026-05-27T13:26:58.355193+00:00,12493,valencia_46001,3.5,17.5,0.2,kg,,True
2026-05-27,2026-05-27T13:26:58.355193+00:00,12495,valencia_46001,3.25,16.25,0.2,kg,,True
2026-05-27,2026-05-27T13:26:58.355193+00:00,12524,valencia_46001,2.3,23.0,0.1,kg,,True
2026-05-27,2026-05-27T13:26:58.355193+00:00,12526,valencia_46001,2.8,14.0,0.2,kg,,True
2026-05-27,2026-05-27T13:26:58.355193+00:00,12530,valencia_46001,3.25,16.25,0.2,kg,,True
2026-05-27,2026-05-27T13:26:58.355193+00:00,12531,valencia_46001,2.25,11.25,0.2,kg,,True
2026-05-27,2026-05-27T13:26:58.355193+00:00,12533,valencia_46001,2.25,11.25,0.2,kg,,True
2026-05-27,2026-05-27T13:26:58.355193+00:00,12543,valencia_46001,2.25,11.25,0.2,kg,,True
2026-05-27,2026-05-27T13:26:58.355193+00:00,12544,valencia_46001,2.75,11.0,0.25,kg,,True
2026-05-27,2026-05-27T13:26:58.355193+00:00,12562,valencia_46001,1.8,14.4,0.125,kg,,True
2026-05-27,2026-05-27T13:26:58.355193+00:00,12586,valencia_46001,2.4,24.0,0.1,kg,,True
2026-05-27,2026-05-27T13:26:58.355193+00:00,12746,valencia_46001,9.72,16.2,0.6,kg,,True
2026-05-27,2026-05-27T13:26:58.355193+00:00,12747,valencia_46001,2.5,10.0,0.25,kg,,True
2026-05-27,2026-05-27T13:26:58.355193+00:00,12753,valencia_46001,2.5,2.5,1.0,kg,,True
2026-05-27,2026-05-27T13:26:58.355193+00:00,12754,valencia_46001,2.8,2.8,3.0,ud,,True
2026-05-27,2026-05-27T13:26:58.355193+00:00,12756,valencia_46001,2.0,2.5,0.8,kg,,True
2026-05-27,2026-05-27T13:26:58.355193+00:00,12764,valencia_46001,3.35,4.04,0.83,kg,,True
2026-05-27,2026-05-27T13:26:58.355193+00:00,12766,valencia_46001,1.6,17.2,0.093,kg,,True
2026-05-27,2026-05-27T13:26:58.355193+00:00,12771,valencia_46001,1.6,17.2,0.093,kg,,True
2026-05-27,2026-05-27T13:26:58.355193+00:00,12779,valencia_46001,1.3,0.11,1.0,ud,,True
2026-05-27,2026-05-27T13:26:58.355193+00:00,12782,valencia_46001,2.2,6.29,0.35,kg,,True
2026-05-27,2026-05-27T13:26:58.355193+00:00,12784,valencia_46001,1.95,12.19,0.16,kg,,True
2026-05-27,2026-05-27T13:26:58.355193+00:00,12792,valencia_46001,3.66,6.9,0.53,kg,,True
2026-05-27,2026-05-27T13:26:58.355193+00:00,12793,valencia_46001,3.24,6.9,0.47,kg,,True
2026-05-27,2026-05-27T13:26:58.355193+00:00,12794,valencia_46001,3.2,13.33,0.24,kg,,True
2026-05-27,2026-05-27T13:26:58.355193+00:00,12809,valencia_46001,3.2,7.8,0.41,kg,,True
2026-05-27,2026-05-27T13:26:58.355193+00:00,12818,valencia_46001,2.35,2.35,1.0,ud,,True
2026-05-27,2026-05-27T13:26:58.355193+00:00,12819,valencia_46001,4.75,4.75,0.012,l,,True
2026-05-27,2026-05-27T13:26:58.355193+00:00,12821,valencia_46001,3.35,6.7,0.5,l,,True
2026-05-27,2026-05-27T13:26:58.355193+00:00,12825,valencia_46001,4.75,4.75,0.012,l,,True
2026-05-27,2026-05-27T13:26:58.355193+00:00,12826,valencia_46001,5.5,110.0,0.05,l,,True
2026-05-27,2026-05-27T13:26:58.355193+00:00,12830,valencia_46001,5.5,110.0,0.05,l,,True
2026-05-27,2026-05-27T13:26:58.355193+00:00,12832,valencia_46001,4.75,4.75,0.012,l,,True
2026-05-27,2026-05-27T13:26:58.355193+00:00,12833,valencia_46001,4.75,4.75,0.012,l,,True
2026-05-27,2026-05-27T13:26:58.355193+00:00,12836,valencia_46001,3.45,1.15,1.0,ud,,True
2026-05-27,2026-05-27T13:26:58.355193+00:00,12838,valencia_46001,24.0,24.0,1.0,ud,,True
2026-05-27,2026-05-27T13:26:58.355193+00:00,12846,valencia_46001,2.6,13.0,0.2,kg,,True
2026-05-27,2026-05-27T13:26:58.355193+00:00,12847,valencia_46001,1.6,5.16,0.31,l,,True
2026-05-27,2026-05-27T13:26:58.355193+00:00,12848,valencia_46001,5.0,100.0,0.05,l,,True
2026-05-27,2026-05-27T13:26:58.355193+00:00,12853,valencia_46001,6.5,32.5,0.2,l,,True
2026-05-27,2026-05-27T13:26:58.355193+00:00,12856,valencia_46001,12.5,17.86,0.7,l,,True
2026-05-27,2026-05-27T13:26:58.355193+00:00,12858,valencia_46001,10.0,10.0,1.0,ud,,True
2026-05-27,2026-05-27T13:26:58.355193+00:00,12866,valencia_46001,1.6,2.13,0.75,l,,True
2026-05-27,2026-05-27T13:26:58.355193+00:00,12874,valencia_46001,4.33,7.6,0.57,kg,,True
2026-05-27,2026-05-27T13:26:58.355193+00:00,12888,valencia_46001,1.75,9.83,0.178,kg,,True
2026-05-27,2026-05-27T13:26:58.355193+00:00,12890,valencia_46001,1.75,9.83,0.178,kg,,True
2026-05-27,2026-05-27T13:26:58.355193+00:00,12893,valencia_46001,2.0,68.97,0.029,kg,,True
2026-05-27,2026-05-27T13:26:58.355193+00:00,12894,valencia_46001,1.6,64.0,0.025,l,,True
2026-05-27,2026-05-27T13:26:58.355193+00:00,12895,valencia_46001,2.3,0.12,1.0,ud,,True
2026-05-27,2026-05-27T13:26:58.355193+00:00,12896,valencia_46001,3.05,0.1,1.0,ud,,True
2026-05-27,2026-05-27T13:26:58.355193+00:00,12897,valencia_46001,2.2,0.15,1.0,ud,,True
2026-05-27,2026-05-27T13:26:58.355193+00:00,12899,valencia_46001,1.1,2.78,0.395,kg,,True
2026-05-27,2026-05-27T13:26:58.355193+00:00,12900,valencia_46001,1.75,2.19,0.8,kg,,True
2026-05-27,2026-05-27T13:26:58.355193+00:00,12901,valencia_46001,1.7,17.0,0.1,l,,True
2026-05-27,2026-05-27T13:26:58.355193+00:00,12902,valencia_46001,1.75,8.75,0.2,l,,True
2026-05-27,2026-05-27T13:26:58.355193+00:00,12906,valencia_46001,5.0,5.0,1.0,ud,,True
2026-05-27,2026-05-27T13:26:58.355193+00:00,12907,valencia_46001,3.0,75.0,0.04,kg,,True
2026-05-27,2026-05-27T13:26:58.355193+00:00,12908,valencia_46001,2.5,62.5,0.04,kg,,True
2026-05-27,2026-05-27T13:26:58.355193+00:00,12912,valencia_46001,3.55,0.44,1.0,ud,,True
2026-05-27,2026-05-27T13:26:58.355193+00:00,12914,valencia_46001,2.4,0.08,1.0,ud,,True
2026-05-27,2026-05-27T13:26:58.355193+00:00,12946,valencia_46001,1.35,13.5,0.1,kg,,True
2026-05-27,2026-05-27T13:26:58.355193+00:00,12960,valencia_46001,0.9,9.0,0.1,kg,,True
2026-05-27,2026-05-27T13:26:58.355193+00:00,12968,valencia_46001,3.35,16.75,0.2,l,,True
2026-05-27,2026-05-27T13:26:58.355193+00:00,12972,valencia_46001,1.1,4.4,0.25,kg,,True
2026-05-27,2026-05-27T13:26:58.355193+00:00,12984,valencia_46001,5.5,5.5,1.0,ud,,True
2026-05-27,2026-05-27T13:26:58.355193+00:00,12988,valencia_46001,5.0,5.0,1.0,ud,,True
2026-05-27,2026-05-27T13:26:58.355193+00:00,12989,valencia_46001,5.0,5.0,1.0,ud,,True
2026-05-27,2026-05-27T13:26:58.355193+00:00,12990,valencia_46001,5.0,5.0,1.0,ud,,True
2026-05-27,2026-05-27T13:26:58.355193+00:00,12992,valencia_46001,5.0,5.0,1.0,ud,,True
2026-05-27,2026-05-27T13:26:58.355193+00:00,12993,valencia_46001,5.0,5.0,1.0,ud,,True
2026-05-27,2026-05-27T13:26:58.355193+00:00,12994,valencia_46001,5.0,5.0,1.0,ud,,True
2026-05-27,2026-05-27T13:26:58.355193+00:00,12995,valencia_46001,5.0,5.0,1.0,ud,,True
2026-05-27,2026-05-27T13:26:58.355193+00:00,12996,valencia_46001,1.0,12.5,0.08,kg,,True
2026-05-27,2026-05-27T13:26:58.355193+00:00,13019,valencia_46001,5.0,13.05,0.383,kg,,True
2026-05-27,2026-05-27T13:26:58.355193+00:00,13021,valencia_46001,7.0,9.21,0.76,kg,,True
2026-05-27,2026-05-27T13:26:58.355193+00:00,13023,valencia_46001,8.0,80.0,0.1,l,,True
2026-05-27,2026-05-27T13:26:58.355193+00:00,13026,valencia_46001,6.0,6.0,0.01,kg,,True
2026-05-27,2026-05-27T13:26:58.355193+00:00,13029,valencia_46001,6.0,6.0,0.01,kg,,True
2026-05-27,2026-05-27T13:26:58.355193+00:00,13030,valencia_46001,6.0,6.0,0.01,kg,,True
2026-05-27,2026-05-27T13:26:58.355193+00:00,13033,valencia_46001,6.0,6.0,0.01,kg,,True
2026-05-27,2026-05-27T13:26:58.355193+00:00,13037,valencia_46001,4.9,4.9,1.0,kg,,True
2026-05-27,2026-05-27T13:26:58.355193+00:00,13038,valencia_46001,2.8,5.6,0.5,kg,,True
2026-05-27,2026-05-27T13:26:58.355193+00:00,13040,valencia_46001,1.15,3.83,0.3,l,,True
2026-05-27,2026-05-27T13:26:58.355193+00:00,13041,valencia_46001,4.0,4.0,1.0,ud,,True
2026-05-27,2026-05-27T13:26:58.355193+00:00,13042,valencia_46001,1.6,5.33,0.3,kg,,True
2026-05-27,2026-05-27T13:26:58.355193+00:00,13045,valencia_46001,1.3,1.3,1.0,kg,,True
2026-05-27,2026-05-27T13:26:58.355193+00:00,13046,valencia_46001,4.28,6.2,0.69,kg,,True
2026-05-27,2026-05-27T13:26:58.355193+00:00,13053,valencia_46001,1.7,10.63,0.18,kg,,True
2026-05-27,2026-05-27T13:26:58.355193+00:00,13055,valencia_46001,2.1,52.5,0.04,l,,True
2026-05-27,2026-05-27T13:26:58.355193+00:00,13056,valencia_46001,2.1,52.5,0.04,l,,True
2026-05-27,2026-05-27T13:26:58.355193+00:00,13057,valencia_46001,1.7,22.67,0.075,l,,True
2026-05-27,2026-05-27T13:26:58.355193+00:00,13064,valencia_46001,1.8,4.5,0.4,l,,True
2026-05-27,2026-05-27T13:26:58.355193+00:00,13065,valencia_46001,1.95,4.88,0.4,l,,True
2026-05-27,2026-05-27T13:26:58.355193+00:00,13066,valencia_46001,2.65,6.63,0.4,l,,True
2026-05-27,2026-05-27T13:26:58.355193+00:00,13069,valencia_46001,1.2,8.0,0.15,kg,,True
2026-05-27,2026-05-27T13:26:58.355193+00:00,13204,valencia_46001,6.4,6.4,1.0,kg,,True
2026-05-27,2026-05-27T13:26:58.355193+00:00,13216,valencia_46001,4.05,10.38,0.39,kg,,True
2026-05-27,2026-05-27T13:26:58.355193+00:00,13232,valencia_46001,10.75,10.75,0.31,kg,,True
2026-05-27,2026-05-27T13:26:58.355193+00:00,13233,valencia_46001,6.75,6.75,0.16,kg,,True
2026-05-27,2026-05-27T13:26:58.355193+00:00,13234,valencia_46001,8.75,8.75,0.35,kg,,True
2026-05-27,2026-05-27T13:26:58.355193+00:00,13235,valencia_46001,4.5,4.5,0.3,kg,,True
2026-05-27,2026-05-27T13:26:58.355193+00:00,13236,valencia_46001,5.0,5.0,0.3,kg,,True
2026-05-27,2026-05-27T13:26:58.355193+00:00,13237,valencia_46001,5.5,5.5,0.4,kg,,True
2026-05-27,2026-05-27T13:26:58.355193+00:00,13240,valencia_46001,4.0,4.0,0.25,kg,,True
2026-05-27,2026-05-27T13:26:58.355193+00:00,13241,valencia_46001,4.0,4.0,0.366,kg,,True
2026-05-27,2026-05-27T13:26:58.355193+00:00,13242,valencia_46001,5.5,5.5,0.3,kg,,True
2026-05-27,2026-05-27T13:26:58.355193+00:00,13243,valencia_46001,5.75,5.75,0.4,kg,,True
2026-05-27,2026-05-27T13:26:58.355193+00:00,13250,valencia_46001,4.0,4.0,0.25,kg,,True
2026-05-27,2026-05-27T13:26:58.355193+00:00,13251,valencia_46001,3.0,3.0,0.16,kg,,True
2026-05-27,2026-05-27T13:26:58.355193+00:00,13294,valencia_46001,1.6,2.13,0.75,l,,True
2026-05-27,2026-05-27T13:26:58.355193+00:00,13295,valencia_46001,1.75,1.75,1.0,ud,,True
2026-05-27,2026-05-27T13:26:58.355193+00:00,13296,valencia_46001,6.9,0.16,42.0,ud,,True
2026-05-27,2026-05-27T13:26:58.355193+00:00,13297,valencia_46001,6.95,0.15,45.0,ud,,True
2026-05-27,2026-05-27T13:26:58.355193+00:00,13298,valencia_46001,5.85,0.17,34.0,ud,,True
2026-05-27,2026-05-27T13:26:58.355193+00:00,13299,valencia_46001,16.95,0.17,102.0,ud,,True
2026-05-27,2026-05-27T13:26:58.355193+00:00,13301,valencia_46001,6.05,0.2,30.0,ud,,True
2026-05-27,2026-05-27T13:26:58.355193+00:00,13321,valencia_46001,17.5,0.19,90.0,ud,,True
2026-05-27,2026-05-27T13:26:58.355193+00:00,13324,valencia_46001,6.3,0.29,22.0,ud,,True
2026-05-27,2026-05-27T13:26:58.355193+00:00,13326,valencia_46001,1.6,3.81,0.42,kg,,True
2026-05-27,2026-05-27T13:26:58.355193+00:00,13327,valencia_46001,1.35,3.21,0.42,kg,,True
2026-05-27,2026-05-27T13:26:58.355193+00:00,13328,valencia_46001,1.3,3.1,0.42,kg,,True
2026-05-27,2026-05-27T13:26:58.355193+00:00,13330,valencia_46001,3.75,12.5,0.3,kg,,True
2026-05-27,2026-05-27T13:26:58.355193+00:00,13372,valencia_46001,1.05,8.08,0.13,kg,,True
2026-05-27,2026-05-27T13:26:58.355193+00:00,13404,valencia_46001,2.1,4.67,0.45,kg,,True
2026-05-27,2026-05-27T13:26:58.355193+00:00,13406,valencia_46001,1.3,2.6,0.5,l,,True
2026-05-27,2026-05-27T13:26:58.355193+00:00,13413,valencia_46001,4.7,9.79,0.48,kg,,True
2026-05-27,2026-05-27T13:26:58.355193+00:00,13422,valencia_46001,2.85,2.91,0.96,kg,,True
2026-05-27,2026-05-27T13:26:58.355193+00:00,13428,valencia_46001,11.0,110.0,0.1,l,,True
2026-05-27,2026-05-27T13:26:58.355193+00:00,13435,valencia_46001,5.5,55.0,0.1,l,,True
2026-05-27,2026-05-27T13:26:58.355193+00:00,13436,valencia_46001,11.0,110.0,0.1,l,,True
2026-05-27,2026-05-27T13:26:58.355193+00:00,13437,valencia_46001,11.0,110.0,0.1,l,,True
2026-05-27,2026-05-27T13:26:58.355193+00:00,13441,valencia_46001,1.5,6.0,0.25,kg,,True
2026-05-27,2026-05-27T13:26:58.355193+00:00,13444,valencia_46001,1.5,6.0,0.25,kg,,True
2026-05-27,2026-05-27T13:26:58.355193+00:00,13445,valencia_46001,1.15,3.83,0.3,kg,,True
2026-05-27,2026-05-27T13:26:58.355193+00:00,13446,valencia_46001,1.55,3.88,0.4,kg,,True
2026-05-27,2026-05-27T13:26:58.355193+00:00,13450,valencia_46001,1.42,14.2,0.1,kg,,True
2026-05-27,2026-05-27T13:26:58.355193+00:00,13451,valencia_46001,1.05,5.25,0.2,kg,,True
2026-05-27,2026-05-27T13:26:58.355193+00:00,13494,valencia_46001,1.75,14.58,0.12,kg,,True
2026-05-27,2026-05-27T13:26:58.355193+00:00,13496,valencia_46001,2.0,5.71,0.35,kg,,True
2026-05-27,2026-05-27T13:26:58.355193+00:00,13499,valencia_46001,1.0,2.0,0.5,l,,True
2026-05-27,2026-05-27T13:26:58.355193+00:00,13502,valencia_46001,1.5,3.75,0.4,kg,,True
2026-05-27,2026-05-27T13:26:58.355193+00:00,13525,valencia_46001,1.2,0.12,1.0,ud,,True
2026-05-27,2026-05-27T13:26:58.355193+00:00,13556,valencia_46001,4.5,4.5,1.0,ud,,True
2026-05-27,2026-05-27T13:26:58.355193+00:00,13559,valencia_46001,4.9,4.9,1.0,ud,,True
2026-05-27,2026-05-27T13:26:58.355193+00:00,13568,valencia_46001,0.95,2.11,0.45,kg,,True
2026-05-27,2026-05-27T13:26:58.355193+00:00,13573,valencia_46001,0.7,0.14,1.0,ud,,True
2026-05-27,2026-05-27T13:26:58.355193+00:00,13574,valencia_46001,2.15,0.54,1.0,ud,,True
2026-05-27,2026-05-27T13:26:58.355193+00:00,13575,valencia_46001,4.8,4.8,1.0,ud,,True
2026-05-27,2026-05-27T13:26:58.355193+00:00,13576,valencia_46001,4.5,1.5,3.0,ud,,True
2026-05-27,2026-05-27T13:26:58.355193+00:00,13577,valencia_46001,0.8,1.6,0.5,kg,,True
2026-05-27,2026-05-27T13:26:58.355193+00:00,13592,valencia_46001,2.5,10.0,0.25,kg,,True
2026-05-27,2026-05-27T13:26:58.355193+00:00,13593,valencia_46001,4.8,9.6,0.5,kg,,True
2026-05-27,2026-05-27T13:26:58.355193+00:00,13596,valencia_46001,3.85,0.19,0.104,kg,,True
2026-05-27,2026-05-27T13:26:58.355193+00:00,13597,valencia_46001,1.4,9.33,0.15,kg,,True
2026-05-27,2026-05-27T13:26:58.355193+00:00,13598,valencia_46001,1.45,5.8,0.25,kg,,True
2026-05-27,2026-05-27T13:26:58.355193+00:00,13600,valencia_46001,1.7,5.45,0.312,kg,,True
2026-05-27,2026-05-27T13:26:58.355193+00:00,13607,valencia_46001,1.85,4.63,0.4,kg,,True
2026-05-27,2026-05-27T13:26:58.355193+00:00,13609,valencia_46001,2.1,8.4,0.25,l,,True
2026-05-27,2026-05-27T13:26:58.355193+00:00,13610,valencia_46001,3.0,4.29,0.7,l,,True
2026-05-27,2026-05-27T13:26:58.355193+00:00,13616,valencia_46001,11.0,110.0,0.1,l,,True
2026-05-27,2026-05-27T13:26:58.355193+00:00,13628,valencia_46001,2.7,11.25,0.24,kg,,True
2026-05-27,2026-05-27T13:26:58.355193+00:00,13631,valencia_46001,1.13,4.52,0.25,kg,,True
2026-05-27,2026-05-27T13:26:58.355193+00:00,13632,valencia_46001,2.6,10.83,0.24,kg,,True
2026-05-27,2026-05-27T13:26:58.355193+00:00,13633,valencia_46001,4.9,11.67,0.42,l,,True
2026-05-27,2026-05-27T13:26:58.355193+00:00,13634,valencia_46001,3.35,0.21,0.112,kg,,True
2026-05-27,2026-05-27T13:26:58.355193+00:00,13635,valencia_46001,3.35,0.21,0.112,kg,,True
2026-05-27,2026-05-27T13:26:58.355193+00:00,13636,valencia_46001,3.35,0.21,0.112,kg,,True
2026-05-27,2026-05-27T13:26:58.355193+00:00,13643,valencia_46001,4.8,2.42,1.98,l,,True
2026-05-27,2026-05-27T13:26:58.355193+00:00,13644,valencia_46001,1.8,1.8,1.0,l,,True
2026-05-27,2026-05-27T13:26:58.355193+00:00,13646,valencia_46001,1.85,2.31,0.8,kg,,True
2026-05-27,2026-05-27T13:26:58.355193+00:00,13648,valencia_46001,2.6,2.6,1.0,ud,,True
2026-05-27,2026-05-27T13:26:58.355193+00:00,13651,valencia_46001,0.75,25.0,0.03,kg,,True
2026-05-27,2026-05-27T13:26:58.355193+00:00,13652,valencia_46001,1.15,28.75,0.04,kg,,True
2026-05-27,2026-05-27T13:26:58.355193+00:00,13654,valencia_46001,0.8,0.8,1.0,ud,,True
2026-05-27,2026-05-27T13:26:58.355193+00:00,13655,valencia_46001,2.15,2.15,1.0,ud,,True
2026-05-27,2026-05-27T13:26:58.355193+00:00,13656,valencia_46001,1.75,5.83,0.3,kg,,True
2026-05-27,2026-05-27T13:26:58.355193+00:00,13658,valencia_46001,3.6,0.72,5.0,kg,,True
2026-05-27,2026-05-27T13:26:58.355193+00:00,13678,valencia_46001,1.95,7.8,0.25,l,,True
2026-05-27,2026-05-27T13:26:58.355193+00:00,13700,valencia_46001,4.5,9.0,0.5,kg,,True
2026-05-27,2026-05-27T13:26:58.355193+00:00,13705,valencia_46001,4.4,8.8,0.5,kg,,True
2026-05-27,2026-05-27T13:26:58.355193+00:00,13706,valencia_46001,7.06,5.65,1.25,kg,,True
2026-05-27,2026-05-27T13:26:58.355193+00:00,13707,valencia_46001,8.06,6.45,1.25,kg,,True
2026-05-27,2026-05-27T13:26:58.355193+00:00,13708,valencia_46001,6.3,21.0,0.3,kg,,True
2026-05-27,2026-05-27T13:26:58.355193+00:00,13709,valencia_46001,6.25,12.5,0.5,kg,,True
2026-05-27,2026-05-27T13:26:58.355193+00:00,13710,valencia_46001,4.61,6.4,0.72,kg,,True
2026-05-27,2026-05-27T13:26:58.355193+00:00,13713,valencia_46001,3.0,8.0,0.375,kg,,True
2026-05-27,2026-05-27T13:26:58.355193+00:00,13714,valencia_46001,5.8,3.87,1.5,kg,,True
2026-05-27,2026-05-27T13:26:58.355193+00:00,13715,valencia_46001,5.8,3.87,1.5,kg,,True
2026-05-27,2026-05-27T13:26:58.355193+00:00,13716,valencia_46001,1.55,0.1,15.0,ud,,True
2026-05-27,2026-05-27T13:26:58.355193+00:00,13717,valencia_46001,1.55,0.1,15.0,ud,,True
2026-05-27,2026-05-27T13:26:58.355193+00:00,13718,valencia_46001,1.55,0.1,15.0,ud,,True
2026-05-27,2026-05-27T13:26:58.355193+00:00,13719,valencia_46001,1.45,0.1,15.0,ud,,True
2026-05-27,2026-05-27T13:26:58.355193+00:00,13738,valencia_46001,2.75,13.75,0.2,kg,,True
2026-05-27,2026-05-27T13:26:58.355193+00:00,13778,valencia_46001,3.25,10.83,0.3,kg,,True
2026-05-27,2026-05-27T13:26:58.355193+00:00,13780,valencia_46001,2.1,52.5,0.04,l,,True
2026-05-27,2026-05-27T13:26:58.355193+00:00,13787,valencia_46001,4.3,39.09,0.11,kg,,True
2026-05-27,2026-05-27T13:26:58.355193+00:00,13788,valencia_46001,2.1,52.5,0.04,l,,True
2026-05-27,2026-05-27T13:26:58.355193+00:00,13789,valencia_46001,2.1,52.5,0.04,l,,True
2026-05-27,2026-05-27T13:26:58.355193+00:00,13796,valencia_46001,3.95,0.13,0.01635,kg,,True
2026-05-27,2026-05-27T13:26:58.355193+00:00,13797,valencia_46001,3.95,0.13,0.01635,kg,,True
2026-05-27,2026-05-27T13:26:58.355193+00:00,13803,valencia_46001,0.85,2.83,0.3,kg,,True
2026-05-27,2026-05-27T13:26:58.355193+00:00,13804,valencia_46001,5.0,5.0,1.0,ud,,True
2026-05-27,2026-05-27T13:26:58.355193+00:00,13805,valencia_46001,5.5,1.38,1.0,ud,,True
2026-05-27,2026-05-27T13:26:58.355193+00:00,13810,valencia_46001,0.8,1.74,0.46,kg,,True
2026-05-27,2026-05-27T13:26:58.355193+00:00,13811,valencia_46001,2.1,7.0,0.3,kg,,True
2026-05-27,2026-05-27T13:26:58.355193+00:00,13814,valencia_46001,1.79,3.58,0.5,l,,True
2026-05-27,2026-05-27T13:26:58.355193+00:00,13815,valencia_46001,6.68,3.34,2.0,l,,True
2026-05-27,2026-05-27T13:26:58.355193+00:00,13816,valencia_46001,1.55,1.24,1.25,l,,True
2026-05-27,2026-05-27T13:26:58.355193+00:00,13817,valencia_46001,6.93,2.33,2.97,l,,True
2026-05-27,2026-05-27T13:26:58.355193+00:00,13846,valencia_46001,1.6,1.6,1.0,l,,True
2026-05-27,2026-05-27T13:26:58.355193+00:00,13847,valencia_46001,9.6,1.6,6.0,l,,True
2026-05-27,2026-05-27T13:26:58.355193+00:00,13848,valencia_46001,1.25,1.25,1.0,l,,True
2026-05-27,2026-05-27T13:26:58.355193+00:00,13849,valencia_46001,7.5,1.25,6.0,l,,True
2026-05-27,2026-05-27T13:26:58.355193+00:00,13861,valencia_46001,3.85,0.13,0.01635,kg,,True
2026-05-27,2026-05-27T13:26:58.355193+00:00,13865,valencia_46001,2.55,6.38,0.4,kg,,True
2026-05-27,2026-05-27T13:26:58.355193+00:00,13868,valencia_46001,3.95,52.67,0.075,l,,True
2026-05-27,2026-05-27T13:26:58.355193+00:00,13869,valencia_46001,4.95,66.0,0.075,l,,True
2026-05-27,2026-05-27T13:26:58.355193+00:00,13875,valencia_46001,2.5,3.33,0.75,l,,True
2026-05-27,2026-05-27T13:26:58.355193+00:00,13877,valencia_46001,3.2,16.0,0.2,kg,,True
2026-05-27,2026-05-27T13:26:58.355193+00:00,13889,valencia_46001,0.75,9.38,0.08,kg,,True
2026-05-27,2026-05-27T13:26:58.355193+00:00,13895,valencia_46001,5.1,2.58,1.98,l,,True
2026-05-27,2026-05-27T13:26:58.355193+00:00,13913,valencia_46001,2.85,38.0,0.075,l,,True
2026-05-27,2026-05-27T13:26:58.355193+00:00,13914,valencia_46001,1.75,5.0,0.35,kg,,True
2026-05-27,2026-05-27T13:26:58.355193+00:00,13917,valencia_46001,2.0,5.0,0.4,kg,,True
2026-05-27,2026-05-27T13:26:58.355193+00:00,13924,valencia_46001,2.85,12.08,0.237,l,,True
2026-05-27,2026-05-27T13:26:58.355193+00:00,13926,valencia_46001,2.7,13.5,0.2,kg,,True
2026-05-27,2026-05-27T13:26:58.355193+00:00,1393,valencia_46001,2.62,7.5,0.35,kg,,True
2026-05-27,2026-05-27T13:26:58.355193+00:00,13930,valencia_46001,1.15,0.77,1.5,l,,True
2026-05-27,2026-05-27T13:26:58.355193+00:00,13936,valencia_46001,1.85,41.11,0.045,kg,,True
2026-05-27,2026-05-27T13:26:58.355193+00:00,13943,valencia_46001,2.9,7.25,0.4,kg,,True
2026-05-27,2026-05-27T13:26:58.355193+00:00,13944,valencia_46001,1.15,0.77,1.5,l,,True
2026-05-27,2026-05-27T13:26:58.355193+00:00,13946,valencia_46001,1.15,0.77,1.5,l,,True
2026-05-27,2026-05-27T13:26:58.355193+00:00,13947,valencia_46001,1.15,0.77,1.5,l,,True
2026-05-27,2026-05-27T13:26:58.355193+00:00,13951,valencia_46001,1.6,1.6,1.0,kg,,True
2026-05-27,2026-05-27T13:26:58.355193+00:00,13955,valencia_46001,4.74,3.16,1.5,l,,True
2026-05-27,2026-05-27T13:26:58.355193+00:00,13956,valencia_46001,0.79,3.16,0.25,l,,True
2026-05-27,2026-05-27T13:26:58.355193+00:00,13969,valencia_46001,2.9,9.67,0.3,l,,True
2026-05-27,2026-05-27T13:26:58.355193+00:00,13970,valencia_46001,1.8,6.0,0.3,l,,True
2026-05-27,2026-05-27T13:26:58.355193+00:00,13971,valencia_46001,4.0,13.33,0.3,l,,True
2026-05-27,2026-05-27T13:26:58.355193+00:00,13972,valencia_46001,3.1,10.33,0.3,l,,True
2026-05-27,2026-05-27T13:26:58.355193+00:00,13984,valencia_46001,2.9,10.74,0.27,kg,,True
2026-05-27,2026-05-27T13:26:58.355193+00:00,13985,valencia_46001,2.1,3.75,0.56,kg,,True
2026-05-27,2026-05-27T13:26:58.355193+00:00,13988,valencia_46001,1.95,7.8,0.25,kg,,True
2026-05-27,2026-05-27T13:26:58.355193+00:00,13994,valencia_46001,2.5,2.5,1.0,l,,True
2026-05-27,2026-05-27T13:26:58.355193+00:00,13995,valencia_46001,4.5,4.5,1.0,l,,True
2026-05-27,2026-05-27T13:26:58.355193+00:00,13998,valencia_46001,1.8,1.8,1.0,l,,True
2026-05-27,2026-05-27T13:26:58.355193+00:00,14006,valencia_46001,1.4,1.75,0.8,kg,,True
2026-05-27,2026-05-27T13:26:58.355193+00:00,14013,valencia_46001,1.1,8.87,0.124,kg,,True
2026-05-27,2026-05-27T13:26:58.355193+00:00,14015,valencia_46001,1.9,14.62,0.13,kg,,True
2026-05-27,2026-05-27T13:26:58.355193+00:00,14030,valencia_46001,1.95,12.19,0.16,kg,,True
2026-05-27,2026-05-27T13:26:58.355193+00:00,14031,valencia_46001,5.4,9.0,0.6,kg,,True
2026-05-27,2026-05-27T13:26:58.355193+00:00,14038,valencia_46001,2.65,9.89,0.268,kg,,True
2026-05-27,2026-05-27T13:26:58.355193+00:00,14054,valencia_46001,1.75,5.47,0.32,kg,,True
2026-05-27,2026-05-27T13:26:58.355193+00:00,14074,valencia_46001,0.75,4.87,0.154,kg,,True
2026-05-27,2026-05-27T13:26:58.355193+00:00,14085,valencia_46001,1.4,4.26,0.329,kg,,True
2026-05-27,2026-05-27T13:26:58.355193+00:00,14087,valencia_46001,2.5,4.39,0.57,kg,,True
2026-05-27,2026-05-27T13:26:58.355193+00:00,14102,valencia_46001,1.35,1.69,0.8,kg,,True
2026-05-27,2026-05-27T13:26:58.355193+00:00,14122,valencia_46001,1.8,1.13,1.6,l,,True
2026-05-27,2026-05-27T13:26:58.355193+00:00,14131,valencia_46001,1.35,4.5,0.3,kg,,True
2026-05-27,2026-05-27T13:26:58.355193+00:00,14132,valencia_46001,1.35,1.69,0.8,kg,,True
2026-05-27,2026-05-27T13:26:58.355193+00:00,14133,valencia_46001,1.5,10.71,0.14,kg,,True
2026-05-27,2026-05-27T13:26:58.355193+00:00,14136,valencia_46001,1.1,5.24,0.21,kg,,True
2026-05-27,2026-05-27T13:26:58.355193+00:00,14140,valencia_46001,1.6,8.6,0.186,kg,,True
2026-05-27,2026-05-27T13:26:58.355193+00:00,14141,valencia_46001,1.9,15.83,0.12,kg,,True
2026-05-27,2026-05-27T13:26:58.355193+00:00,14142,valencia_46001,1.9,14.62,0.13,kg,,True
2026-05-27,2026-05-27T13:26:58.355193+00:00,14148,valencia_46001,1.8,1.13,1.6,l,,True
2026-05-27,2026-05-27T13:26:58.355193+00:00,14151,valencia_46001,1.3,5.51,0.2358,kg,,True
2026-05-27,2026-05-27T13:26:58.355193+00:00,14153,valencia_46001,1.95,7.74,0.252,kg,,True
2026-05-27,2026-05-27T13:26:58.355193+00:00,14157,valencia_46001,1.3,2.6,0.5,kg,,True
2026-05-27,2026-05-27T13:26:58.355193+00:00,14158,valencia_46001,1.1,9.17,0.12,kg,,True
2026-05-27,2026-05-27T13:26:58.355193+00:00,14159,valencia_46001,1.6,3.2,0.5,kg,,True
2026-05-27,2026-05-27T13:26:58.355193+00:00,14161,valencia_46001,1.4,8.75,0.16,kg,,True
2026-05-27,2026-05-27T13:26:58.355193+00:00,14163,valencia_46001,1.8,1.13,1.6,l,,True
2026-05-27,2026-05-27T13:26:58.355193+00:00,14165,valencia_46001,1.8,1.13,1.6,l,,True
2026-05-27,2026-05-27T13:26:58.355193+00:00,14170,valencia_46001,1.8,1.13,1.6,l,,True
2026-05-27,2026-05-27T13:26:58.355193+00:00,14173,valencia_46001,1.05,7.0,0.15,kg,,True
2026-05-27,2026-05-27T13:26:58.355193+00:00,14174,valencia_46001,3.9,15.6,0.25,l,,True
2026-05-27,2026-05-27T13:26:58.355193+00:00,14176,valencia_46001,1.6,1.6,1.0,l,,True
2026-05-27,2026-05-27T13:26:58.355193+00:00,14180,valencia_46001,3.9,15.6,0.25,l,,True
2026-05-27,2026-05-27T13:26:58.355193+00:00,14181,valencia_46001,3.9,15.6,0.25,l,,True
2026-05-27,2026-05-27T13:26:58.355193+00:00,14197,valencia_46001,1.35,2.09,0.645,kg,,True
2026-05-27,2026-05-27T13:26:58.355193+00:00,14200,valencia_46001,1.4,3.5,0.4,kg,,True
2026-05-27,2026-05-27T13:26:58.355193+00:00,14203,valencia_46001,1.1,4.15,0.265,kg,,True
2026-05-27,2026-05-27T13:26:58.355193+00:00,14210,valencia_46001,1.65,4.3,0.384,kg,,True
2026-05-27,2026-05-27T13:26:58.355193+00:00,14212,valencia_46001,1.35,6.0,0.225,kg,,True
2026-05-27,2026-05-27T13:26:58.355193+00:00,14213,valencia_46001,1.0,2.35,0.425,kg,,True
2026-05-27,2026-05-27T13:26:58.355193+00:00,14214,valencia_46001,1.55,1.94,0.8,kg,,True
2026-05-27,2026-05-27T13:26:58.355193+00:00,14215,valencia_46001,1.65,4.3,0.384,kg,,True
2026-05-27,2026-05-27T13:26:58.355193+00:00,14216,valencia_46001,1.2,3.43,0.35,kg,,True
2026-05-27,2026-05-27T13:26:58.355193+00:00,14221,valencia_46001,2.9,16.11,0.18,kg,,True
2026-05-27,2026-05-27T13:26:58.355193+00:00,14229,valencia_46001,2.0,20.0,0.1,l,,True
2026-05-27,2026-05-27T13:26:58.355193+00:00,14235,valencia_46001,1.6,7.8,0.205,kg,,True
2026-05-27,2026-05-27T13:26:58.355193+00:00,14239,valencia_46001,1.0,5.71,0.175,kg,,True
2026-05-27,2026-05-27T13:26:58.355193+00:00,14241,valencia_46001,1.6,6.4,0.25,kg,,True
2026-05-27,2026-05-27T13:26:58.355193+00:00,14242,valencia_46001,1.25,6.25,0.2,kg,,True
2026-05-27,2026-05-27T13:26:58.355193+00:00,14244,valencia_46001,1.1,2.75,0.4,kg,,True
2026-05-27,2026-05-27T13:26:58.355193+00:00,14246,valencia_46001,2.9,6.9,0.42,kg,,True
2026-05-27,2026-05-27T13:26:58.355193+00:00,14256,valencia_46001,1.15,3.83,0.3,l,,True
2026-05-27,2026-05-27T13:26:58.355193+00:00,14260,valencia_46001,4.55,11.38,0.4,kg,,True
2026-05-27,2026-05-27T13:26:58.355193+00:00,14265,valencia_46001,5.9,8.43,0.7,l,,True
2026-05-27,2026-05-27T13:26:58.355193+00:00,14266,valencia_46001,3.2,10.0,0.32,kg,,True
2026-05-27,2026-05-27T13:26:58.355193+00:00,14269,valencia_46001,2.25,15.0,0.15,kg,,True
2026-05-27,2026-05-27T13:26:58.355193+00:00,14270,valencia_46001,6.9,2.51,2.75,kg,,True
2026-05-27,2026-05-27T13:26:58.355193+00:00,14271,valencia_46001,5.9,2.15,2.75,kg,,True
2026-05-27,2026-05-27T13:26:58.355193+00:00,14283,valencia_46001,3.5,7.0,0.5,kg,,True
2026-05-27,2026-05-27T13:26:58.355193+00:00,14297,valencia_46001,4.95,0.17,0.09,kg,,True
2026-05-27,2026-05-27T13:26:58.355193+00:00,14298,valencia_46001,2.64,6.6,0.4,kg,,True
2026-05-27,2026-05-27T13:26:58.355193+00:00,14301,valencia_46001,2.75,6.11,0.45,kg,,True
2026-05-27,2026-05-27T13:26:58.355193+00:00,14313,valencia_46001,0.4,1.21,0.33,l,,True
2026-05-27,2026-05-27T13:26:58.355193+00:00,14314,valencia_46001,3.0,1.52,1.98,l,,True
2026-05-27,2026-05-27T13:26:58.355193+00:00,14315,valencia_46001,0.5,1.52,0.33,l,,True
2026-05-27,2026-05-27T13:26:58.355193+00:00,14316,valencia_46001,2.15,0.07,1.0,ud,,True
2026-05-27,2026-05-27T13:26:58.355193+00:00,14317,valencia_46001,2.15,0.08,1.0,ud,,True
2026-05-27,2026-05-27T13:26:58.355193+00:00,14318,valencia_46001,2.15,0.07,1.0,ud,,True
2026-05-27,2026-05-27T13:26:58.355193+00:00,14320,valencia_46001,2.15,0.08,1.0,ud,,True
2026-05-27,2026-05-27T13:26:58.355193+00:00,14321,valencia_46001,1.15,0.12,1.0,ud,,True
2026-05-27,2026-05-27T13:26:58.355193+00:00,14322,valencia_46001,1.0,0.1,1.0,ud,,True
2026-05-27,2026-05-27T13:26:58.355193+00:00,14325,valencia_46001,1.35,1.69,0.8,kg,,True
2026-05-27,2026-05-27T13:26:58.355193+00:00,14330,valencia_46001,4.1,10.25,0.4,l,,True
2026-05-27,2026-05-27T13:26:58.355193+00:00,14338,valencia_46001,1.0,10.0,0.1,kg,,True
2026-05-27,2026-05-27T13:26:58.355193+00:00,14344,valencia_46001,11.8,9.83,1.2,kg,,True
2026-05-27,2026-05-27T13:26:58.355193+00:00,14345,valencia_46001,7.5,1.25,6.0,l,,True
2026-05-27,2026-05-27T13:26:58.355193+00:00,14346,valencia_46001,1.25,1.25,1.0,l,,True
2026-05-27,2026-05-27T13:26:58.355193+00:00,14347,valencia_46001,1.05,3.5,0.3,kg,,True
2026-05-27,2026-05-27T13:26:58.355193+00:00,14354,valencia_46001,1.95,9.75,0.2,kg,,True
2026-05-27,2026-05-27T13:26:58.355193+00:00,14378,valencia_46001,2.0,6.67,0.3,kg,,True
2026-05-27,2026-05-27T13:26:58.355193+00:00,14379,valencia_46001,2.68,15.75,0.17,kg,,True
2026-05-27,2026-05-27T13:26:58.355193+00:00,14383,valencia_46001,2.4,0.24,0.05,kg,,True
2026-05-27,2026-05-27T13:26:58.355193+00:00,14385,valencia_46001,4.25,2.13,2.0,kg,,True
2026-05-27,2026-05-27T13:26:58.355193+00:00,14388,valencia_46001,2.85,0.57,5.0,ud,,True
2026-05-27,2026-05-27T13:26:58.355193+00:00,14390,valencia_46001,2.75,3.67,0.75,l,,True
2026-05-27,2026-05-27T13:26:58.355193+00:00,14391,valencia_46001,2.75,3.67,0.75,l,,True
2026-05-27,2026-05-27T13:26:58.355193+00:00,14393,valencia_46001,2.85,23.75,0.12,kg,,True
2026-05-27,2026-05-27T13:26:58.355193+00:00,14423,valencia_46001,2.15,3.58,0.6,kg,,True
2026-05-27,2026-05-27T13:26:58.355193+00:00,14430,valencia_46001,1.5,3.0,0.5,kg,,True
2026-05-27,2026-05-27T13:26:58.355193+00:00,14431,valencia_46001,1.51,3.15,0.48,kg,,True
2026-05-27,2026-05-27T13:26:58.355193+00:00,14433,valencia_46001,3.05,30.5,0.1,l,,True
2026-05-27,2026-05-27T13:26:58.355193+00:00,14440,valencia_46001,2.5,2.5,1.0,ud,,True
2026-05-27,2026-05-27T13:26:58.355193+00:00,14441,valencia_46001,3.25,3.25,1.0,ud,,True
2026-05-27,2026-05-27T13:26:58.355193+00:00,14443,valencia_46001,2.85,9.5,0.3,kg,,True
2026-05-27,2026-05-27T13:26:58.355193+00:00,14448,valencia_46001,3.25,3.25,1.0,ud,,True
2026-05-27,2026-05-27T13:26:58.355193+00:00,14456,valencia_46001,1.3,0.04,1.0,ud,,True
2026-05-27,2026-05-27T13:26:58.355193+00:00,14461,valencia_46001,3.45,7.5,0.46,kg,,True
2026-05-27,2026-05-27T13:26:58.355193+00:00,14466,valencia_46001,2.4,0.06,1.0,ud,,True
2026-05-27,2026-05-27T13:26:58.355193+00:00,14467,valencia_46001,1.4,14.0,0.1,kg,,True
2026-05-27,2026-05-27T13:26:58.355193+00:00,14470,valencia_46001,2.3,2.15,1.07,kg,,True
2026-05-27,2026-05-27T13:26:58.355193+00:00,14474,valencia_46001,1.65,4.13,0.4,kg,,True
2026-05-27,2026-05-27T13:26:58.355193+00:00,14484,valencia_46001,4.2,12.73,0.33,kg,,True
2026-05-27,2026-05-27T13:26:58.355193+00:00,14485,valencia_46001,3.55,21.5,0.165,kg,,True
2026-05-27,2026-05-27T13:26:58.355193+00:00,14499,valencia_46001,3.25,3.25,1.0,ud,,True
2026-05-27,2026-05-27T13:26:58.355193+00:00,14500,valencia_46001,2.15,11.94,0.18,kg,,True
2026-05-27,2026-05-27T13:26:58.355193+00:00,14513,valencia_46001,3.25,3.25,1.0,ud,,True
2026-05-27,2026-05-27T13:26:58.355193+00:00,14576,valencia_46001,1.0,4.76,0.21,kg,,True
2026-05-27,2026-05-27T13:26:58.355193+00:00,14581,valencia_46001,1.65,9.17,0.18,kg,,True
2026-05-27,2026-05-27T13:26:58.355193+00:00,14587,valencia_46001,2.35,4.7,0.5,kg,,True
2026-05-27,2026-05-27T13:26:58.355193+00:00,14637,valencia_46001,2.05,10.25,0.2,kg,,True
2026-05-27,2026-05-27T13:26:58.355193+00:00,14639,valencia_46001,1.35,9.0,0.15,kg,,True
2026-05-27,2026-05-27T13:26:58.355193+00:00,14641,valencia_46001,1.35,9.0,0.15,kg,,True
2026-05-27,2026-05-27T13:26:58.355193+00:00,14706,valencia_46001,3.9,0.65,6.0,l,,True
2026-05-27,2026-05-27T13:26:58.355193+00:00,14707,valencia_46001,0.65,0.65,1.0,l,,True
2026-05-27,2026-05-27T13:26:58.355193+00:00,14711,valencia_46001,2.2,4.4,0.5,kg,,True
2026-05-27,2026-05-27T13:26:58.355193+00:00,14713,valencia_46001,2.6,12.38,0.21,kg,,True
2026-05-27,2026-05-27T13:26:58.355193+00:00,14714,valencia_46001,1.85,1.85,1.0,ud,,True
2026-05-27,2026-05-27T13:26:58.355193+00:00,14716,valencia_46001,1.85,1.85,1.0,ud,,True
2026-05-27,2026-05-27T13:26:58.355193+00:00,14717,valencia_46001,1.85,1.85,1.0,ud,,True
2026-05-27,2026-05-27T13:26:58.355193+00:00,14719,valencia_46001,1.85,1.85,1.0,ud,,True
2026-05-27,2026-05-27T13:26:58.355193+00:00,14725,valencia_46001,1.3,13.0,0.1,kg,,True
2026-05-27,2026-05-27T13:26:58.355193+00:00,14726,valencia_46001,3.5,35.0,0.1,l,,True
2026-05-27,2026-05-27T13:26:58.355193+00:00,14739,valencia_46001,1.55,5.17,0.3,kg,,True
2026-05-27,2026-05-27T13:26:58.355193+00:00,14744,valencia_46001,3.6,30.0,0.12,kg,,True
2026-05-27,2026-05-27T13:26:58.355193+00:00,14786,valencia_46001,1.75,12.5,0.14,kg,,True
2026-05-27,2026-05-27T13:26:58.355193+00:00,14798,valencia_46001,7.3,14.6,0.5,kg,,True
2026-05-27,2026-05-27T13:26:58.355193+00:00,14799,valencia_46001,5.5,11.0,0.5,kg,,True
2026-05-27,2026-05-27T13:26:58.355193+00:00,14915,valencia_46001,3.8,3.17,1.2,kg,,True
2026-05-27,2026-05-27T13:26:58.355193+00:00,14930,valencia_46001,1.0,2.0,0.5,l,,True
2026-05-27,2026-05-27T13:26:58.355193+00:00,14934,valencia_46001,2.95,7.87,0.375,kg,,True
2026-05-27,2026-05-27T13:26:58.355193+00:00,14940,valencia_46001,3.2,12.55,0.255,l,,True
2026-05-27,2026-05-27T13:26:58.355193+00:00,14943,valencia_46001,2.12,5.3,0.4,kg,,True
2026-05-27,2026-05-27T13:26:58.355193+00:00,14946,valencia_46001,5.95,4.72,1.26,l,,True
2026-05-27,2026-05-27T13:26:58.355193+00:00,14948,valencia_46001,1.85,77.08,0.024,l,,True
2026-05-27,2026-05-27T13:26:58.355193+00:00,14960,valencia_46001,2.6,10.4,0.25,kg,,True
2026-05-27,2026-05-27T13:26:58.355193+00:00,14961,valencia_46001,1.65,3.0,0.55,kg,,True
2026-05-27,2026-05-27T13:26:58.355193+00:00,14966,valencia_46001,1.5,1.5,1.0,ud,,True
2026-05-27,2026-05-27T13:26:58.355193+00:00,14968,valencia_46001,2.2,10.0,0.22,kg,,True
2026-05-27,2026-05-27T13:26:58.355193+00:00,14969,valencia_46001,0.75,0.38,1.0,ud,,True
2026-05-27,2026-05-27T13:26:58.355193+00:00,14970,valencia_46001,0.75,0.38,1.0,ud,,True
2026-05-27,2026-05-27T13:26:58.355193+00:00,14973,valencia_46001,9.5,9.5,1.0,ud,,True
2026-05-27,2026-05-27T13:26:58.355193+00:00,14976,valencia_46001,3.23,9.8,0.33,kg,,True
2026-05-27,2026-05-27T13:26:58.355193+00:00,14981,valencia_46001,1.35,38.57,0.035,kg,,True
2026-05-27,2026-05-27T13:26:58.355193+00:00,14983,valencia_46001,6.5,6.5,0.03,l,,True
2026-05-27,2026-05-27T13:26:58.355193+00:00,14986,valencia_46001,7.0,7.0,0.028,l,,True
2026-05-27,2026-05-27T13:26:58.355193+00:00,14988,valencia_46001,6.0,3.03,1.98,l,,True
2026-05-27,2026-05-27T13:26:58.355193+00:00,14989,valencia_46001,1.0,3.03,0.33,l,,True
2026-05-27,2026-05-27T13:26:58.355193+00:00,15031,valencia_46001,2.6,5.0,0.52,kg,,True
2026-05-27,2026-05-27T13:26:58.355193+00:00,15068,valencia_46001,1.65,3.75,0.44,kg,,True
2026-05-27,2026-05-27T13:26:58.355193+00:00,15076,valencia_46001,1.35,3.07,0.44,kg,,True
2026-05-27,2026-05-27T13:26:58.355193+00:00,15077,valencia_46001,1.95,4.43,0.44,kg,,True
2026-05-27,2026-05-27T13:26:58.355193+00:00,15086,valencia_46001,1.9,2.68,0.71,kg,,True
2026-05-27,2026-05-27T13:26:58.355193+00:00,15093,valencia_46001,1.6,4.21,0.38,kg,,True
2026-05-27,2026-05-27T13:26:58.355193+00:00,15094,valencia_46001,1.6,4.21,0.38,kg,,True
2026-05-27,2026-05-27T13:26:58.355193+00:00,15099,valencia_46001,2.9,193.33,0.015,kg,,True
2026-05-27,2026-05-27T13:26:58.355193+00:00,15101,valencia_46001,1.1,8.8,0.125,kg,,True
2026-05-27,2026-05-27T13:26:58.355193+00:00,15103,valencia_46001,6.33,57.5,0.11,kg,,True
2026-05-27,2026-05-27T13:26:58.355193+00:00,15104,valencia_46001,3.19,29.0,0.11,kg,,True
2026-05-27,2026-05-27T13:26:58.355193+00:00,15109,valencia_46001,3.19,29.0,0.11,kg,,True
2026-05-27,2026-05-27T13:26:58.355193+00:00,15110,valencia_46001,7.43,67.5,0.11,kg,,True
2026-05-27,2026-05-27T13:26:58.355193+00:00,15112,valencia_46001,4.07,37.0,0.11,kg,,True
2026-05-27,2026-05-27T13:26:58.355193+00:00,15116,valencia_46001,4.07,37.0,0.11,kg,,True
2026-05-27,2026-05-27T13:26:58.355193+00:00,15137,valencia_46001,2.0,8.33,0.24,kg,,True
2026-05-27,2026-05-27T13:26:58.355193+00:00,15157,valencia_46001,0.29,5.75,0.051,kg,,True
2026-05-27,2026-05-27T13:26:58.355193+00:00,15159,valencia_46001,7.0,7.0,0.028,l,,True
2026-05-27,2026-05-27T13:26:58.355193+00:00,15160,valencia_46001,7.0,7.0,0.028,l,,True
2026-05-27,2026-05-27T13:26:58.355193+00:00,15161,valencia_46001,7.0,7.0,0.028,l,,True
2026-05-27,2026-05-27T13:26:58.355193+00:00,15162,valencia_46001,6.5,6.5,0.03,l,,True
2026-05-27,2026-05-27T13:26:58.355193+00:00,15163,valencia_46001,6.5,6.5,0.03,l,,True
2026-05-27,2026-05-27T13:26:58.355193+00:00,15164,valencia_46001,6.5,6.5,0.03,l,,True
2026-05-27,2026-05-27T13:26:58.355193+00:00,15165,valencia_46001,1.75,6.03,0.29,kg,,True
2026-05-27,2026-05-27T13:26:58.355193+00:00,15166,valencia_46001,6.5,6.5,0.03,l,,True
2026-05-27,2026-05-27T13:26:58.355193+00:00,15167,valencia_46001,6.5,6.5,0.03,l,,True
2026-05-27,2026-05-27T13:26:58.355193+00:00,15168,valencia_46001,6.5,6.5,0.03,l,,True
2026-05-27,2026-05-27T13:26:58.355193+00:00,15169,valencia_46001,5.0,5.0,0.004,l,,True
2026-05-27,2026-05-27T13:26:58.355193+00:00,15170,valencia_46001,5.0,5.0,0.004,l,,True
2026-05-27,2026-05-27T13:26:58.355193+00:00,15171,valencia_46001,4.25,4.25,1.0,ud,,True
2026-05-27,2026-05-27T13:26:58.355193+00:00,15177,valencia_46001,4.25,4.25,1.0,ud,,True
2026-05-27,2026-05-27T13:26:58.355193+00:00,15181,valencia_46001,6.5,6.5,0.03,l,,True
2026-05-27,2026-05-27T13:26:58.355193+00:00,15182,valencia_46001,6.5,6.5,0.03,l,,True
2026-05-27,2026-05-27T13:26:58.355193+00:00,15183,valencia_46001,6.5,6.5,0.03,l,,True
2026-05-27,2026-05-27T13:26:58.355193+00:00,15184,valencia_46001,6.5,6.5,0.03,l,,True
2026-05-27,2026-05-27T13:26:58.355193+00:00,15185,valencia_46001,6.5,6.5,0.03,l,,True
2026-05-27,2026-05-27T13:26:58.355193+00:00,15186,valencia_46001,6.5,6.5,0.03,l,,True
2026-05-27,2026-05-27T13:26:58.355193+00:00,15187,valencia_46001,6.5,6.5,0.03,l,,True
2026-05-27,2026-05-27T13:26:58.355193+00:00,15193,valencia_46001,0.19,5.75,0.033,kg,,True
2026-05-27,2026-05-27T13:26:58.355193+00:00,15195,valencia_46001,6.0,2.4,2.5,kg,,True
2026-05-27,2026-05-27T13:26:58.355193+00:00,15203,valencia_46001,2.4,3.52,0.681,kg,,True
2026-05-27,2026-05-27T13:26:58.355193+00:00,15206,valencia_46001,2.35,3.92,0.6,kg,,True
2026-05-27,2026-05-27T13:26:58.355193+00:00,15220,valencia_46001,2.1,2.55,0.822,kg,,True
2026-05-27,2026-05-27T13:26:58.355193+00:00,15260,valencia_46001,1.45,3.63,0.4,kg,,True
2026-05-27,2026-05-27T13:26:58.355193+00:00,15268,valencia_46001,7.5,7.5,1.0,ud,,True
2026-05-27,2026-05-27T13:26:58.355193+00:00,15269,valencia_46001,2.0,12.5,0.16,kg,,True
2026-05-27,2026-05-27T13:26:58.355193+00:00,15272,valencia_46001,5.0,5.0,0.01,l,,True
2026-05-27,2026-05-27T13:26:58.355193+00:00,15273,valencia_46001,5.0,5.0,0.01,l,,True
2026-05-27,2026-05-27T13:26:58.355193+00:00,15274,valencia_46001,5.0,5.0,0.01,l,,True
2026-05-27,2026-05-27T13:26:58.355193+00:00,15275,valencia_46001,1.75,9.83,0.178,kg,,True
2026-05-27,2026-05-27T13:26:58.355193+00:00,15276,valencia_46001,4.75,4.75,0.01,l,,True
2026-05-27,2026-05-27T13:26:58.355193+00:00,15277,valencia_46001,4.75,4.75,0.01,l,,True
2026-05-27,2026-05-27T13:26:58.355193+00:00,15278,valencia_46001,4.75,4.75,0.01,l,,True
2026-05-27,2026-05-27T13:26:58.355193+00:00,15279,valencia_46001,4.75,4.75,0.01,l,,True
2026-05-27,2026-05-27T13:26:58.355193+00:00,15280,valencia_46001,7.0,7.0,0.01,kg,,True
2026-05-27,2026-05-27T13:26:58.355193+00:00,15281,valencia_46001,7.0,7.0,0.01,kg,,True
2026-05-27,2026-05-27T13:26:58.355193+00:00,15282,valencia_46001,7.0,7.0,0.01,kg,,True
2026-05-27,2026-05-27T13:26:58.355193+00:00,15283,valencia_46001,7.0,7.0,0.01,kg,,True
2026-05-27,2026-05-27T13:26:58.355193+00:00,15284,valencia_46001,7.0,7.0,0.01,kg,,True
2026-05-27,2026-05-27T13:26:58.355193+00:00,15285,valencia_46001,7.0,7.0,0.01,kg,,True
2026-05-27,2026-05-27T13:26:58.355193+00:00,15286,valencia_46001,2.1,3.5,0.6,kg,,True
2026-05-27,2026-05-27T13:26:58.355193+00:00,15287,valencia_46001,2.65,3.53,0.75,kg,,True
2026-05-27,2026-05-27T13:26:58.355193+00:00,15289,valencia_46001,1.25,6.25,0.2,kg,,True
2026-05-27,2026-05-27T13:26:58.355193+00:00,15291,valencia_46001,11.0,11.0,1.0,ud,,True
2026-05-27,2026-05-27T13:26:58.355193+00:00,15292,valencia_46001,4.5,4.5,1.0,ud,,True
2026-05-27,2026-05-27T13:26:58.355193+00:00,15301,valencia_46001,1.65,6.6,0.25,kg,,True
2026-05-27,2026-05-27T13:26:58.355193+00:00,15311,valencia_46001,1.0,2.0,0.5,l,,True
2026-05-27,2026-05-27T13:26:58.355193+00:00,15318,valencia_46001,0.5,2.0,0.25,l,,True
2026-05-27,2026-05-27T13:26:58.355193+00:00,15331,valencia_46001,2.7,1.36,1.98,l,,True
2026-05-27,2026-05-27T13:26:58.355193+00:00,15332,valencia_46001,0.45,1.36,0.33,l,,True
2026-05-27,2026-05-27T13:26:58.355193+00:00,15333,valencia_46001,2.7,1.36,1.98,l,,True
2026-05-27,2026-05-27T13:26:58.355193+00:00,15339,valencia_46001,0.45,1.36,0.33,l,,True
2026-05-27,2026-05-27T13:26:58.355193+00:00,15345,valencia_46001,1.8,7.2,0.25,l,,True
2026-05-27,2026-05-27T13:26:58.355193+00:00,15348,valencia_46001,1.9,19.0,0.1,l,,True
2026-05-27,2026-05-27T13:26:58.355193+00:00,15349,valencia_46001,1.7,17.0,0.1,l,,True
2026-05-27,2026-05-27T13:26:58.355193+00:00,15430,valencia_46001,3.1,6.2,0.5,kg,,True
2026-05-27,2026-05-27T13:26:58.355193+00:00,15436,valencia_46001,4.8,4.8,1.0,kg,,True
2026-05-27,2026-05-27T13:26:58.355193+00:00,15448,valencia_46001,4.2,8.4,0.5,kg,,True
2026-05-27,2026-05-27T13:26:58.355193+00:00,15534,valencia_46001,1.9,2.88,0.66,kg,,True
2026-05-27,2026-05-27T13:26:58.355193+00:00,15545,valencia_46001,1.5,3.0,0.5,kg,,True
2026-05-27,2026-05-27T13:26:58.355193+00:00,15560,valencia_46001,5.8,3.87,1.5,kg,,True
2026-05-27,2026-05-27T13:26:58.355193+00:00,15565,valencia_46001,7.95,7.95,1.0,ud,,True
2026-05-27,2026-05-27T13:26:58.355193+00:00,15589,valencia_46001,1.1,7.33,0.15,kg,,True
2026-05-27,2026-05-27T13:26:58.355193+00:00,15592,valencia_46001,0.85,7.08,0.12,kg,,True
2026-05-27,2026-05-27T13:26:58.355193+00:00,15597,valencia_46001,1.55,3.52,0.44,kg,,True
2026-05-27,2026-05-27T13:26:58.355193+00:00,15599,valencia_46001,1.66,2.77,0.6,l,,True
2026-05-27,2026-05-27T13:26:58.355193+00:00,15604,valencia_46001,1.6,1.6,1.0,l,,True
2026-05-27,2026-05-27T13:26:58.355193+00:00,15611,valencia_46001,1.8,4.5,0.4,kg,,True
2026-05-27,2026-05-27T13:26:58.355193+00:00,15628,valencia_46001,2.3,25.56,0.09,kg,,True
2026-05-27,2026-05-27T13:26:58.355193+00:00,15633,valencia_46001,1.65,11.0,0.15,kg,,True
2026-05-27,2026-05-27T13:26:58.355193+00:00,15636,valencia_46001,1.9,1.9,1.0,ud,,True
2026-05-27,2026-05-27T13:26:58.355193+00:00,15637,valencia_46001,1.9,1.9,1.0,ud,,True
2026-05-27,2026-05-27T13:26:58.355193+00:00,1564,valencia_46001,3.78,7.55,0.5,kg,,True
2026-05-27,2026-05-27T13:26:58.355193+00:00,15640,valencia_46001,3.3,2.2,1.5,kg,,True
2026-05-27,2026-05-27T13:26:58.355193+00:00,15647,valencia_46001,6.6,1.1,6.0,l,,True
2026-05-27,2026-05-27T13:26:58.355193+00:00,15648,valencia_46001,1.1,1.1,1.0,l,,True
2026-05-27,2026-05-27T13:26:58.355193+00:00,15660,valencia_46001,1.5,1.5,1.0,kg,,True
2026-05-27,2026-05-27T13:26:58.355193+00:00,15661,valencia_46001,1.5,1.5,1.0,kg,,True
2026-05-27,2026-05-27T13:26:58.355193+00:00,15662,valencia_46001,0.9,3.6,0.25,kg,,True
2026-05-27,2026-05-27T13:26:58.355193+00:00,15664,valencia_46001,1.1,4.4,0.25,kg,,True
2026-05-27,2026-05-27T13:26:58.355193+00:00,15679,valencia_46001,1.65,2.2,0.75,kg,,True
2026-05-27,2026-05-27T13:26:58.355193+00:00,15691.1,valencia_46001,1.7,3.4,0.5,kg,,True
2026-05-27,2026-05-27T13:26:58.355193+00:00,15691.2,valencia_46001,1.7,3.4,0.5,kg,,True
2026-05-27,2026-05-27T13:26:58.355193+00:00,15700,valencia_46001,4.75,25.0,0.19,kg,,True
2026-05-27,2026-05-27T13:26:58.355193+00:00,15705,valencia_46001,3.8,38.0,0.1,l,,True
2026-05-27,2026-05-27T13:26:58.355193+00:00,15726,valencia_46001,1.05,26.25,0.04,kg,,True
2026-05-27,2026-05-27T13:26:58.355193+00:00,15747,valencia_46001,5.5,5.5,0.025,l,,True
2026-05-27,2026-05-27T13:26:58.355193+00:00,15757,valencia_46001,0.85,7.08,0.12,kg,,True
2026-05-27,2026-05-27T13:26:58.355193+00:00,15768,valencia_46001,3.5,0.29,12.0,ud,,True
2026-05-27,2026-05-27T13:26:58.355193+00:00,15777,valencia_46001,1.2,0.3,4.0,ud,,True
2026-05-27,2026-05-27T13:26:58.355193+00:00,15778,valencia_46001,0.8,8.0,0.1,kg,,True
2026-05-27,2026-05-27T13:26:58.355193+00:00,15793,valencia_46001,1.3,2.6,0.5,l,,True
2026-05-27,2026-05-27T13:26:58.355193+00:00,15810,valencia_46001,1.3,8.67,0.15,kg,,True
2026-05-27,2026-05-27T13:26:58.355193+00:00,15844,valencia_46001,1.4,5.6,0.25,kg,,True
2026-05-27,2026-05-27T13:26:58.355193+00:00,15846,valencia_46001,3.0,3.0,1.0,l,,True
2026-05-27,2026-05-27T13:26:58.355193+00:00,15859,valencia_46001,0.53,2.12,0.25,l,,True
2026-05-27,2026-05-27T13:26:58.355193+00:00,15895,valencia_46001,1.5,0.21,1.0,ud,,True
2026-05-27,2026-05-27T13:26:58.355193+00:00,15909,valencia_46001,3.19,14.18,0.225,kg,,True
2026-05-27,2026-05-27T13:26:58.355193+00:00,15922,valencia_46001,4.8,9.6,0.5,kg,,True
2026-05-27,2026-05-27T13:26:58.355193+00:00,15923,valencia_46001,2.5,10.0,0.25,kg,,True
2026-05-27,2026-05-27T13:26:58.355193+00:00,15936,valencia_46001,0.71,2.84,0.25,l,,True
2026-05-27,2026-05-27T13:26:58.355193+00:00,15953,valencia_46001,0.7,13.46,0.052,kg,,True
2026-05-27,2026-05-27T13:26:58.355193+00:00,15966,valencia_46001,1.55,5.34,0.29,kg,,True
2026-05-27,2026-05-27T13:26:58.355193+00:00,15967,valencia_46001,2.8,9.66,0.29,kg,,True
2026-05-27,2026-05-27T13:26:58.355193+00:00,15968,valencia_46001,1.75,0.18,10.0,ud,,True
2026-05-27,2026-05-27T13:26:58.355193+00:00,15970,valencia_46001,5.75,1.92,3.0,kg,,True
2026-05-27,2026-05-27T13:26:58.355193+00:00,15972,valencia_46001,6.0,1.5,4.0,kg,,True
2026-05-27,2026-05-27T13:26:58.355193+00:00,15973,valencia_46001,6.75,1.69,4.0,kg,,True
2026-05-27,2026-05-27T13:26:58.355193+00:00,15976,valencia_46001,5.25,3.5,1.5,kg,,True
2026-05-27,2026-05-27T13:26:58.355193+00:00,15977,valencia_46001,6.0,4.0,1.5,kg,,True
2026-05-27,2026-05-27T13:26:58.355193+00:00,15982,valencia_46001,3.1,1.55,2.0,kg,,True
2026-05-27,2026-05-27T13:26:58.355193+00:00,15983,valencia_46001,13.5,1.35,10.0,kg,,True
2026-05-27,2026-05-27T13:26:58.355193+00:00,15984,valencia_46001,2.0,5.88,0.34,kg,,True
2026-05-27,2026-05-27T13:26:58.355193+00:00,15985,valencia_46001,2.0,5.88,0.34,kg,,True
2026-05-27,2026-05-27T13:26:58.355193+00:00,15986,valencia_46001,2.95,1.48,2.0,kg,,True
2026-05-27,2026-05-27T13:26:58.355193+00:00,15987,valencia_46001,12.5,1.25,10.0,kg,,True
2026-05-27,2026-05-27T13:26:58.355193+00:00,16004,valencia_46001,1.65,5.16,0.32,kg,,True
2026-05-27,2026-05-27T13:26:58.355193+00:00,16005,valencia_46001,1.45,4.26,0.34,kg,,True
2026-05-27,2026-05-27T13:26:58.355193+00:00,16012,valencia_46001,0.9,2.31,0.39,kg,,True
2026-05-27,2026-05-27T13:26:58.355193+00:00,16022,valencia_46001,0.8,1.95,0.41,kg,,True
2026-05-27,2026-05-27T13:26:58.355193+00:00,16040,valencia_46001,1.85,6.38,0.29,kg,,True
2026-05-27,2026-05-27T13:26:58.355193+00:00,16041,valencia_46001,1.35,1.69,0.8,kg,,True
2026-05-27,2026-05-27T13:26:58.355193+00:00,16043,valencia_46001,1.0,1.25,0.8,kg,,True
2026-05-27,2026-05-27T13:26:58.355193+00:00,16044,valencia_46001,0.55,1.38,0.4,kg,,True
2026-05-27,2026-05-27T13:26:58.355193+00:00,16046,valencia_46001,2.2,11.58,0.19,kg,,True
2026-05-27,2026-05-27T13:26:58.355193+00:00,16074,valencia_46001,1.05,6.18,0.17,kg,,True
2026-05-27,2026-05-27T13:26:58.355193+00:00,16103,valencia_46001,2.4,8.28,0.29,kg,,True
2026-05-27,2026-05-27T13:26:58.355193+00:00,16117,valencia_46001,1.15,3.97,0.29,kg,,True
2026-05-27,2026-05-27T13:26:58.355193+00:00,16124,valencia_46001,1.35,5.63,0.24,kg,,True
2026-05-27,2026-05-27T13:26:58.355193+00:00,16236,valencia_46001,1.6,4.0,0.4,kg,,True
2026-05-27,2026-05-27T13:26:58.355193+00:00,16238,valencia_46001,4.0,4.0,2.0,ud,,True
2026-05-27,2026-05-27T13:26:58.355193+00:00,16239,valencia_46001,11.95,298.75,0.04,l,,True
2026-05-27,2026-05-27T13:26:58.355193+00:00,16240,valencia_46001,1.7,18.89,0.09,kg,,True
2026-05-27,2026-05-27T13:26:58.355193+00:00,16252,valencia_46001,2.2,8.46,0.26,kg,,True
2026-05-27,2026-05-27T13:26:58.355193+00:00,16253,valencia_46001,1.25,12.5,0.1,kg,,True
2026-05-27,2026-05-27T13:26:58.355193+00:00,16260,valencia_46001,1.85,9.25,0.2,kg,,True
2026-05-27,2026-05-27T13:26:58.355193+00:00,16263,valencia_46001,3.9,0.13,0.0183,kg,,True
2026-05-27,2026-05-27T13:26:58.355193+00:00,16264,valencia_46001,2.95,8.19,0.36,kg,,True
2026-05-27,2026-05-27T13:26:58.355193+00:00,16265,valencia_46001,2.95,8.19,0.36,kg,,True
2026-05-27,2026-05-27T13:26:58.355193+00:00,16266,valencia_46001,3.83,8.5,0.45,kg,,True
2026-05-27,2026-05-27T13:26:58.355193+00:00,16269,valencia_46001,5.0,500.0,0.01,l,,True
2026-05-27,2026-05-27T13:26:58.355193+00:00,16272,valencia_46001,3.95,14.16,0.279,kg,,True
2026-05-27,2026-05-27T13:26:58.355193+00:00,16275,valencia_46001,1.1,55.0,0.02,kg,,True
2026-05-27,2026-05-27T13:26:58.355193+00:00,16278,valencia_46001,1.75,12.96,0.135,kg,,True
2026-05-27,2026-05-27T13:26:58.355193+00:00,16279,valencia_46001,2.25,16.67,0.135,kg,,True
2026-05-27,2026-05-27T13:26:58.355193+00:00,16280,valencia_46001,3.95,18.81,0.21,kg,,True
2026-05-27,2026-05-27T13:26:58.355193+00:00,16282,valencia_46001,3.95,3.95,0.28,kg,,True
2026-05-27,2026-05-27T13:26:58.355193+00:00,16285,valencia_46001,1.95,15.66,0.1245,kg,,True
2026-05-27,2026-05-27T13:26:58.355193+00:00,16288,valencia_46001,4.2,7.0,0.6,kg,,True
2026-05-27,2026-05-27T13:26:58.355193+00:00,16289,valencia_46001,1.0,4.55,0.22,kg,,True
2026-05-27,2026-05-27T13:26:58.355193+00:00,16293,valencia_46001,3.9,0.16,1.0,ud,,True
2026-05-27,2026-05-27T13:26:58.355193+00:00,16294,valencia_46001,3.3,68.75,0.048,l,,True
2026-05-27,2026-05-27T13:26:58.355193+00:00,16313,valencia_46001,1.2,1.82,0.66,kg,,True
2026-05-27,2026-05-27T13:26:58.355193+00:00,16314,valencia_46001,1.8,2.73,0.66,kg,,True
2026-05-27,2026-05-27T13:26:58.355193+00:00,16315,valencia_46001,1.2,1.82,0.66,kg,,True
2026-05-27,2026-05-27T13:26:58.355193+00:00,16317,valencia_46001,2.3,4.42,0.52,kg,,True
2026-05-27,2026-05-27T13:26:58.355193+00:00,16326,valencia_46001,1.5,20.0,0.075,kg,,True
2026-05-27,2026-05-27T13:26:58.355193+00:00,16329,valencia_46001,1.85,8.81,0.21,kg,,True
2026-05-27,2026-05-27T13:26:58.355193+00:00,16331,valencia_46001,6.0,120.0,0.05,l,,True
2026-05-27,2026-05-27T13:26:58.355193+00:00,16332,valencia_46001,6.0,120.0,0.05,l,,True
2026-05-27,2026-05-27T13:26:58.355193+00:00,16334,valencia_46001,1.8,4.0,0.45,kg,,True
2026-05-27,2026-05-27T13:26:58.355193+00:00,16339,valencia_46001,1.65,1.65,0.004,kg,,True
2026-05-27,2026-05-27T13:26:58.355193+00:00,16344,valencia_46001,1.5,41.67,0.036,kg,,True
2026-05-27,2026-05-27T13:26:58.355193+00:00,16352,valencia_46001,1.95,7.8,0.25,kg,,True
2026-05-27,2026-05-27T13:26:58.355193+00:00,16354,valencia_46001,1.0,11.11,0.1,kg,,True
2026-05-27,2026-05-27T13:26:58.355193+00:00,16356,valencia_46001,10.0,10.0,1.0,ud,,True
2026-05-27,2026-05-27T13:26:58.355193+00:00,16362,valencia_46001,1.0,12.5,0.08,kg,,True
2026-05-27,2026-05-27T13:26:58.355193+00:00,16366,valencia_46001,4.0,4.0,1.0,ud,,True
2026-05-27,2026-05-27T13:26:58.355193+00:00,16367,valencia_46001,4.0,4.0,1.0,ud,,True
2026-05-27,2026-05-27T13:26:58.355193+00:00,16368,valencia_46001,4.5,4.5,0.0085,l,,True
2026-05-27,2026-05-27T13:26:58.355193+00:00,16369,valencia_46001,2.5,2.5,0.011,l,,True
2026-05-27,2026-05-27T13:26:58.355193+00:00,16374,valencia_46001,6.0,6.0,1.0,ud,,True
2026-05-27,2026-05-27T13:26:58.355193+00:00,16377,valencia_46001,5.5,13.75,0.4,l,,True
2026-05-27,2026-05-27T13:26:58.355193+00:00,16382,valencia_46001,4.0,20.0,0.2,l,,True
2026-05-27,2026-05-27T13:26:58.355193+00:00,16383,valencia_46001,5.0,100.0,0.05,l,,True
2026-05-27,2026-05-27T13:26:58.355193+00:00,16384,valencia_46001,8.0,80.0,0.1,l,,True
2026-05-27,2026-05-27T13:26:58.355193+00:00,16386,valencia_46001,4.0,333.33,0.012,kg,,True
2026-05-27,2026-05-27T13:26:58.355193+00:00,16389,valencia_46001,5.0,5.0,1.0,ud,,True
2026-05-27,2026-05-27T13:26:58.355193+00:00,16394,valencia_46001,8.5,8.5,1.0,ud,,True
2026-05-27,2026-05-27T13:26:58.355193+00:00,16397,valencia_46001,10.0,10.0,1.0,ud,,True
2026-05-27,2026-05-27T13:26:58.355193+00:00,16398,valencia_46001,10.5,10.5,1.0,ud,,True
2026-05-27,2026-05-27T13:26:58.355193+00:00,16415,valencia_46001,1.75,3.15,0.555,kg,,True
2026-05-27,2026-05-27T13:26:58.355193+00:00,16416,valencia_46001,0.95,2.44,0.39,kg,,True
2026-05-27,2026-05-27T13:26:58.355193+00:00,16431,valencia_46001,3.3,11.0,0.3,l,,True
2026-05-27,2026-05-27T13:26:58.355193+00:00,16438,valencia_46001,2.1,1.4,1.5,l,,True
2026-05-27,2026-05-27T13:26:58.355193+00:00,16440,valencia_46001,1.79,3.58,0.5,l,,True
2026-05-27,2026-05-27T13:26:58.355193+00:00,16441,valencia_46001,1.0,20.83,0.048,kg,,True
2026-05-27,2026-05-27T13:26:58.355193+00:00,16442,valencia_46001,6.9,0.36,0.4636,kg,,True
2026-05-27,2026-05-27T13:26:58.355193+00:00,16443,valencia_46001,1.6,5.33,0.3,kg,,True
2026-05-27,2026-05-27T13:26:58.355193+00:00,16445,valencia_46001,1.05,0.03,0.2,kg,,True
2026-05-27,2026-05-27T13:26:58.355193+00:00,16446,valencia_46001,5.5,5.5,0.1,l,,True
2026-05-27,2026-05-27T13:26:58.355193+00:00,16447,valencia_46001,3.75,3.75,1.0,ud,,True
2026-05-27,2026-05-27T13:26:58.355193+00:00,16455,valencia_46001,3.75,3.75,1.0,ud,,True
2026-05-27,2026-05-27T13:26:58.355193+00:00,16463,valencia_46001,0.9,7.5,0.12,kg,,True
2026-05-27,2026-05-27T13:26:58.355193+00:00,16467,valencia_46001,6.0,12.5,0.48,kg,,True
2026-05-27,2026-05-27T13:26:58.355193+00:00,16472,valencia_46001,4.5,0.19,1.0,ud,,True
2026-05-27,2026-05-27T13:26:58.355193+00:00,16486,valencia_46001,2.5,5.0,0.5,l,,True
2026-05-27,2026-05-27T13:26:58.355193+00:00,16519,valencia_46001,1.5,7.5,0.2,kg,,True
2026-05-27,2026-05-27T13:26:58.355193+00:00,16561,valencia_46001,2.9,5.37,0.54,kg,,True
2026-05-27,2026-05-27T13:26:58.355193+00:00,16616,valencia_46001,1.8,4.0,0.45,kg,,True
2026-05-27,2026-05-27T13:26:58.355193+00:00,16618,valencia_46001,1.0,2.82,0.355,kg,,True
2026-05-27,2026-05-27T13:26:58.355193+00:00,16625,valencia_46001,1.45,4.08,0.355,kg,,True
2026-05-27,2026-05-27T13:26:58.355193+00:00,16663,valencia_46001,1.6,32.0,0.05,kg,,True
2026-05-27,2026-05-27T13:26:58.355193+00:00,16711,valencia_46001,2.65,6.46,0.41,kg,,True
2026-05-27,2026-05-27T13:26:58.355193+00:00,16712,valencia_46001,1.55,3.44,0.45,kg,,True
2026-05-27,2026-05-27T13:26:58.355193+00:00,16714,valencia_46001,1.25,5.56,0.225,kg,,True
2026-05-27,2026-05-27T13:26:58.355193+00:00,16717,valencia_46001,2.2,3.24,0.68,kg,,True
2026-05-27,2026-05-27T13:26:58.355193+00:00,16737,valencia_46001,0.9,1.68,0.535,kg,,True
2026-05-27,2026-05-27T13:26:58.355193+00:00,16757,valencia_46001,2.6,7.43,0.35,kg,,True
2026-05-27,2026-05-27T13:26:58.355193+00:00,16807,valencia_46001,1.15,2.3,0.5,kg,,True
2026-05-27,2026-05-27T13:26:58.355193+00:00,16812,valencia_46001,2.9,12.08,0.24,kg,,True
2026-05-27,2026-05-27T13:26:58.355193+00:00,16819,valencia_46001,3.6,4.8,0.75,l,,True
2026-05-27,2026-05-27T13:26:58.355193+00:00,16827,valencia_46001,1.25,4.17,0.3,kg,,True
2026-05-27,2026-05-27T13:26:58.355193+00:00,16830,valencia_46001,7.95,5.89,1.35,l,,True
2026-05-27,2026-05-27T13:26:58.355193+00:00,16831,valencia_46001,0.8,0.8,1.0,ud,,True
2026-05-27,2026-05-27T13:26:58.355193+00:00,16833,valencia_46001,2.6,13.0,0.2,kg,,True
2026-05-27,2026-05-27T13:26:58.355193+00:00,16858,valencia_46001,1.1,15.71,0.07,kg,,True
2026-05-27,2026-05-27T13:26:58.355193+00:00,16859,valencia_46001,1.1,15.71,0.07,kg,,True
2026-05-27,2026-05-27T13:26:58.355193+00:00,16861,valencia_46001,1.85,12.33,0.15,kg,,True
2026-05-27,2026-05-27T13:26:58.355193+00:00,16864,valencia_46001,0.75,2.5,0.3,kg,,True
2026-05-27,2026-05-27T13:26:58.355193+00:00,16883,valencia_46001,2.65,5.3,0.5,kg,,True
2026-05-27,2026-05-27T13:26:58.355193+00:00,17108,valencia_46001,0.9,1.61,0.56,kg,,True
2026-05-27,2026-05-27T13:26:58.355193+00:00,17110,valencia_46001,1.55,3.88,0.4,kg,,True
2026-05-27,2026-05-27T13:26:58.355193+00:00,17112,valencia_46001,1.3,3.42,0.38,kg,,True
2026-05-27,2026-05-27T13:26:58.355193+00:00,17128,valencia_46001,1.4,2.22,0.63,kg,,True
2026-05-27,2026-05-27T13:26:58.355193+00:00,17131,valencia_46001,1.4,4.67,0.3,kg,,True
2026-05-27,2026-05-27T13:26:58.355193+00:00,17132,valencia_46001,1.35,1.13,1.2,kg,,True
2026-05-27,2026-05-27T13:26:58.355193+00:00,17147,valencia_46001,1.3,32.5,0.04,kg,,True
2026-05-27,2026-05-27T13:26:58.355193+00:00,17150,valencia_46001,1.55,8.61,0.18,l,,True
2026-05-27,2026-05-27T13:26:58.355193+00:00,17151,valencia_46001,0.95,1.51,0.63,kg,,True
2026-05-27,2026-05-27T13:26:58.355193+00:00,17153,valencia_46001,1.2,3.16,0.38,kg,,True
2026-05-27,2026-05-27T13:26:58.355193+00:00,17163,valencia_46001,2.0,3.57,0.56,kg,,True
2026-05-27,2026-05-27T13:26:58.355193+00:00,17172,valencia_46001,1.1,5.5,0.2,l,,True
2026-05-27,2026-05-27T13:26:58.355193+00:00,17173,valencia_46001,1.6,10.0,0.16,l,,True
2026-05-27,2026-05-27T13:26:58.355193+00:00,17174,valencia_46001,1.4,3.5,0.4,l,,True
2026-05-27,2026-05-27T13:26:58.355193+00:00,17228,valencia_46001,1.25,6.25,0.2,kg,,True
2026-05-27,2026-05-27T13:26:58.355193+00:00,17259,valencia_46001,3.1,38.75,0.08,kg,,True
2026-05-27,2026-05-27T13:26:58.355193+00:00,17265,valencia_46001,1.8,12.0,0.15,l,,True
2026-05-27,2026-05-27T13:26:58.355193+00:00,17327,valencia_46001,1.2,3.87,0.31,l,,True
2026-05-27,2026-05-27T13:26:58.355193+00:00,17330,valencia_46001,1.1,1.96,0.56,kg,,True
2026-05-27,2026-05-27T13:26:58.355193+00:00,17346,valencia_46001,1.15,3.29,0.35,kg,,True
2026-05-27,2026-05-27T13:26:58.355193+00:00,17347,valencia_46001,1.4,5.6,0.25,l,,True
2026-05-27,2026-05-27T13:26:58.355193+00:00,17360,valencia_46001,1.2,4.8,0.25,l,,True
2026-05-27,2026-05-27T13:26:58.355193+00:00,17362,valencia_46001,1.7,6.8,0.25,l,,True
2026-05-27,2026-05-27T13:26:58.355193+00:00,17366,valencia_46001,1.4,4.52,0.31,l,,True
2026-05-27,2026-05-27T13:26:58.355193+00:00,17382,valencia_46001,2.5,10.0,0.25,l,,True
2026-05-27,2026-05-27T13:26:58.355193+00:00,17386,valencia_46001,1.4,5.6,0.25,l,,True
2026-05-27,2026-05-27T13:26:58.355193+00:00,17396,valencia_46001,1.0,5.13,0.195,l,,True
2026-05-27,2026-05-27T13:26:58.355193+00:00,17409,valencia_46001,1.45,8.06,0.18,kg,,True
2026-05-27,2026-05-27T13:26:58.355193+00:00,17410,valencia_46001,1.45,10.36,0.14,kg,,True
2026-05-27,2026-05-27T13:26:58.355193+00:00,17441,valencia_46001,2.95,14.75,0.2,kg,,True
2026-05-27,2026-05-27T13:26:58.355193+00:00,17502,valencia_46001,1.25,25.0,0.05,kg,,True
2026-05-27,2026-05-27T13:26:58.355193+00:00,17542,valencia_46001,3.6,0.9,4.0,l,,True
2026-05-27,2026-05-27T13:26:58.355193+00:00,18002,valencia_46001,4.9,10.21,0.48,kg,,True
2026-05-27,2026-05-27T13:26:58.355193+00:00,18011,valencia_46001,3.3,29.73,0.111,kg,,True
2026-05-27,2026-05-27T13:26:58.355193+00:00,18018,valencia_46001,4.2,8.75,0.48,kg,,True
2026-05-27,2026-05-27T13:26:58.355193+00:00,18030,valencia_46001,7.7,8.56,0.9,kg,,True
2026-05-27,2026-05-27T13:26:58.355193+00:00,18031,valencia_46001,4.6,9.58,0.48,kg,,True
2026-05-27,2026-05-27T13:26:58.355193+00:00,18037,valencia_46001,2.1,8.75,0.24,kg,,True
2026-05-27,2026-05-27T13:26:58.355193+00:00,18054,valencia_46001,3.7,18.97,0.195,kg,,True
2026-05-27,2026-05-27T13:26:58.355193+00:00,18055,valencia_46001,4.2,8.75,0.48,kg,,True
2026-05-27,2026-05-27T13:26:58.355193+00:00,18071,valencia_46001,1.55,13.96,0.111,kg,,True
2026-05-27,2026-05-27T13:26:58.355193+00:00,18086,valencia_46001,6.5,7.22,0.9,kg,,True
2026-05-27,2026-05-27T13:26:58.355193+00:00,18092,valencia_46001,2.7,11.25,0.24,kg,,True
2026-05-27,2026-05-27T13:26:58.355193+00:00,18102,valencia_46001,8.1,20.25,0.4,kg,,True
2026-05-27,2026-05-27T13:26:58.355193+00:00,18107,valencia_46001,1.85,15.42,0.12,kg,,True
2026-05-27,2026-05-27T13:26:58.355193+00:00,18114,valencia_46001,1.8,20.0,0.09,kg,,True
2026-05-27,2026-05-27T13:26:58.355193+00:00,18116,valencia_46001,3.2,14.41,0.222,kg,,True
2026-05-27,2026-05-27T13:26:58.355193+00:00,18209,valencia_46001,1.65,9.17,0.18,kg,,True
2026-05-27,2026-05-27T13:26:58.355193+00:00,18210,valencia_46001,2.05,11.39,0.18,kg,,True
2026-05-27,2026-05-27T13:26:58.355193+00:00,18211,valencia_46001,1.95,10.83,0.18,kg,,True
2026-05-27,2026-05-27T13:26:58.355193+00:00,18212,valencia_46001,1.8,10.0,0.18,kg,,True
2026-05-27,2026-05-27T13:26:58.355193+00:00,18214,valencia_46001,2.05,11.39,0.18,kg,,True
2026-05-27,2026-05-27T13:26:58.355193+00:00,18225,valencia_46001,2.2,9.4,0.234,kg,,True
2026-05-27,2026-05-27T13:26:58.355193+00:00,18402,valencia_46001,6.75,48.21,0.14,kg,,True
2026-05-27,2026-05-27T13:26:58.355193+00:00,18407,valencia_46001,2.1,17.5,0.12,kg,,True
2026-05-27,2026-05-27T13:26:58.355193+00:00,18408,valencia_46001,2.8,23.33,0.12,kg,,True
2026-05-27,2026-05-27T13:26:58.355193+00:00,18433,valencia_46001,1.3,30.95,0.042,kg,,True
2026-05-27,2026-05-27T13:26:58.355193+00:00,18436,valencia_46001,2.15,25.29,0.085,kg,,True
2026-05-27,2026-05-27T13:26:58.355193+00:00,18509,valencia_46001,3.2,17.3,0.185,kg,,True
2026-05-27,2026-05-27T13:26:58.355193+00:00,18552,valencia_46001,1.2,10.81,0.111,kg,,True
2026-05-27,2026-05-27T13:26:58.355193+00:00,18562,valencia_46001,1.85,5.36,0.345,kg,,True
2026-05-27,2026-05-27T13:26:58.355193+00:00,18602,valencia_46001,2.8,25.23,0.111,kg,,True
2026-05-27,2026-05-27T13:26:58.355193+00:00,18615,valencia_46001,2.65,7.57,0.35,kg,,True
2026-05-27,2026-05-27T13:26:58.355193+00:00,18619,valencia_46001,2.15,19.37,0.111,kg,,True
2026-05-27,2026-05-27T13:26:58.355193+00:00,18620,valencia_46001,2.0,18.02,0.111,kg,,True
2026-05-27,2026-05-27T13:26:58.355193+00:00,18621,valencia_46001,2.0,18.02,0.111,kg,,True
2026-05-27,2026-05-27T13:26:58.355193+00:00,18622,valencia_46001,2.0,18.02,0.111,kg,,True
2026-05-27,2026-05-27T13:26:58.355193+00:00,18713,valencia_46001,2.8,11.67,0.24,kg,,True
2026-05-27,2026-05-27T13:26:58.355193+00:00,18714,valencia_46001,3.1,12.92,0.24,kg,,True
2026-05-27,2026-05-27T13:26:58.355193+00:00,18729,valencia_46001,3.2,13.33,0.24,kg,,True
2026-05-27,2026-05-27T13:26:58.355193+00:00,18808,valencia_46001,1.95,26.0,0.075,kg,,True
2026-05-27,2026-05-27T13:26:58.355193+00:00,18817,valencia_46001,3.55,14.79,0.24,kg,,True
2026-05-27,2026-05-27T13:26:58.355193+00:00,1892,valencia_46001,1.89,5.4,0.35,kg,,True
2026-05-27,2026-05-27T13:26:58.355193+00:00,1908,valencia_46001,3.75,1.88,1.0,ud,,True
2026-05-27,2026-05-27T13:26:58.355193+00:00,19713,valencia_46001,2.3,9.2,0.25,kg,,True
2026-05-27,2026-05-27T13:26:58.355193+00:00,19726,valencia_46001,3.35,4.47,0.75,kg,,True
2026-05-27,2026-05-27T13:26:58.355193+00:00,19731,valencia_46001,0.4,0.4,1.0,kg,,True
2026-05-27,2026-05-27T13:26:58.355193+00:00,19732,valencia_46001,0.45,0.45,1.0,kg,,True
2026-05-27,2026-05-27T13:26:58.355193+00:00,19733,valencia_46001,0.4,0.4,1.0,kg,,True
2026-05-27,2026-05-27T13:26:58.355193+00:00,19734,valencia_46001,1.4,0.7,2.0,kg,,True
2026-05-27,2026-05-27T13:26:58.355193+00:00,19740,valencia_46001,2.0,16.0,0.125,kg,,True
2026-05-27,2026-05-27T13:26:58.355193+00:00,19802,valencia_46001,1.15,22.12,0.052,kg,,True
2026-05-27,2026-05-27T13:26:58.355193+00:00,19808,valencia_46001,1.05,17.5,0.06,kg,,True
2026-05-27,2026-05-27T13:26:58.355193+00:00,19812,valencia_46001,1.85,205.56,0.009,kg,,True
2026-05-27,2026-05-27T13:26:58.355193+00:00,19817,valencia_46001,3.05,15.25,0.2,kg,,True
2026-05-27,2026-05-27T13:26:58.355193+00:00,19820,valencia_46001,2.05,13.67,0.15,l,,True
2026-05-27,2026-05-27T13:26:58.355193+00:00,19825,valencia_46001,2.1,38.89,0.054,kg,,True
2026-05-27,2026-05-27T13:26:58.355193+00:00,19832,valencia_46001,1.75,5.0,0.35,kg,,True
2026-05-27,2026-05-27T13:26:58.355193+00:00,19837,valencia_46001,1.55,4.43,0.35,kg,,True
2026-05-27,2026-05-27T13:26:58.355193+00:00,19846,valencia_46001,17.0,7.73,2.2,kg,,True
2026-05-27,2026-05-27T13:26:58.355193+00:00,19847,valencia_46001,0.85,2.36,0.36,kg,,True
2026-05-27,2026-05-27T13:26:58.355193+00:00,19848,valencia_46001,0.85,2.36,0.36,kg,,True
2026-05-27,2026-05-27T13:26:58.355193+00:00,19852,valencia_46001,3.95,5.27,0.75,kg,,True
2026-05-27,2026-05-27T13:26:58.355193+00:00,19855,valencia_46001,1.6,16.0,0.1,kg,,True
2026-05-27,2026-05-27T13:26:58.355193+00:00,19859,valencia_46001,2.05,4.1,0.5,kg,,True
2026-05-27,2026-05-27T13:26:58.355193+00:00,19860,valencia_46001,2.6,7.43,0.35,kg,,True
2026-05-27,2026-05-27T13:26:58.355193+00:00,19862,valencia_46001,2.55,17.0,0.2,kg,,True
2026-05-27,2026-05-27T13:26:58.355193+00:00,19866,valencia_46001,2.0,5.71,0.35,kg,,True
2026-05-27,2026-05-27T13:26:58.355193+00:00,19867,valencia_46001,4.9,27.22,0.18,kg,,True
2026-05-27,2026-05-27T13:26:58.355193+00:00,19868,valencia_46001,2.7,9.31,0.29,l,,True
2026-05-27,2026-05-27T13:26:58.355193+00:00,19876,valencia_46001,7.84,2.97,2.64,l,,True
2026-05-27,2026-05-27T13:26:58.355193+00:00,19880,valencia_46001,13.8,9.86,1.4,kg,,True
2026-05-27,2026-05-27T13:26:58.355193+00:00,19881,valencia_46001,6.35,9.07,0.7,l,,True
2026-05-27,2026-05-27T13:26:58.355193+00:00,19882,valencia_46001,1.7,4.86,0.35,kg,,True
2026-05-27,2026-05-27T13:26:58.355193+00:00,19897,valencia_46001,0.9,0.9,1.0,kg,,True
2026-05-27,2026-05-27T13:26:58.355193+00:00,19904,valencia_46001,2.3,3.07,0.75,kg,,True
2026-05-27,2026-05-27T13:26:58.355193+00:00,19907,valencia_46001,1.3,16.25,0.08,kg,,True
2026-05-27,2026-05-27T13:26:58.355193+00:00,19908,valencia_46001,1.15,1.15,1.0,l,,True
2026-05-27,2026-05-27T13:26:58.355193+00:00,19909,valencia_46001,1.35,15.0,0.09,kg,,True
2026-05-27,2026-05-27T13:26:58.355193+00:00,19914,valencia_46001,1.7,2.27,0.75,l,,True
2026-05-27,2026-05-27T13:26:58.355193+00:00,19924,valencia_46001,5.5,11.0,0.5,kg,,True
2026-05-27,2026-05-27T13:26:58.355193+00:00,19938,valencia_46001,6.0,6.0,1.0,ud,,True
2026-05-27,2026-05-27T13:26:58.355193+00:00,19939,valencia_46001,10.0,10.0,1.0,ud,,True
2026-05-27,2026-05-27T13:26:58.355193+00:00,19940,valencia_46001,3.8,0.19,0.11,kg,,True
2026-05-27,2026-05-27T13:26:58.355193+00:00,19948,valencia_46001,11.0,110.0,0.1,l,,True
2026-05-27,2026-05-27T13:26:58.355193+00:00,19949,valencia_46001,0.65,10.0,0.065,kg,,True
2026-05-27,2026-05-27T13:26:58.355193+00:00,19951,valencia_46001,8.0,80.0,0.1,l,,True
2026-05-27,2026-05-27T13:26:58.355193+00:00,19953,valencia_46001,8.0,80.0,0.1,l,,True
2026-05-27,2026-05-27T13:26:58.355193+00:00,19954,valencia_46001,11.0,110.0,0.1,l,,True
2026-05-27,2026-05-27T13:26:58.355193+00:00,19958,valencia_46001,3.59,5.28,0.68,kg,,True
2026-05-27,2026-05-27T13:26:58.355193+00:00,19959,valencia_46001,3.0,11.54,0.26,kg,,True
2026-05-27,2026-05-27T13:26:58.355193+00:00,19974,valencia_46001,3.7,12.33,0.3,kg,,True
2026-05-27,2026-05-27T13:26:58.355193+00:00,19975,valencia_46001,1.2,8.0,0.15,kg,,True
2026-05-27,2026-05-27T13:26:58.355193+00:00,19985,valencia_46001,1.15,4.11,0.28,kg,,True
2026-05-27,2026-05-27T13:26:58.355193+00:00,19988,valencia_46001,2.5,16.67,0.15,kg,,True
2026-05-27,2026-05-27T13:26:58.355193+00:00,19994,valencia_46001,3.25,10.83,0.3,kg,,True
2026-05-27,2026-05-27T13:26:58.355193+00:00,19996,valencia_46001,3.6,15.0,0.24,kg,,True
2026-05-27,2026-05-27T13:26:58.355193+00:00,20001,valencia_46001,2.4,1.2,2.0,kg,,True
2026-05-27,2026-05-27T13:26:58.355193+00:00,20020,valencia_46001,2.14,8.56,0.25,kg,,True
2026-05-27,2026-05-27T13:26:58.355193+00:00,20029,valencia_46001,1.1,2.2,0.5,kg,,True
2026-05-27,2026-05-27T13:26:58.355193+00:00,20031,valencia_46001,1.0,2.08,0.48,kg,,True
2026-05-27,2026-05-27T13:26:58.355193+00:00,20032,valencia_46001,0.75,1.5,0.5,kg,,True
2026-05-27,2026-05-27T13:26:58.355193+00:00,20033,valencia_46001,0.75,1.5,0.5,kg,,True
2026-05-27,2026-05-27T13:26:58.355193+00:00,20037,valencia_46001,1.0,2.08,0.48,kg,,True
2026-05-27,2026-05-27T13:26:58.355193+00:00,20040,valencia_46001,0.75,1.5,0.5,kg,,True
2026-05-27,2026-05-27T13:26:58.355193+00:00,20041,valencia_46001,0.75,1.5,0.5,kg,,True
2026-05-27,2026-05-27T13:26:58.355193+00:00,20057,valencia_46001,1.0,2.08,0.48,kg,,True
2026-05-27,2026-05-27T13:26:58.355193+00:00,20140,valencia_46001,1.25,12.5,0.1,kg,,True
2026-05-27,2026-05-27T13:26:58.355193+00:00,20150,valencia_46001,2.4,16.0,0.15,kg,,True
2026-05-27,2026-05-27T13:26:58.355193+00:00,20154,valencia_46001,1.5,30.0,0.05,kg,,True
2026-05-27,2026-05-27T13:26:58.355193+00:00,20164,valencia_46001,1.35,2.7,0.5,kg,,True
2026-05-27,2026-05-27T13:26:58.355193+00:00,20196,valencia_46001,1.6,6.4,0.25,kg,,True
2026-05-27,2026-05-27T13:26:58.355193+00:00,20200,valencia_46001,1.2,3.0,0.4,kg,,True
2026-05-27,2026-05-27T13:26:58.355193+00:00,20210,valencia_46001,1.05,1.4,0.75,kg,,True
2026-05-27,2026-05-27T13:26:58.355193+00:00,20221,valencia_46001,1.05,1.4,0.75,kg,,True
2026-05-27,2026-05-27T13:26:58.355193+00:00,20260,valencia_46001,1.99,2.07,0.96,kg,,True
2026-05-27,2026-05-27T13:26:58.355193+00:00,20273,valencia_46001,2.5,16.67,0.15,kg,,True
2026-05-27,2026-05-27T13:26:58.355193+00:00,20277,valencia_46001,1.5,9.38,0.16,kg,,True
2026-05-27,2026-05-27T13:26:58.355193+00:00,20281,valencia_46001,4.4,0.18,1.0,ud,,True
2026-05-27,2026-05-27T13:26:58.355193+00:00,20287,valencia_46001,2.1,4.2,0.5,kg,,True
2026-05-27,2026-05-27T13:26:58.355193+00:00,20288,valencia_46001,4.4,0.18,1.0,ud,,True
2026-05-27,2026-05-27T13:26:58.355193+00:00,20290,valencia_46001,4.4,0.18,1.0,ud,,True
2026-05-27,2026-05-27T13:26:58.355193+00:00,20292,valencia_46001,1.85,4.63,0.4,kg,,True
2026-05-27,2026-05-27T13:26:58.355193+00:00,20299,valencia_46001,2.1,51.22,0.041,kg,,True
2026-05-27,2026-05-27T13:26:58.355193+00:00,20321,valencia_46001,1.79,2.98,0.6,l,,True
2026-05-27,2026-05-27T13:26:58.355193+00:00,20349,valencia_46001,1.9,3.58,0.53,kg,,True
2026-05-27,2026-05-27T13:26:58.355193+00:00,20356,valencia_46001,11.5,12.23,0.94,kg,,True
2026-05-27,2026-05-27T13:26:58.355193+00:00,20359,valencia_46001,1.85,115.63,0.016,l,,True
2026-05-27,2026-05-27T13:26:58.355193+00:00,20376,valencia_46001,1.25,2.5,0.5,kg,,True
2026-05-27,2026-05-27T13:26:58.355193+00:00,20379,valencia_46001,1.25,2.5,0.5,kg,,True
2026-05-27,2026-05-27T13:26:58.355193+00:00,20499,valencia_46001,1.3,4.33,0.3,kg,,True
2026-05-27,2026-05-27T13:26:58.355193+00:00,20504,valencia_46001,1.65,2.2,0.75,kg,,True
2026-05-27,2026-05-27T13:26:58.355193+00:00,20512,valencia_46001,2.2,2.2,1.0,kg,,True
2026-05-27,2026-05-27T13:26:58.355193+00:00,20531,valencia_46001,1.7,3.4,0.5,kg,,True
2026-05-27,2026-05-27T13:26:58.355193+00:00,20559,valencia_46001,1.45,1.93,0.75,kg,,True
2026-05-27,2026-05-27T13:26:58.355193+00:00,20571,valencia_46001,1.85,2.47,0.75,kg,,True
2026-05-27,2026-05-27T13:26:58.355193+00:00,20584,valencia_46001,1.05,1.4,0.75,kg,,True
2026-05-27,2026-05-27T13:26:58.355193+00:00,20593,valencia_46001,1.4,3.04,0.46,kg,,True
2026-05-27,2026-05-27T13:26:58.355193+00:00,20612,valencia_46001,1.5,1.5,1.0,kg,,True
2026-05-27,2026-05-27T13:26:58.355193+00:00,20613,valencia_46001,1.5,1.5,1.0,kg,,True
2026-05-27,2026-05-27T13:26:58.355193+00:00,20627,valencia_46001,2.25,1.88,1.2,kg,,True
2026-05-27,2026-05-27T13:26:58.355193+00:00,20629,valencia_46001,1.5,1.5,1.0,kg,,True
2026-05-27,2026-05-27T13:26:58.355193+00:00,20640,valencia_46001,2.25,1.88,1.2,kg,,True
2026-05-27,2026-05-27T13:26:58.355193+00:00,20709,valencia_46001,4.95,4.13,1.2,kg,,True
2026-05-27,2026-05-27T13:26:58.355193+00:00,20716,valencia_46001,2.1,8.4,0.25,kg,,True
2026-05-27,2026-05-27T13:26:58.355193+00:00,20722,valencia_46001,2.1,8.4,0.25,kg,,True
2026-05-27,2026-05-27T13:26:58.355193+00:00,20727,valencia_46001,2.45,9.8,0.25,kg,,True
2026-05-27,2026-05-27T13:26:58.355193+00:00,20738,valencia_46001,4.95,4.13,1.2,kg,,True
2026-05-27,2026-05-27T13:26:58.355193+00:00,20830,valencia_46001,1.4,1.87,0.75,kg,,True
2026-05-27,2026-05-27T13:26:58.355193+00:00,20846,valencia_46001,1.5,3.0,0.5,kg,,True
2026-05-27,2026-05-27T13:26:58.355193+00:00,20849,valencia_46001,1.55,3.1,0.5,kg,,True
2026-05-27,2026-05-27T13:26:58.355193+00:00,20852,valencia_46001,2.05,13.67,0.15,kg,,True
2026-05-27,2026-05-27T13:26:58.355193+00:00,20859,valencia_46001,1.2,7.06,0.17,kg,,True
2026-05-27,2026-05-27T13:26:58.355193+00:00,20876,valencia_46001,1.45,2.9,0.5,kg,,True
2026-05-27,2026-05-27T13:26:58.355193+00:00,20891,valencia_46001,2.5,25.0,0.1,kg,,True
2026-05-27,2026-05-27T13:26:58.355193+00:00,20893,valencia_46001,4.0,14.29,0.28,kg,,True
2026-05-27,2026-05-27T13:26:58.355193+00:00,20908,valencia_46001,1.4,2.92,0.48,kg,,True
2026-05-27,2026-05-27T13:26:58.355193+00:00,20919,valencia_46001,3.75,4.69,0.8,kg,,True
2026-05-27,2026-05-27T13:26:58.355193+00:00,20930,valencia_46001,1.3,1.3,1.0,l,,True
2026-05-27,2026-05-27T13:26:58.355193+00:00,20931,valencia_46001,1.75,10.0,0.175,kg,,True
2026-05-27,2026-05-27T13:26:58.355193+00:00,20940,valencia_46001,5.9,5.9,1.0,kg,,True
2026-05-27,2026-05-27T13:26:58.355193+00:00,20941,valencia_46001,5.9,5.9,1.0,kg,,True
2026-05-27,2026-05-27T13:26:58.355193+00:00,20946,valencia_46001,2.6,5.42,0.48,kg,,True
2026-05-27,2026-05-27T13:26:58.355193+00:00,20947,valencia_46001,2.6,5.42,0.48,kg,,True
2026-05-27,2026-05-27T13:26:58.355193+00:00,20953,valencia_46001,1.3,2.6,0.5,kg,,True
2026-05-27,2026-05-27T13:26:58.355193+00:00,20954,valencia_46001,3.9,11.82,0.33,l,,True
2026-05-27,2026-05-27T13:26:58.355193+00:00,20955,valencia_46001,3.9,11.82,0.33,l,,True
2026-05-27,2026-05-27T13:26:58.355193+00:00,20956,valencia_46001,3.9,11.82,0.33,l,,True
2026-05-27,2026-05-27T13:26:58.355193+00:00,20959,valencia_46001,4.65,0.19,0.528,kg,,True
2026-05-27,2026-05-27T13:26:58.355193+00:00,20991,valencia_46001,2.65,10.6,0.25,kg,,True
2026-05-27,2026-05-27T13:26:58.355193+00:00,20996,valencia_46001,1.55,3.23,0.48,kg,,True
2026-05-27,2026-05-27T13:26:58.355193+00:00,21061,valencia_46001,1.75,3.65,0.48,kg,,True
2026-05-27,2026-05-27T13:26:58.355193+00:00,21073,valencia_46001,1.55,3.23,0.48,kg,,True
2026-05-27,2026-05-27T13:26:58.355193+00:00,21101,valencia_46001,8.23,17.5,0.47,kg,,True
2026-05-27,2026-05-27T13:26:58.355193+00:00,21151,valencia_46001,1.55,3.23,0.48,kg,,True
2026-05-27,2026-05-27T13:26:58.355193+00:00,21160,valencia_46001,1.7,3.4,0.5,kg,,True
2026-05-27,2026-05-27T13:26:58.355193+00:00,21193,valencia_46001,1.15,1.53,0.75,kg,,True
2026-05-27,2026-05-27T13:26:58.355193+00:00,21199,valencia_46001,0.9,1.8,0.5,kg,,True
2026-05-27,2026-05-27T13:26:58.355193+00:00,21227,valencia_46001,4.09,8.7,0.47,kg,,True
2026-05-27,2026-05-27T13:26:58.355193+00:00,21235,valencia_46001,3.44,8.4,0.41,kg,,True
2026-05-27,2026-05-27T13:26:58.355193+00:00,21256,valencia_46001,1.4,2.8,0.5,kg,,True
2026-05-27,2026-05-27T13:26:58.355193+00:00,21307,valencia_46001,1.2,1.6,0.75,kg,,True
2026-05-27,2026-05-27T13:26:58.355193+00:00,21311,valencia_46001,1.3,2.6,0.5,kg,,True
2026-05-27,2026-05-27T13:26:58.355193+00:00,21312,valencia_46001,1.3,2.6,0.5,kg,,True
2026-05-27,2026-05-27T13:26:58.355193+00:00,21318,valencia_46001,1.3,2.6,0.5,kg,,True
2026-05-27,2026-05-27T13:26:58.355193+00:00,21321,valencia_46001,1.4,1.4,1.0,kg,,True
2026-05-27,2026-05-27T13:26:58.355193+00:00,21327,valencia_46001,1.3,2.6,0.5,kg,,True
2026-05-27,2026-05-27T13:26:58.355193+00:00,21329,valencia_46001,1.3,2.6,0.5,kg,,True
2026-05-27,2026-05-27T13:26:58.355193+00:00,21330,valencia_46001,1.3,2.6,0.5,kg,,True
2026-05-27,2026-05-27T13:26:58.355193+00:00,21331,valencia_46001,1.3,2.6,0.5,kg,,True
2026-05-27,2026-05-27T13:26:58.355193+00:00,21332,valencia_46001,1.3,2.6,0.5,kg,,True
2026-05-27,2026-05-27T13:26:58.355193+00:00,21333,valencia_46001,1.15,4.11,0.28,kg,,True
2026-05-27,2026-05-27T13:26:58.355193+00:00,21336,valencia_46001,1.2,6.67,0.18,kg,,True
2026-05-27,2026-05-27T13:26:58.355193+00:00,21358,valencia_46001,2.2,2.2,1.0,kg,,True
2026-05-27,2026-05-27T13:26:58.355193+00:00,21362,valencia_46001,0.9,1.8,0.5,kg,,True
2026-05-27,2026-05-27T13:26:58.355193+00:00,21366,valencia_46001,1.9,10.56,0.18,kg,,True
2026-05-27,2026-05-27T13:26:58.355193+00:00,21369,valencia_46001,2.3,5.75,0.4,kg,,True
2026-05-27,2026-05-27T13:26:58.355193+00:00,2137,valencia_46001,2.2,7.86,0.28,kg,,True
2026-05-27,2026-05-27T13:26:58.355193+00:00,21377,valencia_46001,1.4,1.87,0.75,kg,,True
2026-05-27,2026-05-27T13:26:58.355193+00:00,21378,valencia_46001,1.15,4.11,0.28,kg,,True
2026-05-27,2026-05-27T13:26:58.355193+00:00,21392,valencia_46001,2.5,3.13,0.8,kg,,True
2026-05-27,2026-05-27T13:26:58.355193+00:00,21398,valencia_46001,4.15,0.35,12.0,ud,,True
2026-05-27,2026-05-27T13:26:58.355193+00:00,21399,valencia_46001,6.0,30.0,0.2,l,,True
2026-05-27,2026-05-27T13:26:58.355193+00:00,21402,valencia_46001,6.0,80.0,0.075,l,,True
2026-05-27,2026-05-27T13:26:58.355193+00:00,21432,valencia_46001,0.29,5.75,0.05,kg,,True
2026-05-27,2026-05-27T13:26:58.355193+00:00,21435,valencia_46001,2.8,15.56,0.18,kg,,True
2026-05-27,2026-05-27T13:26:58.355193+00:00,21441,valencia_46001,7.5,7.5,3.0,ud,,True
2026-05-27,2026-05-27T13:26:58.355193+00:00,21442,valencia_46001,6.0,6.0,4.0,ud,,True
2026-05-27,2026-05-27T13:26:58.355193+00:00,21443,valencia_46001,5.5,5.5,2.0,ud,,True
2026-05-27,2026-05-27T13:26:58.355193+00:00,21448,valencia_46001,2.2,5.5,0.4,kg,,True
2026-05-27,2026-05-27T13:26:58.355193+00:00,21450,valencia_46001,1.75,14.0,0.125,kg,,True
2026-05-27,2026-05-27T13:26:58.355193+00:00,21463,valencia_46001,1.9,4.75,0.4,l,,True
2026-05-27,2026-05-27T13:26:58.355193+00:00,21466,valencia_46001,2.4,6.0,0.4,l,,True
2026-05-27,2026-05-27T13:26:58.355193+00:00,21472,valencia_46001,0.3,5.75,0.052,kg,,True
2026-05-27,2026-05-27T13:26:58.355193+00:00,21487,valencia_46001,3.4,2.83,1.2,kg,,True
2026-05-27,2026-05-27T13:26:58.355193+00:00,21489,valencia_46001,3.0,24.0,0.125,kg,,True
2026-05-27,2026-05-27T13:26:58.355193+00:00,21490,valencia_46001,3.4,2.83,1.2,kg,,True
2026-05-27,2026-05-27T13:26:58.355193+00:00,21491,valencia_46001,2.75,13.48,0.2044,kg,,True
2026-05-27,2026-05-27T13:26:58.355193+00:00,21494,valencia_46001,2.25,1.13,1.0,ud,,True
2026-05-27,2026-05-27T13:26:58.355193+00:00,21497,valencia_46001,5.0,3.79,1.32,l,,True
2026-05-27,2026-05-27T13:26:58.355193+00:00,21507,valencia_46001,4.5,4.5,0.0085,l,,True
2026-05-27,2026-05-27T13:26:58.355193+00:00,21508,valencia_46001,5.0,5.0,0.0085,l,,True
2026-05-27,2026-05-27T13:26:58.355193+00:00,21509,valencia_46001,2.34,1.56,1.5,l,,True
2026-05-27,2026-05-27T13:26:58.355193+00:00,21510,valencia_46001,0.39,1.56,0.25,l,,True
2026-05-27,2026-05-27T13:26:58.355193+00:00,21534,valencia_46001,4.9,1.63,3.0,l,,True
2026-05-27,2026-05-27T13:26:58.355193+00:00,21535,valencia_46001,10.85,1.09,10.0,kg,,True
2026-05-27,2026-05-27T13:26:58.355193+00:00,21537,valencia_46001,2.0,4.44,0.45,kg,,True
2026-05-27,2026-05-27T13:26:58.355193+00:00,21538,valencia_46001,2.1,4.67,0.45,kg,,True
2026-05-27,2026-05-27T13:26:58.355193+00:00,21540,valencia_46001,0.95,7.92,0.12,kg,,True
2026-05-27,2026-05-27T13:26:58.355193+00:00,21544,valencia_46001,3.0,10.0,0.3,l,,True
2026-05-27,2026-05-27T13:26:58.355193+00:00,21545,valencia_46001,2.5,12.5,0.2,l,,True
2026-05-27,2026-05-27T13:26:58.355193+00:00,21548,valencia_46001,1.3,1.3,1.0,l,,True
2026-05-27,2026-05-27T13:26:58.355193+00:00,21549,valencia_46001,7.35,17.5,0.42,kg,,True
2026-05-27,2026-05-27T13:26:58.355193+00:00,21552,valencia_46001,1.35,58.7,0.023,kg,,True
2026-05-27,2026-05-27T13:26:58.355193+00:00,21553,valencia_46001,3.85,7.7,0.5,kg,,True
2026-05-27,2026-05-27T13:26:58.355193+00:00,21556,valencia_46001,2.6,2.17,1.2,kg,,True
2026-05-27,2026-05-27T13:26:58.355193+00:00,21557,valencia_46001,2.6,2.17,1.2,kg,,True
2026-05-27,2026-05-27T13:26:58.355193+00:00,21563,valencia_46001,2.95,29.5,0.1,kg,,True
2026-05-27,2026-05-27T13:26:58.355193+00:00,21565,valencia_46001,3.42,9.0,0.38,kg,,True
2026-05-27,2026-05-27T13:26:58.355193+00:00,21568,valencia_46001,1.35,0.34,1.0,ud,,True
2026-05-27,2026-05-27T13:26:58.355193+00:00,21569,valencia_46001,1.35,0.34,1.0,ud,,True
2026-05-27,2026-05-27T13:26:58.355193+00:00,21570,valencia_46001,1.35,0.34,1.0,ud,,True
2026-05-27,2026-05-27T13:26:58.355193+00:00,21571,valencia_46001,2.75,7.86,0.35,kg,,True
2026-05-27,2026-05-27T13:26:58.355193+00:00,21576,valencia_46001,0.35,5.0,0.07,kg,,True
2026-05-27,2026-05-27T13:26:58.355193+00:00,21578,valencia_46001,3.25,6.5,0.5,l,,True
2026-05-27,2026-05-27T13:26:58.355193+00:00,21581,valencia_46001,1.85,9.25,0.2,kg,,True
2026-05-27,2026-05-27T13:26:58.355193+00:00,21584,valencia_46001,1.45,5.8,0.25,kg,,True
2026-05-27,2026-05-27T13:26:58.355193+00:00,21588,valencia_46001,0.95,7.92,0.12,kg,,True
2026-05-27,2026-05-27T13:26:58.355193+00:00,21593,valencia_46001,2.5,2.5,0.011,l,,True
2026-05-27,2026-05-27T13:26:58.355193+00:00,21594,valencia_46001,2.9,7.25,0.4,kg,,True
2026-05-27,2026-05-27T13:26:58.355193+00:00,21596.1,valencia_46001,1.25,5.0,0.25,kg,,True
2026-05-27,2026-05-27T13:26:58.355193+00:00,21596.2,valencia_46001,1.25,5.0,0.25,kg,,True
2026-05-27,2026-05-27T13:26:58.355193+00:00,21599,valencia_46001,7.0,233.33,0.03,l,,True
2026-05-27,2026-05-27T13:26:58.355193+00:00,21601,valencia_46001,2.95,6.56,0.45,kg,,True
2026-05-27,2026-05-27T13:26:58.355193+00:00,21604,valencia_46001,4.6,8.52,0.54,l,,True
2026-05-27,2026-05-27T13:26:58.355193+00:00,21605,valencia_46001,3.0,13.89,0.216,l,,True
2026-05-27,2026-05-27T13:26:58.355193+00:00,21608,valencia_46001,1.1,1.53,0.72,kg,,True
2026-05-27,2026-05-27T13:26:58.355193+00:00,21614,valencia_46001,12.25,2.45,5.0,kg,,True
2026-05-27,2026-05-27T13:26:58.355193+00:00,21617,valencia_46001,13.25,2.65,5.0,kg,,True
2026-05-27,2026-05-27T13:26:58.355193+00:00,21625,valencia_46001,1.4,4.24,0.33,l,,True
2026-05-27,2026-05-27T13:26:58.355193+00:00,21628,valencia_46001,2.3,10.22,0.225,kg,,True
2026-05-27,2026-05-27T13:26:58.355193+00:00,21632,valencia_46001,2.3,7.67,0.3,kg,,True
2026-05-27,2026-05-27T13:26:58.355193+00:00,21633,valencia_46001,2.0,6.67,0.3,kg,,True
2026-05-27,2026-05-27T13:26:58.355193+00:00,21634,valencia_46001,2.0,6.67,0.3,kg,,True
2026-05-27,2026-05-27T13:26:58.355193+00:00,21636,valencia_46001,3.5,23.33,0.15,kg,,True
2026-05-27,2026-05-27T13:26:58.355193+00:00,21637,valencia_46001,6.0,6.0,0.009,kg,,True
2026-05-27,2026-05-27T13:26:58.355193+00:00,21638,valencia_46001,6.0,6.0,0.006,kg,,True
2026-05-27,2026-05-27T13:26:58.355193+00:00,21643,valencia_46001,6.5,130.0,0.05,l,,True
2026-05-27,2026-05-27T13:26:58.355193+00:00,21644,valencia_46001,3.9,1.3,0.06,l,,True
2026-05-27,2026-05-27T13:26:58.355193+00:00,21649,valencia_46001,3.65,7.3,0.5,kg,,True
2026-05-27,2026-05-27T13:26:58.355193+00:00,21653,valencia_46001,1.0,0.67,1.5,l,,True
2026-05-27,2026-05-27T13:26:58.355193+00:00,21663,valencia_46001,6.67,13.9,0.48,kg,,True
2026-05-27,2026-05-27T13:26:58.355193+00:00,21688,valencia_46001,1.0,15.38,0.0645,kg,,True
2026-05-27,2026-05-27T13:26:58.355193+00:00,2169,valencia_46001,2.2,7.86,0.28,kg,,True
2026-05-27,2026-05-27T13:26:58.355193+00:00,21694,valencia_46001,1.3,4.73,0.275,l,,True
2026-05-27,2026-05-27T13:26:58.355193+00:00,21695,valencia_46001,1.6,1.07,1.5,l,,True
2026-05-27,2026-05-27T13:26:58.355193+00:00,21696,valencia_46001,2.4,1.6,1.5,l,,True
2026-05-27,2026-05-27T13:26:58.355193+00:00,21697,valencia_46001,0.4,1.6,0.25,l,,True
2026-05-27,2026-05-27T13:26:58.355193+00:00,21698,valencia_46001,2.4,1.6,1.5,l,,True
2026-05-27,2026-05-27T13:26:58.355193+00:00,21699,valencia_46001,0.4,1.6,0.25,l,,True
2026-05-27,2026-05-27T13:26:58.355193+00:00,21700,valencia_46001,0.7,1.4,0.5,l,,True
2026-05-27,2026-05-27T13:26:58.355193+00:00,21703,valencia_46001,2.22,1.12,1.98,l,,True
2026-05-27,2026-05-27T13:26:58.355193+00:00,21704,valencia_46001,0.37,1.12,0.33,l,,True
2026-05-27,2026-05-27T13:26:58.355193+00:00,21705,valencia_46001,1.0,2.0,0.5,l,,True
2026-05-27,2026-05-27T13:26:58.355193+00:00,21706,valencia_46001,1.0,2.0,0.5,l,,True
2026-05-27,2026-05-27T13:26:58.355193+00:00,21707,valencia_46001,1.0,2.0,0.5,l,,True
2026-05-27,2026-05-27T13:26:58.355193+00:00,21708,valencia_46001,1.0,2.0,0.5,l,,True
2026-05-27,2026-05-27T13:26:58.355193+00:00,21709,valencia_46001,1.0,0.67,1.5,l,,True
2026-05-27,2026-05-27T13:26:58.355193+00:00,21710,valencia_46001,1.0,0.67,1.5,l,,True
2026-05-27,2026-05-27T13:26:58.355193+00:00,21711,valencia_46001,1.0,0.67,1.5,l,,True
2026-05-27,2026-05-27T13:26:58.355193+00:00,21712,valencia_46001,2.1,1.06,1.98,l,,True
2026-05-27,2026-05-27T13:26:58.355193+00:00,21713,valencia_46001,0.35,1.06,0.33,l,,True
2026-05-27,2026-05-27T13:26:58.355193+00:00,21714,valencia_46001,2.1,1.06,1.98,l,,True
2026-05-27,2026-05-27T13:26:58.355193+00:00,21715,valencia_46001,0.35,1.06,0.33,l,,True
2026-05-27,2026-05-27T13:26:58.355193+00:00,21716,valencia_46001,2.1,1.06,1.98,l,,True
2026-05-27,2026-05-27T13:26:58.355193+00:00,21717,valencia_46001,0.35,1.06,0.33,l,,True
2026-05-27,2026-05-27T13:26:58.355193+00:00,21718,valencia_46001,1.7,6.8,0.25,kg,,True
2026-05-27,2026-05-27T13:26:58.355193+00:00,21719,valencia_46001,2.22,1.12,1.98,l,,True
2026-05-27,2026-05-27T13:26:58.355193+00:00,21720,valencia_46001,0.37,1.12,0.33,l,,True
2026-05-27,2026-05-27T13:26:58.355193+00:00,21721,valencia_46001,2.22,1.12,1.98,l,,True
2026-05-27,2026-05-27T13:26:58.355193+00:00,21722,valencia_46001,0.37,1.12,0.33,l,,True
2026-05-27,2026-05-27T13:26:58.355193+00:00,21723,valencia_46001,2.22,1.12,1.98,l,,True
2026-05-27,2026-05-27T13:26:58.355193+00:00,21724,valencia_46001,0.37,1.12,0.33,l,,True
2026-05-27,2026-05-27T13:26:58.355193+00:00,21725,valencia_46001,0.95,0.48,2.0,l,,True
2026-05-27,2026-05-27T13:26:58.355193+00:00,21726,valencia_46001,0.8,0.4,2.0,l,,True
2026-05-27,2026-05-27T13:26:58.355193+00:00,21727,valencia_46001,0.8,0.4,2.0,l,,True
2026-05-27,2026-05-27T13:26:58.355193+00:00,21728,valencia_46001,0.8,0.4,2.0,l,,True
2026-05-27,2026-05-27T13:26:58.355193+00:00,21729,valencia_46001,0.95,0.48,2.0,l,,True
2026-05-27,2026-05-27T13:26:58.355193+00:00,21730,valencia_46001,0.9,0.45,2.0,l,,True
2026-05-27,2026-05-27T13:26:58.355193+00:00,21731,valencia_46001,0.95,0.48,2.0,l,,True
2026-05-27,2026-05-27T13:26:58.355193+00:00,21732,valencia_46001,1.2,0.8,1.5,l,,True
2026-05-27,2026-05-27T13:26:58.355193+00:00,21733,valencia_46001,0.55,0.37,1.5,l,,True
2026-05-27,2026-05-27T13:26:58.355193+00:00,21734,valencia_46001,1.6,1.21,1.32,l,,True
2026-05-27,2026-05-27T13:26:58.355193+00:00,21735,valencia_46001,0.4,1.21,0.33,l,,True
2026-05-27,2026-05-27T13:26:58.355193+00:00,21736,valencia_46001,3.68,1.39,2.64,l,,True
2026-05-27,2026-05-27T13:26:58.355193+00:00,21737,valencia_46001,0.46,1.39,0.33,l,,True
2026-05-27,2026-05-27T13:26:58.355193+00:00,21738,valencia_46001,3.6,1.36,2.64,l,,True
2026-05-27,2026-05-27T13:26:58.355193+00:00,21739,valencia_46001,0.45,1.36,0.33,l,,True
2026-05-27,2026-05-27T13:26:58.355193+00:00,21744,valencia_46001,3.84,1.45,2.64,l,,True
2026-05-27,2026-05-27T13:26:58.355193+00:00,21745,valencia_46001,0.48,1.45,0.33,l,,True
2026-05-27,2026-05-27T13:26:58.355193+00:00,21746,valencia_46001,4.08,1.03,3.96,l,,True
2026-05-27,2026-05-27T13:26:58.355193+00:00,21747,valencia_46001,0.34,1.03,0.33,l,,True
2026-05-27,2026-05-27T13:26:58.355193+00:00,21756,valencia_46001,2.25,11.25,0.2,kg,,True
2026-05-27,2026-05-27T13:26:58.355193+00:00,21757,valencia_46001,1.15,3.83,0.3,l,,True
2026-05-27,2026-05-27T13:26:58.355193+00:00,21759,valencia_46001,1.65,13.75,0.12,kg,,True
2026-05-27,2026-05-27T13:26:58.355193+00:00,21760,valencia_46001,1.45,10.36,0.14,kg,,True
2026-05-27,2026-05-27T13:26:58.355193+00:00,21761,valencia_46001,1.65,13.75,0.12,kg,,True
2026-05-27,2026-05-27T13:26:58.355193+00:00,21762,valencia_46001,1.65,6.6,0.25,l,,True
2026-05-27,2026-05-27T13:26:58.355193+00:00,21763,valencia_46001,7.5,37.5,0.2,l,,True
2026-05-27,2026-05-27T13:26:58.355193+00:00,21764,valencia_46001,7.5,37.5,0.2,l,,True
2026-05-27,2026-05-27T13:26:58.355193+00:00,21765,valencia_46001,7.5,37.5,0.2,l,,True
2026-05-27,2026-05-27T13:26:58.355193+00:00,21766,valencia_46001,7.5,37.5,0.2,l,,True
2026-05-27,2026-05-27T13:26:58.355193+00:00,21768,valencia_46001,10.5,10.5,1.0,ud,,True
2026-05-27,2026-05-27T13:26:58.355193+00:00,21770,valencia_46001,15.0,150.0,0.1,l,,True
2026-05-27,2026-05-27T13:26:58.355193+00:00,21771,valencia_46001,3.3,66.0,0.05,l,,True
2026-05-27,2026-05-27T13:26:58.355193+00:00,21772,valencia_46001,1.65,6.6,0.25,l,,True
2026-05-27,2026-05-27T13:26:58.355193+00:00,21774,valencia_46001,1.65,6.6,0.25,l,,True
2026-05-27,2026-05-27T13:26:58.355193+00:00,21775,valencia_46001,2.0,16.0,0.125,l,,True
2026-05-27,2026-05-27T13:26:58.355193+00:00,21776,valencia_46001,1.1,3.33,0.33,l,,True
2026-05-27,2026-05-27T13:26:58.355193+00:00,21777,valencia_46001,2.1,2.1,1.0,l,,True
2026-05-27,2026-05-27T13:26:58.355193+00:00,21778,valencia_46001,1.8,1.8,1.0,l,,True
2026-05-27,2026-05-27T13:26:58.355193+00:00,21779,valencia_46001,2.1,1.4,1.5,l,,True
2026-05-27,2026-05-27T13:26:58.355193+00:00,21784,valencia_46001,1.65,6.6,0.25,l,,True
2026-05-27,2026-05-27T13:26:58.355193+00:00,2179,valencia_46001,4.1,8.2,0.5,kg,,True
2026-05-27,2026-05-27T13:26:58.355193+00:00,21807,valencia_46001,8.99,31.0,0.29,kg,,True
2026-05-27,2026-05-27T13:26:58.355193+00:00,21810,valencia_46001,7.1,24.5,0.29,kg,,True
2026-05-27,2026-05-27T13:26:58.355193+00:00,21814,valencia_46001,6.25,12.5,0.5,kg,,True
2026-05-27,2026-05-27T13:26:58.355193+00:00,21827,valencia_46001,3.0,1.52,1.98,l,,True
2026-05-27,2026-05-27T13:26:58.355193+00:00,21828,valencia_46001,0.5,1.52,0.33,l,,True
2026-05-27,2026-05-27T13:26:58.355193+00:00,21834,valencia_46001,3.5,35.0,0.1,l,,True
2026-05-27,2026-05-27T13:26:58.355193+00:00,21835,valencia_46001,1.4,3.26,0.43,kg,,True
2026-05-27,2026-05-27T13:26:58.355193+00:00,21843,valencia_46001,5.75,5.75,0.01,kg,,True
2026-05-27,2026-05-27T13:26:58.355193+00:00,2185,valencia_46001,4.6,9.2,0.5,kg,,True
2026-05-27,2026-05-27T13:26:58.355193+00:00,21850,valencia_46001,1.75,0.88,2.0,ud,,True
2026-05-27,2026-05-27T13:26:58.355193+00:00,21859,valencia_46001,2.5,2.5,0.011,l,,True
2026-05-27,2026-05-27T13:26:58.355193+00:00,21860,valencia_46001,3.5,3.5,0.01,l,,True
2026-05-27,2026-05-27T13:26:58.355193+00:00,21879,valencia_46001,2.3,10.95,0.21,kg,,True
2026-05-27,2026-05-27T13:26:58.355193+00:00,21881,valencia_46001,5.5,110.0,0.05,l,,True
2026-05-27,2026-05-27T13:26:58.355193+00:00,21889,valencia_46001,1.3,4.73,0.25,l,,True
2026-05-27,2026-05-27T13:26:58.355193+00:00,21890,valencia_46001,7.0,10.0,0.7,l,,True
2026-05-27,2026-05-27T13:26:58.355193+00:00,21927,valencia_46001,1.4,14.0,0.1,kg,,True
2026-05-27,2026-05-27T13:26:58.355193+00:00,21928,valencia_46001,2.8,14.0,0.2,kg,,True
2026-05-27,2026-05-27T13:26:58.355193+00:00,21936,valencia_46001,4.5,4.5,0.0055,l,,True
2026-05-27,2026-05-27T13:26:58.355193+00:00,21940,valencia_46001,2.5,2.5,0.011,l,,True
2026-05-27,2026-05-27T13:26:58.355193+00:00,21941,valencia_46001,2.5,2.5,0.011,l,,True
2026-05-27,2026-05-27T13:26:58.355193+00:00,21942,valencia_46001,2.5,2.5,0.011,l,,True
2026-05-27,2026-05-27T13:26:58.355193+00:00,21943,valencia_46001,2.5,2.5,0.011,l,,True
2026-05-27,2026-05-27T13:26:58.355193+00:00,21944,valencia_46001,2.5,2.5,0.011,l,,True
2026-05-27,2026-05-27T13:26:58.355193+00:00,21945,valencia_46001,2.5,2.5,0.011,l,,True
2026-05-27,2026-05-27T13:26:58.355193+00:00,21947,valencia_46001,5.75,5.75,0.005,kg,,True
2026-05-27,2026-05-27T13:26:58.355193+00:00,21960,valencia_46001,1.05,3.5,0.3,kg,,True
2026-05-27,2026-05-27T13:26:58.355193+00:00,21971,valencia_46001,2.5,3.33,0.75,l,,True
2026-05-27,2026-05-27T13:26:58.355193+00:00,21972,valencia_46001,2.35,3.13,0.75,l,,True
2026-05-27,2026-05-27T13:26:58.355193+00:00,21979,valencia_46001,1.0,1.67,0.6,kg,,True
2026-05-27,2026-05-27T13:26:58.355193+00:00,21985,valencia_46001,15.85,6.34,2.5,kg,,True
2026-05-27,2026-05-27T13:26:58.355193+00:00,21987,valencia_46001,9.95,9.95,1.0,ud,,True
2026-05-27,2026-05-27T13:26:58.355193+00:00,21990,valencia_46001,2.25,10.47,0.215,kg,,True
2026-05-27,2026-05-27T13:26:58.355193+00:00,21994,valencia_46001,3.9,15.6,0.25,l,,True
2026-05-27,2026-05-27T13:26:58.355193+00:00,22000,valencia_46001,5.94,3.96,1.5,l,,True
2026-05-27,2026-05-27T13:26:58.355193+00:00,22001,valencia_46001,2.5,3.13,0.8,kg,,True
2026-05-27,2026-05-27T13:26:58.355193+00:00,22002,valencia_46001,2.5,3.13,0.8,kg,,True
2026-05-27,2026-05-27T13:26:58.355193+00:00,22007,valencia_46001,2.5,3.13,0.8,kg,,True
2026-05-27,2026-05-27T13:26:58.355193+00:00,22008,valencia_46001,1.05,21.0,0.05,kg,,True
2026-05-27,2026-05-27T13:26:58.355193+00:00,22009,valencia_46001,1.05,11.93,0.088,kg,,True
2026-05-27,2026-05-27T13:26:58.355193+00:00,22081,valencia_46001,2.85,3.0,0.95,kg,,True
2026-05-27,2026-05-27T13:26:58.355193+00:00,22083,valencia_46001,3.0,3.0,1.0,ud,,True
2026-05-27,2026-05-27T13:26:58.355193+00:00,22084,valencia_46001,3.5,0.88,1.0,ud,,True
2026-05-27,2026-05-27T13:26:58.355193+00:00,22124,valencia_46001,2.95,14.75,0.2,l,,True
2026-05-27,2026-05-27T13:26:58.355193+00:00,22125,valencia_46001,2.95,14.75,0.2,l,,True
2026-05-27,2026-05-27T13:26:58.355193+00:00,22126,valencia_46001,2.25,1.88,1.2,kg,,True
2026-05-27,2026-05-27T13:26:58.355193+00:00,22139,valencia_46001,0.24,5.75,0.042,kg,,True
2026-05-27,2026-05-27T13:26:58.355193+00:00,22140,valencia_46001,0.24,5.75,0.042,kg,,True
2026-05-27,2026-05-27T13:26:58.355193+00:00,22154,valencia_46001,1.7,4.93,0.345,kg,,True
2026-05-27,2026-05-27T13:26:58.355193+00:00,22163,valencia_46001,3.9,19.5,0.2,kg,,True
2026-05-27,2026-05-27T13:26:58.355193+00:00,22164,valencia_46001,4.4,22.0,0.2,kg,,True
2026-05-27,2026-05-27T13:26:58.355193+00:00,22170,valencia_46001,1.9,1.9,1.0,ud,,True
2026-05-27,2026-05-27T13:26:58.355193+00:00,22177,valencia_46001,1.6,8.0,0.2,kg,,True
2026-05-27,2026-05-27T13:26:58.355193+00:00,22178,valencia_46001,0.85,7.08,0.12,kg,,True
2026-05-27,2026-05-27T13:26:58.355193+00:00,22179,valencia_46001,0.85,7.08,0.12,kg,,True
2026-05-27,2026-05-27T13:26:58.355193+00:00,22180,valencia_46001,0.85,7.08,0.12,kg,,True
2026-05-27,2026-05-27T13:26:58.355193+00:00,22182,valencia_46001,0.9,7.5,0.12,kg,,True
2026-05-27,2026-05-27T13:26:58.355193+00:00,22186,valencia_46001,2.85,5.48,0.52,kg,,True
2026-05-27,2026-05-27T13:26:58.355193+00:00,22189,valencia_46001,2.85,5.48,0.52,kg,,True
2026-05-27,2026-05-27T13:26:58.355193+00:00,22191,valencia_46001,2.9,5.58,0.52,kg,,True
2026-05-27,2026-05-27T13:26:58.355193+00:00,22194,valencia_46001,2.85,5.48,0.52,kg,,True
2026-05-27,2026-05-27T13:26:58.355193+00:00,22216,valencia_46001,1.65,8.25,0.2,kg,,True
2026-05-27,2026-05-27T13:26:58.355193+00:00,22233,valencia_46001,3.6,180.0,0.02,l,,True
2026-05-27,2026-05-27T13:26:58.355193+00:00,22245,valencia_46001,1.8,6.0,0.3,kg,,True
2026-05-27,2026-05-27T13:26:58.355193+00:00,22249,valencia_46001,1.23,4.92,0.25,kg,,True
2026-05-27,2026-05-27T13:26:58.355193+00:00,22278,valencia_46001,1.45,5.8,0.25,kg,,True
2026-05-27,2026-05-27T13:26:58.355193+00:00,22279,valencia_46001,1.05,4.2,0.25,kg,,True
2026-05-27,2026-05-27T13:26:58.355193+00:00,2228,valencia_46001,6.24,7.8,0.8,kg,,True
2026-05-27,2026-05-27T13:26:58.355193+00:00,22280,valencia_46001,1.1,4.4,0.25,kg,,True
2026-05-27,2026-05-27T13:26:58.355193+00:00,22281,valencia_46001,1.05,4.2,0.25,kg,,True
2026-05-27,2026-05-27T13:26:58.355193+00:00,22301,valencia_46001,1.65,0.21,8.0,ud,,True
2026-05-27,2026-05-27T13:26:58.355193+00:00,22302,valencia_46001,1.7,0.21,8.0,ud,,True
2026-05-27,2026-05-27T13:26:58.355193+00:00,22311,valencia_46001,1.75,3.65,0.48,kg,,True
2026-05-27,2026-05-27T13:26:58.355193+00:00,22313,valencia_46001,1.0,1.33,0.75,kg,,True
2026-05-27,2026-05-27T13:26:58.355193+00:00,22316,valencia_46001,7.0,10.0,0.7,l,,True
2026-05-27,2026-05-27T13:26:58.355193+00:00,22332,valencia_46001,2.5,20.0,0.125,kg,,True
2026-05-27,2026-05-27T13:26:58.355193+00:00,22343,valencia_46001,3.9,9.75,0.4,kg,,True
2026-05-27,2026-05-27T13:26:58.355193+00:00,22349,valencia_46001,1.9,1.9,1.0,kg,,True
2026-05-27,2026-05-27T13:26:58.355193+00:00,22350,valencia_46001,2.5,2.5,1.0,ud,,True
2026-05-27,2026-05-27T13:26:58.355193+00:00,22388,valencia_46001,1.05,3.89,0.27,kg,,True
2026-05-27,2026-05-27T13:26:58.355193+00:00,22396,valencia_46001,0.85,10.63,0.08,kg,,True
2026-05-27,2026-05-27T13:26:58.355193+00:00,22397,valencia_46001,0.85,10.63,0.08,kg,,True
2026-05-27,2026-05-27T13:26:58.355193+00:00,22411,valencia_46001,2.9,10.0,0.29,kg,,True
2026-05-27,2026-05-27T13:26:58.355193+00:00,22430,valencia_46001,3.05,7.63,0.4,kg,,True
2026-05-27,2026-05-27T13:26:58.355193+00:00,22442,valencia_46001,0.9,9.0,0.1,kg,,True
2026-05-27,2026-05-27T13:26:58.355193+00:00,22444,valencia_46001,0.9,9.0,0.1,kg,,True
2026-05-27,2026-05-27T13:26:58.355193+00:00,22452,valencia_46001,3.0,6.25,0.48,l,,True
2026-05-27,2026-05-27T13:26:58.355193+00:00,22453,valencia_46001,0.8,12.31,0.065,kg,,True
2026-05-27,2026-05-27T13:26:58.355193+00:00,22455,valencia_46001,0.8,12.31,0.065,kg,,True
2026-05-27,2026-05-27T13:26:58.355193+00:00,22467,valencia_46001,3.96,1.32,3.0,l,,True
2026-05-27,2026-05-27T13:26:58.355193+00:00,22476,valencia_46001,1.7,5.0,0.34,kg,,True
2026-05-27,2026-05-27T13:26:58.355193+00:00,22489,valencia_46001,0.33,1.32,0.25,l,,True
2026-05-27,2026-05-27T13:26:58.355193+00:00,22496,valencia_46001,1.7,0.17,10.0,ud,,True
2026-05-27,2026-05-27T13:26:58.355193+00:00,22503,valencia_46001,5.0,100.0,0.05,l,,True
2026-05-27,2026-05-27T13:26:58.355193+00:00,22527,valencia_46001,3.1,3.1,1.0,ud,,True
2026-05-27,2026-05-27T13:26:58.355193+00:00,22528,valencia_46001,2.1,2.1,1.0,ud,,True
2026-05-27,2026-05-27T13:26:58.355193+00:00,22529,valencia_46001,4.65,4.65,1.0,ud,,True
2026-05-27,2026-05-27T13:26:58.355193+00:00,22530,valencia_46001,4.65,4.65,1.0,ud,,True
2026-05-27,2026-05-27T13:26:58.355193+00:00,22536,valencia_46001,4.65,4.65,1.0,ud,,True
2026-05-27,2026-05-27T13:26:58.355193+00:00,22568,valencia_46001,0.8,10.67,0.075,kg,,True
2026-05-27,2026-05-27T13:26:58.355193+00:00,22580,valencia_46001,4.75,17.92,0.265,kg,,True
2026-05-27,2026-05-27T13:26:58.355193+00:00,22606,valencia_46001,3.45,8.63,0.4,kg,,True
2026-05-27,2026-05-27T13:26:58.355193+00:00,22612,valencia_46001,3.8,38.0,0.1,kg,,True
2026-05-27,2026-05-27T13:26:58.355193+00:00,22613,valencia_46001,1.4,5.6,0.25,l,,True
2026-05-27,2026-05-27T13:26:58.355193+00:00,22614,valencia_46001,6.35,9.07,0.7,l,,True
2026-05-27,2026-05-27T13:26:58.355193+00:00,22621,valencia_46001,4.5,4.5,0.0055,l,,True
2026-05-27,2026-05-27T13:26:58.355193+00:00,22622,valencia_46001,4.5,4.5,0.0055,l,,True
2026-05-27,2026-05-27T13:26:58.355193+00:00,22623,valencia_46001,4.5,4.5,0.0055,l,,True
2026-05-27,2026-05-27T13:26:58.355193+00:00,22625,valencia_46001,4.5,4.5,0.0055,l,,True
2026-05-27,2026-05-27T13:26:58.355193+00:00,22629,valencia_46001,1.9,4.75,0.4,l,,True
2026-05-27,2026-05-27T13:26:58.355193+00:00,22630,valencia_46001,2.4,6.0,0.4,l,,True
2026-05-27,2026-05-27T13:26:58.355193+00:00,22631,valencia_46001,4.0,20.0,0.2,l,,True
2026-05-27,2026-05-27T13:26:58.355193+00:00,22632,valencia_46001,4.1,41.0,0.1,l,,True
2026-05-27,2026-05-27T13:26:58.355193+00:00,22648,valencia_46001,3.5,6.48,0.54,kg,,True
2026-05-27,2026-05-27T13:26:58.355193+00:00,22649,valencia_46001,2.5,6.41,0.39,kg,,True
2026-05-27,2026-05-27T13:26:58.355193+00:00,22651,valencia_46001,1.65,2.2,0.75,kg,,True
2026-05-27,2026-05-27T13:26:58.355193+00:00,22688,valencia_46001,1.9,4.62,0.411,kg,,True
2026-05-27,2026-05-27T13:26:58.355193+00:00,22693,valencia_46001,3.9,3.9,1.0,ud,,True
2026-05-27,2026-05-27T13:26:58.355193+00:00,22694,valencia_46001,3.9,3.9,1.0,ud,,True
2026-05-27,2026-05-27T13:26:58.355193+00:00,22695,valencia_46001,3.9,3.9,1.0,ud,,True
2026-05-27,2026-05-27T13:26:58.355193+00:00,22696,valencia_46001,3.9,3.9,1.0,ud,,True
2026-05-27,2026-05-27T13:26:58.355193+00:00,22697,valencia_46001,3.9,3.9,1.0,ud,,True
2026-05-27,2026-05-27T13:26:58.355193+00:00,22703,valencia_46001,1.65,16.5,0.1,kg,,True
2026-05-27,2026-05-27T13:26:58.355193+00:00,22712,valencia_46001,1.7,0.43,1.0,ud,,True
2026-05-27,2026-05-27T13:26:58.355193+00:00,22718,valencia_46001,2.9,29.0,0.1,kg,,True
2026-05-27,2026-05-27T13:26:58.355193+00:00,22719,valencia_46001,3.1,31.0,0.1,kg,,True
2026-05-27,2026-05-27T13:26:58.355193+00:00,22720,valencia_46001,2.0,5.71,0.35,kg,,True
2026-05-27,2026-05-27T13:26:58.355193+00:00,22767,valencia_46001,3.0,10.71,0.28,kg,,True
2026-05-27,2026-05-27T13:26:58.355193+00:00,22774,valencia_46001,1.5,0.5,1.0,ud,,True
2026-05-27,2026-05-27T13:26:58.355193+00:00,22775,valencia_46001,2.7,2.7,1.0,ud,,True
2026-05-27,2026-05-27T13:26:58.355193+00:00,22780,valencia_46001,1.74,11.6,0.15,kg,,True
2026-05-27,2026-05-27T13:26:58.355193+00:00,22799,valencia_46001,1.45,2.9,0.5,kg,,True
2026-05-27,2026-05-27T13:26:58.355193+00:00,22801,valencia_46001,3.35,0.21,0.128,kg,,True
2026-05-27,2026-05-27T13:26:58.355193+00:00,22804,valencia_46001,2.6,173.33,0.015,l,,True
2026-05-27,2026-05-27T13:26:58.355193+00:00,22825,valencia_46001,0.85,0.85,1.0,ud,,True
2026-05-27,2026-05-27T13:26:58.355193+00:00,22844,valencia_46001,1.0,10.53,0.095,kg,,True
2026-05-27,2026-05-27T13:26:58.355193+00:00,22860,valencia_46001,0.85,7.08,0.12,kg,,True
2026-05-27,2026-05-27T13:26:58.355193+00:00,22879,valencia_46001,10.26,54.0,0.19,kg,,True
2026-05-27,2026-05-27T13:26:58.355193+00:00,22899,valencia_46001,2.35,5.88,0.4,kg,,True
2026-05-27,2026-05-27T13:26:58.355193+00:00,22905,valencia_46001,1.4,1.4,1.0,l,,True
2026-05-27,2026-05-27T13:26:58.355193+00:00,22910,valencia_46001,3.0,2.86,1.05,kg,,True
2026-05-27,2026-05-27T13:26:58.355193+00:00,22911,valencia_46001,1.05,3.0,0.35,kg,,True
2026-05-27,2026-05-27T13:26:58.355193+00:00,22926,valencia_46001,3.15,0.32,10.0,ud,,True
2026-05-27,2026-05-27T13:26:58.355193+00:00,22931,valencia_46001,0.75,0.04,20.0,ud,,True
2026-05-27,2026-05-27T13:26:58.355193+00:00,22932,valencia_46001,1.6,4.0,0.4,kg,,True
2026-05-27,2026-05-27T13:26:58.355193+00:00,22966,valencia_46001,1.5,3.0,0.5,kg,,True
2026-05-27,2026-05-27T13:26:58.355193+00:00,22967,valencia_46001,1.85,1.54,1.2,l,,True
2026-05-27,2026-05-27T13:26:58.355193+00:00,22974,valencia_46001,4.1,19.07,0.215,kg,,True
2026-05-27,2026-05-27T13:26:58.355193+00:00,22977,valencia_46001,1.75,8.75,0.2,l,,True
2026-05-27,2026-05-27T13:26:58.355193+00:00,22981,valencia_46001,2.3,6.57,0.35,kg,,True
2026-05-27,2026-05-27T13:26:58.355193+00:00,22985,valencia_46001,1.4,0.04,1.0,ud,,True
2026-05-27,2026-05-27T13:26:58.355193+00:00,22986,valencia_46001,3.95,0.07,0.0414,kg,,True
2026-05-27,2026-05-27T13:26:58.355193+00:00,22996,valencia_46001,3.25,6.5,0.5,l,,True
2026-05-27,2026-05-27T13:26:58.355193+00:00,23003,valencia_46001,2.2,8.8,0.25,kg,,True
2026-05-27,2026-05-27T13:26:58.355193+00:00,23010,valencia_46001,1.8,7.2,0.25,kg,,True
2026-05-27,2026-05-27T13:26:58.355193+00:00,23013,valencia_46001,1.75,8.75,0.2,l,,True
2026-05-27,2026-05-27T13:26:58.355193+00:00,23017,valencia_46001,3.0,300.0,0.01,l,,True
2026-05-27,2026-05-27T13:26:58.355193+00:00,23019,valencia_46001,2.8,14.0,0.2,l,,True
2026-05-27,2026-05-27T13:26:58.355193+00:00,23021,valencia_46001,2.75,2.75,0.011,l,,True
2026-05-27,2026-05-27T13:26:58.355193+00:00,23037,valencia_46001,2.4,24.0,0.1,kg,,True
2026-05-27,2026-05-27T13:26:58.355193+00:00,23046,valencia_46001,1.5,2.0,0.75,l,,True
2026-05-27,2026-05-27T13:26:58.355193+00:00,23047,valencia_46001,1.05,1.05,1.0,l,,True
2026-05-27,2026-05-27T13:26:58.355193+00:00,23048,valencia_46001,6.3,1.05,6.0,l,,True
2026-05-27,2026-05-27T13:26:58.355193+00:00,23049,valencia_46001,1.3,1.3,1.0,l,,True
2026-05-27,2026-05-27T13:26:58.355193+00:00,23050,valencia_46001,1.45,1.45,1.0,l,,True
2026-05-27,2026-05-27T13:26:58.355193+00:00,23051,valencia_46001,1.3,1.3,1.0,l,,True
2026-05-27,2026-05-27T13:26:58.355193+00:00,23052,valencia_46001,1.3,1.3,1.0,l,,True
2026-05-27,2026-05-27T13:26:58.355193+00:00,23053,valencia_46001,1.75,1.75,1.0,l,,True
2026-05-27,2026-05-27T13:26:58.355193+00:00,23059,valencia_46001,1.3,6.5,0.2,kg,,True
2026-05-27,2026-05-27T13:26:58.355193+00:00,23064,valencia_46001,2.65,5.1,0.52,kg,,True
2026-05-27,2026-05-27T13:26:58.355193+00:00,23066,valencia_46001,5.15,10.3,0.5,l,,True
2026-05-27,2026-05-27T13:26:58.355193+00:00,23067,valencia_46001,5.15,10.3,0.5,l,,True
2026-05-27,2026-05-27T13:26:58.355193+00:00,23084,valencia_46001,4.5,4.5,0.0055,l,,True
2026-05-27,2026-05-27T13:26:58.355193+00:00,23086.1,valencia_46001,1.6,2.0,0.8,kg,,True
2026-05-27,2026-05-27T13:26:58.355193+00:00,23086.2,valencia_46001,1.6,2.0,0.8,kg,,True
2026-05-27,2026-05-27T13:26:58.355193+00:00,23116,valencia_46001,9.5,95.0,0.1,l,,True
2026-05-27,2026-05-27T13:26:58.355193+00:00,23122,valencia_46001,5.6,16.97,0.33,kg,,True
2026-05-27,2026-05-27T13:26:58.355193+00:00,23127,valencia_46001,2.75,5.5,0.5,kg,,True
2026-05-27,2026-05-27T13:26:58.355193+00:00,23132,valencia_46001,3.35,0.11,30.0,ud,,True
2026-05-27,2026-05-27T13:26:58.355193+00:00,23137,valencia_46001,2.8,6.67,0.42,kg,,True
2026-05-27,2026-05-27T13:26:58.355193+00:00,23138,valencia_46001,1.8,4.29,0.42,kg,,True
2026-05-27,2026-05-27T13:26:58.355193+00:00,23139,valencia_46001,1.8,4.29,0.42,kg,,True
2026-05-27,2026-05-27T13:26:58.355193+00:00,23145,valencia_46001,4.2,12.0,0.35,kg,,True
2026-05-27,2026-05-27T13:26:58.355193+00:00,23146,valencia_46001,4.2,12.0,0.35,kg,,True
2026-05-27,2026-05-27T13:26:58.355193+00:00,23155,valencia_46001,2.15,9.35,0.23,kg,,True
2026-05-27,2026-05-27T13:26:58.355193+00:00,23171,valencia_46001,6.0,4.0,1.5,kg,,True
2026-05-27,2026-05-27T13:26:58.355193+00:00,23174,valencia_46001,6.3,4.2,1.5,kg,,True
2026-05-27,2026-05-27T13:26:58.355193+00:00,23183,valencia_46001,2.95,11.8,0.25,l,,True
2026-05-27,2026-05-27T13:26:58.355193+00:00,23184,valencia_46001,1.6,2.13,0.75,l,,True
2026-05-27,2026-05-27T13:26:58.355193+00:00,23187,valencia_46001,1.6,0.11,15.0,ud,,True
2026-05-27,2026-05-27T13:26:58.355193+00:00,23188,valencia_46001,1.45,0.1,15.0,ud,,True
2026-05-27,2026-05-27T13:26:58.355193+00:00,23189,valencia_46001,2.0,0.13,15.0,ud,,True
2026-05-27,2026-05-27T13:26:58.355193+00:00,23195,valencia_46001,2.4,6.0,0.4,l,,True
2026-05-27,2026-05-27T13:26:58.355193+00:00,23199,valencia_46001,2.5,2.5,1.0,ud,,True
2026-05-27,2026-05-27T13:26:58.355193+00:00,23204,valencia_46001,6.75,1.69,4.0,kg,,True
2026-05-27,2026-05-27T13:26:58.355193+00:00,23207,valencia_46001,6.0,4.0,1.5,kg,,True
2026-05-27,2026-05-27T13:26:58.355193+00:00,23209,valencia_46001,9.5,3.17,3.0,kg,,True
2026-05-27,2026-05-27T13:26:58.355193+00:00,23217,valencia_46001,1.8,5.0,0.36,kg,,True
2026-05-27,2026-05-27T13:26:58.355193+00:00,23225,valencia_46001,1.7,4.86,0.35,kg,,True
2026-05-27,2026-05-27T13:26:58.355193+00:00,23249,valencia_46001,2.8,15.56,0.18,kg,,True
2026-05-27,2026-05-27T13:26:58.355193+00:00,23264,valencia_46001,2.0,4.0,0.5,kg,,True
2026-05-27,2026-05-27T13:26:58.355193+00:00,23277,valencia_46001,1.35,18.0,0.075,l,,True
2026-05-27,2026-05-27T13:26:58.355193+00:00,23279,valencia_46001,3.8,5.07,0.75,l,,True
2026-05-27,2026-05-27T13:26:58.355193+00:00,23280,valencia_46001,3.3,11.0,0.3,l,,True
2026-05-27,2026-05-27T13:26:58.355193+00:00,23286,valencia_46001,3.6,4.8,0.75,l,,True
2026-05-27,2026-05-27T13:26:58.355193+00:00,23289,valencia_46001,1.9,8.64,0.22,kg,,True
2026-05-27,2026-05-27T13:26:58.355193+00:00,23293,valencia_46001,3.35,0.21,0.112,kg,,True
2026-05-27,2026-05-27T13:26:58.355193+00:00,23305,valencia_46001,3.67,9.4,0.39,kg,,True
2026-05-27,2026-05-27T13:26:58.355193+00:00,23307,valencia_46001,2.7,7.71,0.35,kg,,True
2026-05-27,2026-05-27T13:26:58.355193+00:00,23308,valencia_46001,2.8,7.57,0.37,kg,,True
2026-05-27,2026-05-27T13:26:58.355193+00:00,23353,valencia_46001,0.85,50.0,0.017,kg,,True
2026-05-27,2026-05-27T13:26:58.355193+00:00,23359,valencia_46001,1.3,2.36,0.55,kg,,True
2026-05-27,2026-05-27T13:26:58.355193+00:00,23363,valencia_46001,1.75,1.75,1.0,ud,,True
2026-05-27,2026-05-27T13:26:58.355193+00:00,23365,valencia_46001,2.7,13.5,0.2,kg,,True
2026-05-27,2026-05-27T13:26:58.355193+00:00,23367,valencia_46001,4.15,0.07,0.0327,kg,,True
2026-05-27,2026-05-27T13:26:58.355193+00:00,23372,valencia_46001,1.8,4.5,0.4,kg,,True
2026-05-27,2026-05-27T13:26:58.355193+00:00,23373,valencia_46001,1.8,4.86,0.37,kg,,True
2026-05-27,2026-05-27T13:26:58.355193+00:00,23374,valencia_46001,1.8,4.86,0.37,kg,,True
2026-05-27,2026-05-27T13:26:58.355193+00:00,23404,valencia_46001,3.35,0.21,0.0912,kg,,True
2026-05-27,2026-05-27T13:26:58.355193+00:00,23405,valencia_46001,3.35,0.21,0.152,kg,,True
2026-05-27,2026-05-27T13:26:58.355193+00:00,23406,valencia_46001,2.75,11.0,0.25,kg,,True
2026-05-27,2026-05-27T13:26:58.355193+00:00,23410,valencia_46001,1.35,3.48,0.388,kg,,True
2026-05-27,2026-05-27T13:26:58.355193+00:00,23412,valencia_46001,3.55,3.55,1.0,kg,,True
2026-05-27,2026-05-27T13:26:58.355193+00:00,23413,valencia_46001,31.0,6.2,5.0,kg,,True
2026-05-27,2026-05-27T13:26:58.355193+00:00,23414,valencia_46001,31.0,6.2,5.0,kg,,True
2026-05-27,2026-05-27T13:26:58.355193+00:00,23415,valencia_46001,6.25,20.83,0.3,kg,,True
2026-05-27,2026-05-27T13:26:58.355193+00:00,23429,valencia_46001,6.0,30.0,0.2,l,,True
2026-05-27,2026-05-27T13:26:58.355193+00:00,23431,valencia_46001,5.0,25.0,0.2,l,,True
2026-05-27,2026-05-27T13:26:58.355193+00:00,23434,valencia_46001,5.5,366.67,0.015,kg,,True
2026-05-27,2026-05-27T13:26:58.355193+00:00,23440,valencia_46001,4.65,0.19,0.528,kg,,True
2026-05-27,2026-05-27T13:26:58.355193+00:00,23448,valencia_46001,2.34,0.26,9.0,l,,True
2026-05-27,2026-05-27T13:26:58.355193+00:00,23449,valencia_46001,0.39,0.26,1.5,l,,True
2026-05-27,2026-05-27T13:26:58.355193+00:00,23453,valencia_46001,2.3,2.3,1.0,kg,,True
2026-05-27,2026-05-27T13:26:58.355193+00:00,23513,valencia_46001,1.75,8.75,0.2,l,,True
2026-05-27,2026-05-27T13:26:58.355193+00:00,23515,valencia_46001,1.75,8.75,0.2,l,,True
2026-05-27,2026-05-27T13:26:58.355193+00:00,23516,valencia_46001,1.1,0.04,30.0,ud,,True
2026-05-27,2026-05-27T13:26:58.355193+00:00,23523,valencia_46001,2.75,2.75,1.0,ud,,True
2026-05-27,2026-05-27T13:26:58.355193+00:00,23524,valencia_46001,2.75,2.75,1.0,ud,,True
2026-05-27,2026-05-27T13:26:58.355193+00:00,23525,valencia_46001,2.75,2.75,1.0,ud,,True
2026-05-27,2026-05-27T13:26:58.355193+00:00,23531,valencia_46001,1.8,16.22,0.111,kg,,True
2026-05-27,2026-05-27T13:26:58.355193+00:00,23540,valencia_46001,4.5,4.5,0.004,kg,,True
2026-05-27,2026-05-27T13:26:58.355193+00:00,23541,valencia_46001,4.5,4.5,0.004,kg,,True
2026-05-27,2026-05-27T13:26:58.355193+00:00,23560,valencia_46001,2.25,19.57,0.115,kg,,True
2026-05-27,2026-05-27T13:26:58.355193+00:00,23561,valencia_46001,3.0,8.57,0.35,kg,,True
2026-05-27,2026-05-27T13:26:58.355193+00:00,23575,valencia_46001,2.9,14.5,0.2,kg,,True
2026-05-27,2026-05-27T13:26:58.355193+00:00,23579,valencia_46001,1.15,1.92,0.6,kg,,True
2026-05-27,2026-05-27T13:26:58.355193+00:00,23596,valencia_46001,1.1,6.88,0.16,kg,,True
2026-05-27,2026-05-27T13:26:58.355193+00:00,23608,valencia_46001,1.7,0.06,1.0,ud,,True
2026-05-27,2026-05-27T13:26:58.355193+00:00,23616,valencia_46001,6.85,17.13,0.4,l,,True
2026-05-27,2026-05-27T13:26:58.355193+00:00,23617,valencia_46001,13.45,53.8,0.25,l,,True
2026-05-27,2026-05-27T13:26:58.355193+00:00,23618,valencia_46001,14.5,58.0,0.25,l,,True
2026-05-27,2026-05-27T13:26:58.355193+00:00,23621,valencia_46001,1.2,6.0,0.2,kg,,True
2026-05-27,2026-05-27T13:26:58.355193+00:00,23622,valencia_46001,2.1,5.25,0.4,kg,,True
2026-05-27,2026-05-27T13:26:58.355193+00:00,23632,valencia_46001,5.8,6.9,0.84,kg,,True
2026-05-27,2026-05-27T13:26:58.355193+00:00,23643,valencia_46001,1.1,2.44,0.45,kg,,True
2026-05-27,2026-05-27T13:26:58.355193+00:00,23662,valencia_46001,1.3,0.65,2.0,ud,,True
2026-05-27,2026-05-27T13:26:58.355193+00:00,23674,valencia_46001,0.95,12.67,0.075,l,,True
2026-05-27,2026-05-27T13:26:58.355193+00:00,23675,valencia_46001,0.95,12.67,0.075,l,,True
2026-05-27,2026-05-27T13:26:58.355193+00:00,23676,valencia_46001,2.15,2.87,0.75,l,,True
2026-05-27,2026-05-27T13:26:58.355193+00:00,23677,valencia_46001,2.15,2.87,0.75,l,,True
2026-05-27,2026-05-27T13:26:58.355193+00:00,23762,valencia_46001,3.25,19.12,0.17,l,,True
2026-05-27,2026-05-27T13:26:58.355193+00:00,23763,valencia_46001,3.25,19.12,0.17,l,,True
2026-05-27,2026-05-27T13:26:58.355193+00:00,23764,valencia_46001,3.25,13.0,0.25,l,,True
2026-05-27,2026-05-27T13:26:58.355193+00:00,23768,valencia_46001,3.4,0.19,18.0,ud,,True
2026-05-27,2026-05-27T13:26:58.355193+00:00,23769,valencia_46001,3.4,0.19,18.0,ud,,True
2026-05-27,2026-05-27T13:26:58.355193+00:00,23770,valencia_46001,3.4,0.23,15.0,ud,,True
2026-05-27,2026-05-27T13:26:58.355193+00:00,23773,valencia_46001,1.65,16.5,0.1,kg,,True
2026-05-27,2026-05-27T13:26:58.355193+00:00,23798,valencia_46001,5.75,0.17,1.0,ud,,True
2026-05-27,2026-05-27T13:26:58.355193+00:00,23799,valencia_46001,5.75,0.22,1.0,ud,,True
2026-05-27,2026-05-27T13:26:58.355193+00:00,23800,valencia_46001,5.75,0.18,1.0,ud,,True
2026-05-27,2026-05-27T13:26:58.355193+00:00,23801,valencia_46001,3.7,4.74,0.78,l,,True
2026-05-27,2026-05-27T13:26:58.355193+00:00,23812,valencia_46001,1.75,8.41,0.208,kg,,True
2026-05-27,2026-05-27T13:26:58.355193+00:00,23816,valencia_46001,1.4,5.83,0.24,l,,True
2026-05-27,2026-05-27T13:26:58.355193+00:00,23842,valencia_46001,1.8,7.2,0.25,l,,True
2026-05-27,2026-05-27T13:26:58.355193+00:00,23843,valencia_46001,1.42,4.73,0.3,kg,,True
2026-05-27,2026-05-27T13:26:58.355193+00:00,23850,valencia_46001,3.3,10.31,0.326,l,,True
2026-05-27,2026-05-27T13:26:58.355193+00:00,23851,valencia_46001,3.3,10.31,0.326,l,,True
2026-05-27,2026-05-27T13:26:58.355193+00:00,23862,valencia_46001,0.9,3.6,0.25,l,,True
2026-05-27,2026-05-27T13:26:58.355193+00:00,23863,valencia_46001,10.8,3.6,3.0,l,,True
2026-05-27,2026-05-27T13:26:58.355193+00:00,23892,valencia_46001,3.5,35.0,0.1,l,,True
2026-05-27,2026-05-27T13:26:58.355193+00:00,23893,valencia_46001,3.5,35.0,0.1,l,,True
2026-05-27,2026-05-27T13:26:58.355193+00:00,23908,valencia_46001,5.7,0.95,6.0,l,,True
2026-05-27,2026-05-27T13:26:58.355193+00:00,23912,valencia_46001,0.95,0.95,1.0,l,,True
2026-05-27,2026-05-27T13:26:58.355193+00:00,23925,valencia_46001,6.9,1.15,6.0,l,,True
2026-05-27,2026-05-27T13:26:58.355193+00:00,23926,valencia_46001,1.15,1.15,1.0,l,,True
2026-05-27,2026-05-27T13:26:58.355193+00:00,23956,valencia_46001,0.99,3.96,0.25,l,,True
2026-05-27,2026-05-27T13:26:58.355193+00:00,23964,valencia_46001,7.79,38.0,0.205,kg,,True
2026-05-27,2026-05-27T13:26:58.355193+00:00,23977,valencia_46001,8.0,66.67,0.12,l,,True
2026-05-27,2026-05-27T13:26:58.355193+00:00,23990,valencia_46001,6.8,85.0,0.08,kg,,True
2026-05-27,2026-05-27T13:26:58.355193+00:00,24016,valencia_46001,7.8,20.8,,kg,,True
2026-05-27,2026-05-27T13:26:58.355193+00:00,24023,valencia_46001,6.4,21.33,,kg,,True
2026-05-27,2026-05-27T13:26:58.355193+00:00,24049,valencia_46001,0.95,0.63,1.5,l,,True
2026-05-27,2026-05-27T13:26:58.355193+00:00,24078,valencia_46001,2.25,3.0,0.75,l,,True
2026-05-27,2026-05-27T13:26:58.355193+00:00,24102,valencia_46001,6.55,26.2,0.25,kg,,True
2026-05-27,2026-05-27T13:26:58.355193+00:00,24147,valencia_46001,1282.05,12.95,,kg,,True
2026-05-27,2026-05-27T13:26:58.355193+00:00,24181,valencia_46001,4.9,13.61,,kg,,True
2026-05-27,2026-05-27T13:26:58.355193+00:00,24200,valencia_46001,6.4,16.0,,kg,,True
2026-05-27,2026-05-27T13:26:58.355193+00:00,24203,valencia_46001,1.5,15.0,,kg,,True
2026-05-27,2026-05-27T13:26:58.355193+00:00,24206,valencia_46001,6.0,16.67,,kg,,True
2026-05-27,2026-05-27T13:26:58.355193+00:00,24208,valencia_46001,17.95,17.95,1.0,kg,,True
2026-05-27,2026-05-27T13:26:58.355193+00:00,24230,valencia_46001,6.15,17.08,,kg,,True
2026-05-27,2026-05-27T13:26:58.355193+00:00,24234,valencia_46001,6.5,13.68,,kg,,True
2026-05-27,2026-05-27T13:26:58.355193+00:00,24242,valencia_46001,5.9,12.42,,kg,,True
2026-05-27,2026-05-27T13:26:58.355193+00:00,24249,valencia_46001,5.75,15.97,,kg,,True
2026-05-27,2026-05-27T13:26:58.355193+00:00,24256,valencia_46001,2.75,85.94,0.032,kg,,True
2026-05-27,2026-05-27T13:26:58.355193+00:00,24260,valencia_46001,23.0,11.5,2.0,kg,,True
2026-05-27,2026-05-27T13:26:58.355193+00:00,24267,valencia_46001,4.75,23.75,0.2,kg,,True
2026-05-27,2026-05-27T13:26:58.355193+00:00,24274,valencia_46001,5.9,16.39,,kg,,True
2026-05-27,2026-05-27T13:26:58.355193+00:00,24291,valencia_46001,4.7,10.44,,kg,,True
2026-05-27,2026-05-27T13:26:58.355193+00:00,24324,valencia_46001,5.77,8.25,,kg,,True
2026-05-27,2026-05-27T13:26:58.355193+00:00,24340,valencia_46001,9.25,18.5,,kg,,True
2026-05-27,2026-05-27T13:26:58.355193+00:00,24341,valencia_46001,4.95,12.38,,kg,,True
2026-05-27,2026-05-27T13:26:58.355193+00:00,24345,valencia_46001,4.47,14.9,,kg,,True
2026-05-27,2026-05-27T13:26:58.355193+00:00,24350,valencia_46001,4.05,13.5,,kg,,True
2026-05-27,2026-05-27T13:26:58.355193+00:00,24357,valencia_46001,4.38,17.5,0.25,kg,,True
2026-05-27,2026-05-27T13:26:58.355193+00:00,24383,valencia_46001,3.71,8.25,,kg,,True
2026-05-27,2026-05-27T13:26:58.355193+00:00,2439,valencia_46001,0.65,0.65,1.0,ud,,True
2026-05-27,2026-05-27T13:26:58.355193+00:00,24412,valencia_46001,6.95,19.86,0.35,kg,,True
2026-05-27,2026-05-27T13:26:58.355193+00:00,24477,valencia_46001,5.0,22.73,,kg,,True
2026-05-27,2026-05-27T13:26:58.355193+00:00,24486,valencia_46001,3.95,17.95,,kg,,True
2026-05-27,2026-05-27T13:26:58.355193+00:00,24511,valencia_46001,6.15,24.6,0.25,kg,,True
2026-05-27,2026-05-27T13:26:58.355193+00:00,24527,valencia_46001,3.0,15.0,0.2,kg,,True
2026-05-27,2026-05-27T13:26:58.355193+00:00,24529,valencia_46001,3.25,4.33,0.75,l,,True
2026-05-27,2026-05-27T13:26:58.355193+00:00,24541,valencia_46001,1.75,5.47,0.32,kg,,True
2026-05-27,2026-05-27T13:26:58.355193+00:00,24542,valencia_46001,1.6,5.33,0.3,kg,,True
2026-05-27,2026-05-27T13:26:58.355193+00:00,24551,valencia_46001,1.4,1.41,0.99,l,,True
2026-05-27,2026-05-27T13:26:58.355193+00:00,24712,valencia_46001,5.95,9.92,,kg,,True
2026-05-27,2026-05-27T13:26:58.355193+00:00,25182,valencia_46001,5.7,2.85,2.0,kg,,True
2026-05-27,2026-05-27T13:26:58.355193+00:00,25183,valencia_46001,3.3,3.3,1.0,kg,,True
2026-05-27,2026-05-27T13:26:58.355193+00:00,25184,valencia_46001,3.2,3.2,1.0,kg,,True
2026-05-27,2026-05-27T13:26:58.355193+00:00,25191,valencia_46001,7.96,19.9,0.4,kg,,True
2026-05-27,2026-05-27T13:26:58.355193+00:00,25243,valencia_46001,2.07,4.6,0.45,kg,,True
2026-05-27,2026-05-27T13:26:58.355193+00:00,25258,valencia_46001,4.5,9.0,0.5,kg,,True
2026-05-27,2026-05-27T13:26:58.355193+00:00,25353,valencia_46001,3.12,7.8,0.4,kg,,True
2026-05-27,2026-05-27T13:26:58.355193+00:00,25461,valencia_46001,4.33,5.1,0.85,kg,,True
2026-05-27,2026-05-27T13:26:58.355193+00:00,25629,valencia_46001,9.12,24.0,0.38,kg,,True
2026-05-27,2026-05-27T13:26:58.355193+00:00,25972,valencia_46001,5.64,9.4,0.6,kg,,True
2026-05-27,2026-05-27T13:26:58.355193+00:00,26000,valencia_46001,1.2,2.11,0.57,kg,,True
2026-05-27,2026-05-27T13:26:58.355193+00:00,26001,valencia_46001,1.25,2.19,0.57,kg,,True
2026-05-27,2026-05-27T13:26:58.355193+00:00,26002,valencia_46001,1.75,3.07,0.57,kg,,True
2026-05-27,2026-05-27T13:26:58.355193+00:00,26011,valencia_46001,0.75,2.54,0.295,kg,,True
2026-05-27,2026-05-27T13:26:58.355193+00:00,26019,valencia_46001,0.75,1.32,0.57,kg,,True
2026-05-27,2026-05-27T13:26:58.355193+00:00,26028,valencia_46001,0.7,2.37,0.295,kg,,True
2026-05-27,2026-05-27T13:26:58.355193+00:00,26029,valencia_46001,0.85,1.49,0.57,kg,,True
2026-05-27,2026-05-27T13:26:58.355193+00:00,26030,valencia_46001,0.9,1.58,0.57,kg,,True
2026-05-27,2026-05-27T13:26:58.355193+00:00,26033,valencia_46001,0.9,1.58,0.57,kg,,True
2026-05-27,2026-05-27T13:26:58.355193+00:00,26039,valencia_46001,0.75,2.54,0.295,kg,,True
2026-05-27,2026-05-27T13:26:58.355193+00:00,26101,valencia_46001,1.25,2.98,0.42,kg,,True
2026-05-27,2026-05-27T13:26:58.355193+00:00,26108,valencia_46001,2.95,3.43,0.86,kg,,True
2026-05-27,2026-05-27T13:26:58.355193+00:00,26110,valencia_46001,1.2,2.86,0.42,kg,,True
2026-05-27,2026-05-27T13:26:58.355193+00:00,26114,valencia_46001,1.2,2.86,0.42,kg,,True
2026-05-27,2026-05-27T13:26:58.355193+00:00,26116,valencia_46001,1.2,2.86,0.42,kg,,True
2026-05-27,2026-05-27T13:26:58.355193+00:00,26138,valencia_46001,1.5,3.61,0.415,kg,,True
2026-05-27,2026-05-27T13:26:58.355193+00:00,26174,valencia_46001,1.25,2.98,0.42,kg,,True
2026-05-27,2026-05-27T13:26:58.355193+00:00,2622,valencia_46001,3.95,7.31,0.54,kg,,True
2026-05-27,2026-05-27T13:26:58.355193+00:00,2632,valencia_46001,4.1,37.27,0.11,kg,,True
2026-05-27,2026-05-27T13:26:58.355193+00:00,26496,valencia_46001,2.25,4.5,0.5,l,,True
2026-05-27,2026-05-27T13:26:58.355193+00:00,26749,valencia_46001,3.95,15.8,0.25,kg,,True
2026-05-27,2026-05-27T13:26:58.355193+00:00,26761,valencia_46001,4.8,9.6,,kg,,True
2026-05-27,2026-05-27T13:26:58.355193+00:00,26763,valencia_46001,5.95,9.92,,kg,,True
2026-05-27,2026-05-27T13:26:58.355193+00:00,26775,valencia_46001,4.95,15.23,0.325,kg,,True
2026-05-27,2026-05-27T13:26:58.355193+00:00,2689,valencia_46001,2.1,7.0,0.3,kg,,True
2026-05-27,2026-05-27T13:26:58.355193+00:00,2690,valencia_46001,1.97,8.2,0.24,kg,,True
2026-05-27,2026-05-27T13:26:58.355193+00:00,2692,valencia_46001,4.53,15.1,0.3,kg,,True
2026-05-27,2026-05-27T13:26:58.355193+00:00,26951,valencia_46001,1.5,5.0,0.3,kg,,True
2026-05-27,2026-05-27T13:26:58.355193+00:00,26989,valencia_46001,3.92,49.0,0.08,kg,,True
2026-05-27,2026-05-27T13:26:58.355193+00:00,26990,valencia_46001,1.35,0.68,2.0,l,,True
2026-05-27,2026-05-27T13:26:58.355193+00:00,26995,valencia_46001,7.27,25.5,0.285,kg,,True
2026-05-27,2026-05-27T13:26:58.355193+00:00,26997,valencia_46001,9.96,2.52,3.96,l,,True
2026-05-27,2026-05-27T13:26:58.355193+00:00,26999,valencia_46001,3.96,2.64,1.5,l,,True
2026-05-27,2026-05-27T13:26:58.355193+00:00,27054,valencia_46001,0.29,0.58,0.5,l,,True
2026-05-27,2026-05-27T13:26:58.355193+00:00,27061,valencia_46001,1.74,0.58,3.0,l,,True
2026-05-27,2026-05-27T13:26:58.355193+00:00,27076,valencia_46001,1.56,0.52,3.0,l,,True
2026-05-27,2026-05-27T13:26:58.355193+00:00,27078,valencia_46001,0.26,0.52,0.5,l,,True
2026-05-27,2026-05-27T13:26:58.355193+00:00,27088,valencia_46001,0.82,0.14,6.0,l,,True
2026-05-27,2026-05-27T13:26:58.355193+00:00,27099,valencia_46001,3.84,0.43,9.0,l,,True
2026-05-27,2026-05-27T13:26:58.355193+00:00,27100,valencia_46001,0.79,2.39,0.33,l,,True
2026-05-27,2026-05-27T13:26:58.355193+00:00,27103,valencia_46001,0.5,1.52,0.33,l,,True
2026-05-27,2026-05-27T13:26:58.355193+00:00,27114,valencia_46001,3.72,2.48,1.5,l,,True
2026-05-27,2026-05-27T13:26:58.355193+00:00,27136,valencia_46001,0.89,2.7,0.33,l,,True
2026-05-27,2026-05-27T13:26:58.355193+00:00,27137,valencia_46001,1.03,3.12,0.33,l,,True
2026-05-27,2026-05-27T13:26:58.355193+00:00,2715,valencia_46001,3.27,6.95,0.47,kg,,True
2026-05-27,2026-05-27T13:26:58.355193+00:00,27150,valencia_46001,7.18,3.63,1.98,l,,True
2026-05-27,2026-05-27T13:26:58.355193+00:00,27178,valencia_46001,0.8,2.42,0.33,l,,True
2026-05-27,2026-05-27T13:26:58.355193+00:00,27184,valencia_46001,7.38,2.48,2.97,l,,True
2026-05-27,2026-05-27T13:26:58.355193+00:00,27187,valencia_46001,3.12,2.08,1.5,l,,True
2026-05-27,2026-05-27T13:26:58.355193+00:00,27203,valencia_46001,1.6,1.07,1.5,l,,True
2026-05-27,2026-05-27T13:26:58.355193+00:00,27204,valencia_46001,0.68,0.45,1.5,l,,True
2026-05-27,2026-05-27T13:26:58.355193+00:00,27213,valencia_46001,1.55,1.55,1.0,l,,True
2026-05-27,2026-05-27T13:26:58.355193+00:00,27216,valencia_46001,0.73,0.49,1.5,l,,True
2026-05-27,2026-05-27T13:26:58.355193+00:00,27230,valencia_46001,0.75,0.5,1.5,l,,True
2026-05-27,2026-05-27T13:26:58.355193+00:00,27232,valencia_46001,0.64,0.43,1.5,l,,True
2026-05-27,2026-05-27T13:26:58.355193+00:00,27291,valencia_46001,4.2,0.47,9.0,l,,True
2026-05-27,2026-05-27T13:26:58.355193+00:00,27314,valencia_46001,4.5,0.5,9.0,l,,True
2026-05-27,2026-05-27T13:26:58.355193+00:00,27321,valencia_46001,9.96,2.52,3.96,l,,True
2026-05-27,2026-05-27T13:26:58.355193+00:00,27326,valencia_46001,0.95,2.88,0.33,l,,True
2026-05-27,2026-05-27T13:26:58.355193+00:00,27327,valencia_46001,5.34,0.59,9.0,l,,True
2026-05-27,2026-05-27T13:26:58.355193+00:00,27342,valencia_46001,1.99,1.0,2.0,l,,True
2026-05-27,2026-05-27T13:26:58.355193+00:00,27348,valencia_46001,3.95,0.99,4.0,l,,True
2026-05-27,2026-05-27T13:26:58.355193+00:00,27350,valencia_46001,3.9,0.43,9.0,l,,True
2026-05-27,2026-05-27T13:26:58.355193+00:00,27356,valencia_46001,0.89,0.59,1.5,l,,True
2026-05-27,2026-05-27T13:26:58.355193+00:00,27357,valencia_46001,0.93,2.82,0.33,l,,True
2026-05-27,2026-05-27T13:26:58.355193+00:00,27366,valencia_46001,2.7,0.3,9.0,l,,True
2026-05-27,2026-05-27T13:26:58.355193+00:00,27367,valencia_46001,0.45,0.3,1.5,l,,True
2026-05-27,2026-05-27T13:26:58.355193+00:00,27368,valencia_46001,1.74,0.58,3.0,l,,True
2026-05-27,2026-05-27T13:26:58.355193+00:00,27369,valencia_46001,0.29,0.58,0.5,l,,True
2026-05-27,2026-05-27T13:26:58.355193+00:00,27406,valencia_46001,0.85,2.58,0.33,l,,True
2026-05-27,2026-05-27T13:26:58.355193+00:00,27414,valencia_46001,0.95,2.88,0.33,l,,True
2026-05-27,2026-05-27T13:26:58.355193+00:00,27426,valencia_46001,9.96,2.52,3.96,l,,True
2026-05-27,2026-05-27T13:26:58.355193+00:00,27445,valencia_46001,1.99,1.0,2.0,l,,True
2026-05-27,2026-05-27T13:26:58.355193+00:00,27449,valencia_46001,3.95,0.99,4.0,l,,True
2026-05-27,2026-05-27T13:26:58.355193+00:00,27456,valencia_46001,0.89,2.7,0.33,l,,True
2026-05-27,2026-05-27T13:26:58.355193+00:00,27462,valencia_46001,1.99,1.0,2.0,l,,True
2026-05-27,2026-05-27T13:26:58.355193+00:00,27487,valencia_46001,7.84,2.97,2.64,l,,True
2026-05-27,2026-05-27T13:26:58.355193+00:00,27488,valencia_46001,0.99,3.0,0.33,l,,True
2026-05-27,2026-05-27T13:26:58.355193+00:00,27502,valencia_46001,0.8,2.42,0.33,l,,True
2026-05-27,2026-05-27T13:26:58.355193+00:00,27508,valencia_46001,1.85,0.93,2.0,l,,True
2026-05-27,2026-05-27T13:26:58.355193+00:00,27510,valencia_46001,0.75,2.27,0.33,l,,True
2026-05-27,2026-05-27T13:26:58.355193+00:00,27545,valencia_46001,1.85,0.93,2.0,l,,True
2026-05-27,2026-05-27T13:26:58.355193+00:00,27548,valencia_46001,3.2,16.0,0.2,kg,,True
2026-05-27,2026-05-27T13:26:58.355193+00:00,27559,valencia_46001,0.95,2.88,0.33,l,,True
2026-05-27,2026-05-27T13:26:58.355193+00:00,27571,valencia_46001,6.93,2.33,2.97,l,,True
2026-05-27,2026-05-27T13:26:58.355193+00:00,27597,valencia_46001,1.14,1.14,1.0,l,,True
2026-05-27,2026-05-27T13:26:58.355193+00:00,27598,valencia_46001,6.84,1.14,6.0,l,,True
2026-05-27,2026-05-27T13:26:58.355193+00:00,27602,valencia_46001,0.8,2.42,0.33,l,,True
2026-05-27,2026-05-27T13:26:58.355193+00:00,27608,valencia_46001,0.75,2.27,0.33,l,,True
2026-05-27,2026-05-27T13:26:58.355193+00:00,27610,valencia_46001,1.85,0.93,2.0,l,,True
2026-05-27,2026-05-27T13:26:58.355193+00:00,27666,valencia_46001,7.92,3.0,2.64,l,,True
2026-05-27,2026-05-27T13:26:58.355193+00:00,27667,valencia_46001,0.99,3.0,0.33,l,,True
2026-05-27,2026-05-27T13:26:58.355193+00:00,27679,valencia_46001,5.6,2.12,2.64,l,,True
2026-05-27,2026-05-27T13:26:58.355193+00:00,27759,valencia_46001,1.99,1.59,1.25,l,,True
2026-05-27,2026-05-27T13:26:58.355193+00:00,27761,valencia_46001,7.76,2.94,2.64,l,,True
2026-05-27,2026-05-27T13:26:58.355193+00:00,27762,valencia_46001,0.97,2.94,0.33,l,,True
2026-05-27,2026-05-27T13:26:58.355193+00:00,2777,valencia_46001,3.4,4.2,0.81,kg,,True
2026-05-27,2026-05-27T13:26:58.355193+00:00,2778,valencia_46001,3.22,3.5,0.92,kg,,True
2026-05-27,2026-05-27T13:26:58.355193+00:00,2779,valencia_46001,3.6,4.0,0.9,kg,,True
2026-05-27,2026-05-27T13:26:58.355193+00:00,2781,valencia_46001,6.65,3.5,1.9,kg,,True
2026-05-27,2026-05-27T13:26:58.355193+00:00,2783,valencia_46001,3.9,4.7,0.83,kg,,True
2026-05-27,2026-05-27T13:26:58.355193+00:00,27832,valencia_46001,1.0,0.67,1.5,l,,True
2026-05-27,2026-05-27T13:26:58.355193+00:00,2784,valencia_46001,3.78,4.15,0.91,kg,,True
2026-05-27,2026-05-27T13:26:58.355193+00:00,27842,valencia_46001,1.6,1.21,1.32,l,,True
2026-05-27,2026-05-27T13:26:58.355193+00:00,27845,valencia_46001,0.65,1.97,0.33,l,,True
2026-05-27,2026-05-27T13:26:58.355193+00:00,2785,valencia_46001,3.0,5.0,0.6,kg,,True
2026-05-27,2026-05-27T13:26:58.355193+00:00,2786,valencia_46001,3.68,8.0,0.46,kg,,True
2026-05-27,2026-05-27T13:26:58.355193+00:00,2787,valencia_46001,4.09,7.3,0.56,kg,,True
2026-05-27,2026-05-27T13:26:58.355193+00:00,2788,valencia_46001,2.78,5.55,0.5,kg,,True
2026-05-27,2026-05-27T13:26:58.355193+00:00,2789,valencia_46001,3.58,6.5,0.55,kg,,True
2026-05-27,2026-05-27T13:26:58.355193+00:00,27893,valencia_46001,1.39,1.39,1.0,l,,True
2026-05-27,2026-05-27T13:26:58.355193+00:00,27894,valencia_46001,8.34,1.39,6.0,l,,True
2026-05-27,2026-05-27T13:26:58.355193+00:00,27905,valencia_46001,1.54,6.16,0.25,l,,True
2026-05-27,2026-05-27T13:26:58.355193+00:00,2791,valencia_46001,4.8,9.6,0.5,kg,,True
2026-05-27,2026-05-27T13:26:58.355193+00:00,2794,valencia_46001,5.16,8.75,0.59,kg,,True
2026-05-27,2026-05-27T13:26:58.355193+00:00,27951,valencia_46001,1.85,1.23,1.5,l,,True
2026-05-27,2026-05-27T13:26:58.355193+00:00,2796,valencia_46001,4.2,12.0,0.35,kg,,True
2026-05-27,2026-05-27T13:26:58.355193+00:00,27965,valencia_46001,1.35,0.9,1.5,l,,True
2026-05-27,2026-05-27T13:26:58.355193+00:00,2797,valencia_46001,10.41,8.6,1.21,kg,,True
2026-05-27,2026-05-27T13:26:58.355193+00:00,27971,valencia_46001,0.34,0.68,0.5,l,,True
2026-05-27,2026-05-27T13:26:58.355193+00:00,27972,valencia_46001,2.04,0.68,3.0,l,,True
2026-05-27,2026-05-27T13:26:58.355193+00:00,28016,valencia_46001,1.79,3.58,0.5,l,,True
2026-05-27,2026-05-27T13:26:58.355193+00:00,28032,valencia_46001,17.6,25.14,0.7,l,,True
2026-05-27,2026-05-27T13:26:58.355193+00:00,28035,valencia_46001,1.3,0.22,6.0,l,,True
2026-05-27,2026-05-27T13:26:58.355193+00:00,28057,valencia_46001,6.18,3.12,1.98,l,,True
2026-05-27,2026-05-27T13:26:58.355193+00:00,28060,valencia_46001,0.95,0.12,8.0,l,,True
2026-05-27,2026-05-27T13:26:58.355193+00:00,28069,valencia_46001,1.29,1.29,1.0,l,,True
2026-05-27,2026-05-27T13:26:58.355193+00:00,2810,valencia_46001,6.55,13.1,0.5,kg,,True
2026-05-27,2026-05-27T13:26:58.355193+00:00,2811,valencia_46001,4.96,8.0,0.62,kg,,True
2026-05-27,2026-05-27T13:26:58.355193+00:00,28113,valencia_46001,5.6,2.8,2.0,l,,True
2026-05-27,2026-05-27T13:26:58.355193+00:00,28115,valencia_46001,5.6,2.8,2.0,l,,True
2026-05-27,2026-05-27T13:26:58.355193+00:00,28116,valencia_46001,3.75,40.76,0.096,kg,,True
2026-05-27,2026-05-27T13:26:58.355193+00:00,28119,valencia_46001,1.79,3.58,0.5,l,,True
2026-05-27,2026-05-27T13:26:58.355193+00:00,2812,valencia_46001,3.52,6.9,0.51,kg,,True
2026-05-27,2026-05-27T13:26:58.355193+00:00,2813,valencia_46001,3.22,5.75,0.56,kg,,True
2026-05-27,2026-05-27T13:26:58.355193+00:00,2815,valencia_46001,3.24,5.5,0.59,kg,,True
2026-05-27,2026-05-27T13:26:58.355193+00:00,28163,valencia_46001,2.4,0.4,6.0,l,,True
2026-05-27,2026-05-27T13:26:58.355193+00:00,28164,valencia_46001,0.4,0.4,1.0,l,,True
2026-05-27,2026-05-27T13:26:58.355193+00:00,2817,valencia_46001,4.22,6.3,0.67,kg,,True
2026-05-27,2026-05-27T13:26:58.355193+00:00,28176,valencia_46001,4.88,1.85,2.64,l,,True
2026-05-27,2026-05-27T13:26:58.355193+00:00,28180,valencia_46001,3.95,0.99,4.0,l,,True
2026-05-27,2026-05-27T13:26:58.355193+00:00,28181,valencia_46001,1.55,1.24,1.25,l,,True
2026-05-27,2026-05-27T13:26:58.355193+00:00,28185,valencia_46001,6.15,3.42,1.8,l,,True
2026-05-27,2026-05-27T13:26:58.355193+00:00,28197,valencia_46001,1.2,3.64,0.33,l,,True
2026-05-27,2026-05-27T13:26:58.355193+00:00,28198,valencia_46001,2.3,2.3,1.0,l,,True
2026-05-27,2026-05-27T13:26:58.355193+00:00,28246,valencia_46001,9.75,9.75,1.0,l,,True
2026-05-27,2026-05-27T13:26:58.355193+00:00,28269,valencia_46001,1.62,0.18,9.0,l,,True
2026-05-27,2026-05-27T13:26:58.355193+00:00,28270,valencia_46001,0.27,0.18,1.5,l,,True
2026-05-27,2026-05-27T13:26:58.355193+00:00,28288,valencia_46001,1.68,0.85,1.98,l,,True
2026-05-27,2026-05-27T13:26:58.355193+00:00,28296,valencia_46001,0.28,0.85,0.33,l,,True
2026-05-27,2026-05-27T13:26:58.355193+00:00,2830,valencia_46001,3.52,11.0,0.32,kg,,True
2026-05-27,2026-05-27T13:26:58.355193+00:00,28311,valencia_46001,12.7,12.7,1.0,l,,True
2026-05-27,2026-05-27T13:26:58.355193+00:00,2832,valencia_46001,3.53,5.6,0.63,kg,,True
2026-05-27,2026-05-27T13:26:58.355193+00:00,2833,valencia_46001,4.92,8.2,0.6,kg,,True
2026-05-27,2026-05-27T13:26:58.355193+00:00,28334,valencia_46001,10.5,10.5,1.0,l,,True
2026-05-27,2026-05-27T13:26:58.355193+00:00,28335,valencia_46001,6.85,9.79,0.7,l,,True
2026-05-27,2026-05-27T13:26:58.355193+00:00,28356,valencia_46001,13.9,19.86,0.7,l,,True
2026-05-27,2026-05-27T13:26:58.355193+00:00,28373,valencia_46001,12.7,18.14,0.7,l,,True
2026-05-27,2026-05-27T13:26:58.355193+00:00,2839,valencia_46001,3.98,7.8,0.51,kg,,True
2026-05-27,2026-05-27T13:26:58.355193+00:00,28397,valencia_46001,11.75,11.75,1.0,l,,True
2026-05-27,2026-05-27T13:26:58.355193+00:00,28400,valencia_46001,11.9,11.9,1.0,l,,True
2026-05-27,2026-05-27T13:26:58.355193+00:00,28401,valencia_46001,11.9,11.9,1.0,l,,True
2026-05-27,2026-05-27T13:26:58.355193+00:00,28407,valencia_46001,12.8,18.29,0.7,l,,True
2026-05-27,2026-05-27T13:26:58.355193+00:00,28408,valencia_46001,15.5,22.14,0.7,l,,True
2026-05-27,2026-05-27T13:26:58.355193+00:00,28432,valencia_46001,4.8,6.86,0.7,l,,True
2026-05-27,2026-05-27T13:26:58.355193+00:00,28435,valencia_46001,0.99,3.0,0.33,l,,True
2026-05-27,2026-05-27T13:26:58.355193+00:00,28443,valencia_46001,6.0,8.57,0.7,l,,True
2026-05-27,2026-05-27T13:26:58.355193+00:00,28475,valencia_46001,6.35,9.07,0.7,l,,True
2026-05-27,2026-05-27T13:26:58.355193+00:00,2849,valencia_46001,4.0,7.7,0.52,kg,,True
2026-05-27,2026-05-27T13:26:58.355193+00:00,28491,valencia_46001,3.0,0.5,6.0,l,,True
2026-05-27,2026-05-27T13:26:58.355193+00:00,28494,valencia_46001,6.4,6.4,1.0,l,,True
2026-05-27,2026-05-27T13:26:58.355193+00:00,28496,valencia_46001,3.15,3.5,0.9,kg,,True
2026-05-27,2026-05-27T13:26:58.355193+00:00,28499,valencia_46001,0.5,0.5,1.0,l,,True
2026-05-27,2026-05-27T13:26:58.355193+00:00,28506,valencia_46001,6.25,8.93,0.7,l,,True
2026-05-27,2026-05-27T13:26:58.355193+00:00,28508,valencia_46001,6.1,8.71,0.7,l,,True
2026-05-27,2026-05-27T13:26:58.355193+00:00,2851,valencia_46001,3.9,7.8,0.5,kg,,True
2026-05-27,2026-05-27T13:26:58.355193+00:00,28515,valencia_46001,1.6,2.13,0.75,l,,True
2026-05-27,2026-05-27T13:26:58.355193+00:00,2852,valencia_46001,2.55,7.3,0.35,kg,,True
2026-05-27,2026-05-27T13:26:58.355193+00:00,28525,valencia_46001,6.0,8.57,0.7,l,,True
2026-05-27,2026-05-27T13:26:58.355193+00:00,28527,valencia_46001,6.1,6.1,1.0,l,,True
2026-05-27,2026-05-27T13:26:58.355193+00:00,2853,valencia_46001,1.23,1.3,0.95,kg,,True
2026-05-27,2026-05-27T13:26:58.355193+00:00,2855,valencia_46001,2.03,2.7,0.75,kg,,True
2026-05-27,2026-05-27T13:26:58.355193+00:00,2856,valencia_46001,2.03,5.35,0.38,kg,,True
2026-05-27,2026-05-27T13:26:58.355193+00:00,28566,valencia_46001,2.4,1.21,1.98,l,,True
2026-05-27,2026-05-27T13:26:58.355193+00:00,28567,valencia_46001,0.4,1.21,0.33,l,,True
2026-05-27,2026-05-27T13:26:58.355193+00:00,2857,valencia_46001,1.2,4.0,0.3,kg,,True
2026-05-27,2026-05-27T13:26:58.355193+00:00,28571,valencia_46001,5.85,8.36,0.7,l,,True
2026-05-27,2026-05-27T13:26:58.355193+00:00,28576,valencia_46001,1.0,0.67,1.5,l,,True
2026-05-27,2026-05-27T13:26:58.355193+00:00,2859,valencia_46001,3.37,6.6,0.51,kg,,True
2026-05-27,2026-05-27T13:26:58.355193+00:00,2860,valencia_46001,4.42,13.0,0.34,kg,,True
2026-05-27,2026-05-27T13:26:58.355193+00:00,28604,valencia_46001,13.95,19.93,0.7,l,,True
2026-05-27,2026-05-27T13:26:58.355193+00:00,2861,valencia_46001,4.58,10.4,0.44,kg,,True
2026-05-27,2026-05-27T13:26:58.355193+00:00,28610,valencia_46001,14.45,20.64,0.7,l,,True
2026-05-27,2026-05-27T13:26:58.355193+00:00,28613,valencia_46001,11.8,16.86,0.7,l,,True
2026-05-27,2026-05-27T13:26:58.355193+00:00,28630,valencia_46001,28.9,41.29,0.7,l,,True
2026-05-27,2026-05-27T13:26:58.355193+00:00,28631,valencia_46001,11.75,16.79,0.7,l,,True
2026-05-27,2026-05-27T13:26:58.355193+00:00,2864,valencia_46001,1.5,6.82,0.22,kg,,True
2026-05-27,2026-05-27T13:26:58.355193+00:00,28664,valencia_46001,6.68,3.34,2.0,l,,True
2026-05-27,2026-05-27T13:26:58.355193+00:00,2867,valencia_46001,2.75,5.5,0.5,kg,,True
2026-05-27,2026-05-27T13:26:58.355193+00:00,28670,valencia_46001,6.68,3.34,2.0,l,,True
2026-05-27,2026-05-27T13:26:58.355193+00:00,2868,valencia_46001,5.5,11.0,0.5,kg,,True
2026-05-27,2026-05-27T13:26:58.355193+00:00,28688,valencia_46001,1.0,0.67,1.5,l,,True
2026-05-27,2026-05-27T13:26:58.355193+00:00,2869,valencia_46001,4.1,8.2,0.5,kg,,True
2026-05-27,2026-05-27T13:26:58.355193+00:00,2871,valencia_46001,4.55,5.42,0.84,kg,,True
2026-05-27,2026-05-27T13:26:58.355193+00:00,28712,valencia_46001,14.25,20.36,0.7,l,,True
2026-05-27,2026-05-27T13:26:58.355193+00:00,28715,valencia_46001,10.95,10.95,1.0,l,,True
2026-05-27,2026-05-27T13:26:58.355193+00:00,2872,valencia_46001,4.2,7.78,0.54,kg,,True
2026-05-27,2026-05-27T13:26:58.355193+00:00,28724,valencia_46001,14.25,20.36,0.7,l,,True
2026-05-27,2026-05-27T13:26:58.355193+00:00,2873,valencia_46001,6.2,11.48,0.54,kg,,True
2026-05-27,2026-05-27T13:26:58.355193+00:00,28731,valencia_46001,8.95,12.79,0.7,l,,True
2026-05-27,2026-05-27T13:26:58.355193+00:00,28757,valencia_46001,15.15,21.64,0.7,l,,True
2026-05-27,2026-05-27T13:26:58.355193+00:00,2876,valencia_46001,1.63,5.45,0.3,kg,,True
2026-05-27,2026-05-27T13:26:58.355193+00:00,28775,valencia_46001,13.65,19.5,0.7,l,,True
2026-05-27,2026-05-27T13:26:58.355193+00:00,28822,valencia_46001,6.7,6.7,1.0,l,,True
2026-05-27,2026-05-27T13:26:58.355193+00:00,28848,valencia_46001,7.0,10.0,0.7,l,,True
2026-05-27,2026-05-27T13:26:58.355193+00:00,28898,valencia_46001,2.1,3.0,0.7,l,,True
2026-05-27,2026-05-27T13:26:58.355193+00:00,28908,valencia_46001,3.95,5.27,0.75,l,,True
2026-05-27,2026-05-27T13:26:58.355193+00:00,28921,valencia_46001,3.3,4.4,0.75,l,,True
2026-05-27,2026-05-27T13:26:58.355193+00:00,28938,valencia_46001,4.7,6.27,0.75,l,,True
2026-05-27,2026-05-27T13:26:58.355193+00:00,28939,valencia_46001,3.0,4.0,0.75,l,,True
2026-05-27,2026-05-27T13:26:58.355193+00:00,28949,valencia_46001,3.7,4.93,0.75,l,,True
2026-05-27,2026-05-27T13:26:58.355193+00:00,28959,valencia_46001,4.1,5.47,0.75,l,,True
2026-05-27,2026-05-27T13:26:58.355193+00:00,28969,valencia_46001,9.75,13.0,0.75,l,,True
2026-05-27,2026-05-27T13:26:58.355193+00:00,28999,valencia_46001,2.4,3.2,0.75,l,,True
2026-05-27,2026-05-27T13:26:58.355193+00:00,29004,valencia_46001,0.7,15.91,0.044,kg,,True
2026-05-27,2026-05-27T13:26:58.355193+00:00,29006,valencia_46001,1.1,3.67,0.3,kg,,True
2026-05-27,2026-05-27T13:26:58.355193+00:00,29007,valencia_46001,1.45,1.45,1.0,kg,,True
2026-05-27,2026-05-27T13:26:58.355193+00:00,29016,valencia_46001,2.1,8.4,0.25,kg,,True
2026-05-27,2026-05-27T13:26:58.355193+00:00,29017,valencia_46001,1.0,1.0,1.0,kg,,True
2026-05-27,2026-05-27T13:26:58.355193+00:00,29019,valencia_46001,0.95,0.95,1.0,kg,,True
2026-05-27,2026-05-27T13:26:58.355193+00:00,29043,valencia_46001,2.22,1.12,1.98,l,,True
2026-05-27,2026-05-27T13:26:58.355193+00:00,29044,valencia_46001,0.37,1.12,0.33,l,,True
2026-05-27,2026-05-27T13:26:58.355193+00:00,29045,valencia_46001,2.22,1.12,1.98,l,,True
2026-05-27,2026-05-27T13:26:58.355193+00:00,29046,valencia_46001,0.37,1.12,0.33,l,,True
2026-05-27,2026-05-27T13:26:58.355193+00:00,29062,valencia_46001,2.85,14.25,0.2,kg,,True
2026-05-27,2026-05-27T13:26:58.355193+00:00,29077,valencia_46001,0.95,0.48,2.0,l,,True
2026-05-27,2026-05-27T13:26:58.355193+00:00,29078,valencia_46001,0.95,0.48,2.0,l,,True
2026-05-27,2026-05-27T13:26:58.355193+00:00,29100,valencia_46001,0.72,0.72,1.0,kg,,True
2026-05-27,2026-05-27T13:26:58.355193+00:00,29106,valencia_46001,2.95,0.59,5.0,kg,,True
2026-05-27,2026-05-27T13:26:58.355193+00:00,29130,valencia_46001,1.31,2.62,0.5,kg,,True
2026-05-27,2026-05-27T13:26:58.355193+00:00,29134,valencia_46001,0.9,0.9,1.0,kg,,True
2026-05-27,2026-05-27T13:26:58.355193+00:00,29165,valencia_46001,1.6,1.6,1.0,kg,,True
2026-05-27,2026-05-27T13:26:58.355193+00:00,29174,valencia_46001,1.45,1.45,1.0,kg,,True
2026-05-27,2026-05-27T13:26:58.355193+00:00,29180,valencia_46001,1.2,1.2,1.0,kg,,True
2026-05-27,2026-05-27T13:26:58.355193+00:00,29225,valencia_46001,2.25,28.13,0.08,kg,,True
2026-05-27,2026-05-27T13:26:58.355193+00:00,29247,valencia_46001,1.99,1.99,1.0,l,,True
2026-05-27,2026-05-27T13:26:58.355193+00:00,29314,valencia_46001,0.75,0.75,1.0,l,,True
2026-05-27,2026-05-27T13:26:58.355193+00:00,29322,valencia_46001,4.5,0.75,6.0,l,,True
2026-05-27,2026-05-27T13:26:58.355193+00:00,29360,valencia_46001,1.5,3.0,0.5,l,,True
2026-05-27,2026-05-27T13:26:58.355193+00:00,29361,valencia_46001,1.5,3.0,0.5,l,,True
2026-05-27,2026-05-27T13:26:58.355193+00:00,29373,valencia_46001,2.0,4.0,0.5,kg,,True
2026-05-27,2026-05-27T13:26:58.355193+00:00,29410,valencia_46001,1.55,1.03,1.5,l,,True
2026-05-27,2026-05-27T13:26:58.355193+00:00,29540,valencia_46001,1.55,3.69,0.4,kg,,True
2026-05-27,2026-05-27T13:26:58.355193+00:00,29604,valencia_46001,7.44,2.82,2.64,l,,True
2026-05-27,2026-05-27T13:26:58.355193+00:00,29605,valencia_46001,7.44,2.82,2.64,l,,True
2026-05-27,2026-05-27T13:26:58.355193+00:00,29606,valencia_46001,2.65,13.25,0.2,kg,,True
2026-05-27,2026-05-27T13:26:58.355193+00:00,29608,valencia_46001,2.1,1.4,1.5,l,,True
2026-05-27,2026-05-27T13:26:58.355193+00:00,29609,valencia_46001,2.1,1.4,1.5,l,,True
2026-05-27,2026-05-27T13:26:58.355193+00:00,29612,valencia_46001,2.1,1.4,1.5,l,,True
2026-05-27,2026-05-27T13:26:58.355193+00:00,29624,valencia_46001,0.99,3.0,0.33,l,,True
2026-05-27,2026-05-27T13:26:58.355193+00:00,29625,valencia_46001,0.99,3.0,0.33,l,,True
2026-05-27,2026-05-27T13:26:58.355193+00:00,30006,valencia_46001,7.32,6.1,1.2,kg,,True
2026-05-27,2026-05-27T13:26:58.355193+00:00,30167,valencia_46001,5.6,0.23,24.0,ud,,True
2026-05-27,2026-05-27T13:26:58.355193+00:00,3021,valencia_46001,0.5,2.4,0.21,kg,,True
2026-05-27,2026-05-27T13:26:58.355193+00:00,3024,valencia_46001,3.8,6.55,0.58,kg,,True
2026-05-27,2026-05-27T13:26:58.355193+00:00,3026,valencia_46001,2.42,5.05,0.48,kg,,True
2026-05-27,2026-05-27T13:26:58.355193+00:00,3028,valencia_46001,0.44,2.2,0.2,kg,,True
2026-05-27,2026-05-27T13:26:58.355193+00:00,3050,valencia_46001,1.8,2.9,0.62,kg,,True
2026-05-27,2026-05-27T13:26:58.355193+00:00,3076,valencia_46001,3.46,2.0,1.73,kg,,True
2026-05-27,2026-05-27T13:26:58.355193+00:00,31010,valencia_46001,2.2,0.37,6.0,ud,,True
2026-05-27,2026-05-27T13:26:58.355193+00:00,31011,valencia_46001,1.85,0.1,18.0,ud,,True
2026-05-27,2026-05-27T13:26:58.355193+00:00,3119,valencia_46001,0.44,2.45,0.18,kg,,True
2026-05-27,2026-05-27T13:26:58.355193+00:00,31309,valencia_46001,1.7,5.67,0.3,l,,True
2026-05-27,2026-05-27T13:26:58.355193+00:00,31310,valencia_46001,2.1,0.35,6.0,ud,,True
2026-05-27,2026-05-27T13:26:58.355193+00:00,31312,valencia_46001,2.85,2.85,1.0,l,,True
2026-05-27,2026-05-27T13:26:58.355193+00:00,3132,valencia_46001,0.84,2.9,0.29,kg,,True
2026-05-27,2026-05-27T13:26:58.355193+00:00,31504,valencia_46001,3.2,0.27,12.0,ud,,True
2026-05-27,2026-05-27T13:26:58.355193+00:00,31505,valencia_46001,3.0,0.25,12.0,ud,,True
2026-05-27,2026-05-27T13:26:58.355193+00:00,31540,valencia_46001,1.8,0.3,6.0,ud,,True
2026-05-27,2026-05-27T13:26:58.355193+00:00,31592,valencia_46001,4.3,0.36,12.0,ud,,True
2026-05-27,2026-05-27T13:26:58.355193+00:00,3170,valencia_46001,0.31,3.9,0.08,kg,,True
2026-05-27,2026-05-27T13:26:58.355193+00:00,3202,valencia_46001,0.99,3.3,0.3,kg,,True
2026-05-27,2026-05-27T13:26:58.355193+00:00,32045,valencia_46001,1.4,7.37,0.19,kg,,True
2026-05-27,2026-05-27T13:26:58.355193+00:00,3210,valencia_46001,0.82,3.15,0.26,kg,,True
2026-05-27,2026-05-27T13:26:58.355193+00:00,32227,valencia_46001,1.75,17.5,0.1,kg,,True
2026-05-27,2026-05-27T13:26:58.355193+00:00,32316,valencia_46001,1.75,5.83,0.3,kg,,True
2026-05-27,2026-05-27T13:26:58.355193+00:00,32329,valencia_46001,1.4,15.73,0.089,kg,,True
2026-05-27,2026-05-27T13:26:58.355193+00:00,3235,valencia_46001,0.59,1.95,0.3,kg,,True
2026-05-27,2026-05-27T13:26:58.355193+00:00,32358,valencia_46001,1.45,30.21,0.048,kg,,True
2026-05-27,2026-05-27T13:26:58.355193+00:00,3236,valencia_46001,2.85,2.85,1.0,kg,,True
2026-05-27,2026-05-27T13:26:58.355193+00:00,32524,valencia_46001,2.0,13.33,0.15,l,,True
2026-05-27,2026-05-27T13:26:58.355193+00:00,32525,valencia_46001,1.3,10.83,0.12,kg,,True
2026-05-27,2026-05-27T13:26:58.355193+00:00,3269,valencia_46001,3.0,2.0,1.5,kg,,True
2026-05-27,2026-05-27T13:26:58.355193+00:00,3277,valencia_46001,4.35,1.45,3.0,kg,,True
2026-05-27,2026-05-27T13:26:58.355193+00:00,33022,valencia_46001,2.6,7.54,0.345,kg,,True
2026-05-27,2026-05-27T13:26:58.355193+00:00,33026,valencia_46001,1.85,2.76,0.67,kg,,True
2026-05-27,2026-05-27T13:26:58.355193+00:00,33053,valencia_46001,2.8,3.35,0.81,kg,,True
2026-05-27,2026-05-27T13:26:58.355193+00:00,33114,valencia_46001,1.7,3.24,0.525,kg,,True
2026-05-27,2026-05-27T13:26:58.355193+00:00,33120,valencia_46001,2.95,3.14,0.935,kg,,True
2026-05-27,2026-05-27T13:26:58.355193+00:00,33121,valencia_46001,1.9,4.52,0.42,kg,,True
2026-05-27,2026-05-27T13:26:58.355193+00:00,33136,valencia_46001,1.75,2.54,0.69,kg,,True
2026-05-27,2026-05-27T13:26:58.355193+00:00,33141,valencia_46001,1.65,4.71,0.35,kg,,True
2026-05-27,2026-05-27T13:26:58.355193+00:00,33168,valencia_46001,3.4,3.47,0.98,kg,,True
2026-05-27,2026-05-27T13:26:58.355193+00:00,33178,valencia_46001,1.75,5.0,0.35,kg,,True
2026-05-27,2026-05-27T13:26:58.355193+00:00,33189,valencia_46001,1.65,12.22,0.135,kg,,True
2026-05-27,2026-05-27T13:26:58.355193+00:00,33190,valencia_46001,1.35,10.0,0.135,kg,,True
2026-05-27,2026-05-27T13:26:58.355193+00:00,3321,valencia_46001,3.0,5.0,0.6,kg,,True
2026-05-27,2026-05-27T13:26:58.355193+00:00,33235,valencia_46001,1.7,4.93,0.345,kg,,True
2026-05-27,2026-05-27T13:26:58.355193+00:00,33357,valencia_46001,4.0,11.11,0.36,l,,True
2026-05-27,2026-05-27T13:26:58.355193+00:00,33436,valencia_46001,1.4,14.0,0.1,kg,,True
2026-05-27,2026-05-27T13:26:58.355193+00:00,33555,valencia_46001,2.65,16.06,0.165,kg,,True
2026-05-27,2026-05-27T13:26:58.355193+00:00,33556,valencia_46001,2.65,16.06,0.165,kg,,True
2026-05-27,2026-05-27T13:26:58.355193+00:00,33581,valencia_46001,0.75,9.38,0.08,kg,,True
2026-05-27,2026-05-27T13:26:58.355193+00:00,3362,valencia_46001,4.95,4.95,1.0,l,,True
2026-05-27,2026-05-27T13:26:58.355193+00:00,33624,valencia_46001,1.5,7.5,0.2,kg,,True
2026-05-27,2026-05-27T13:26:58.355193+00:00,3363,valencia_46001,2.95,5.9,0.5,l,,True
2026-05-27,2026-05-27T13:26:58.355193+00:00,33633,valencia_46001,0.85,10.63,0.08,kg,,True
2026-05-27,2026-05-27T13:26:58.355193+00:00,33639,valencia_46001,0.8,5.33,0.15,kg,,True
2026-05-27,2026-05-27T13:26:58.355193+00:00,33640,valencia_46001,0.9,6.0,0.15,kg,,True
2026-05-27,2026-05-27T13:26:58.355193+00:00,33641,valencia_46001,0.95,6.33,0.15,kg,,True
2026-05-27,2026-05-27T13:26:58.355193+00:00,33642,valencia_46001,0.85,8.5,0.1,kg,,True
2026-05-27,2026-05-27T13:26:58.355193+00:00,3395,valencia_46001,5.67,6.3,0.9,kg,,True
2026-05-27,2026-05-27T13:26:58.355193+00:00,3400,valencia_46001,4.72,8.0,0.59,kg,,True
2026-05-27,2026-05-27T13:26:58.355193+00:00,34009,valencia_46001,2.95,14.75,0.2,kg,,True
2026-05-27,2026-05-27T13:26:58.355193+00:00,34014,valencia_46001,2.95,14.75,0.2,kg,,True
2026-05-27,2026-05-27T13:26:58.355193+00:00,34016,valencia_46001,1.65,4.13,0.4,kg,,True
2026-05-27,2026-05-27T13:26:58.355193+00:00,34024,valencia_46001,2.5,12.5,0.2,kg,,True
2026-05-27,2026-05-27T13:26:58.355193+00:00,34025,valencia_46001,4.3,21.5,0.2,kg,,True
2026-05-27,2026-05-27T13:26:58.355193+00:00,34027,valencia_46001,2.8,14.0,0.2,kg,,True
2026-05-27,2026-05-27T13:26:58.355193+00:00,34031,valencia_46001,1.55,3.88,0.4,kg,,True
2026-05-27,2026-05-27T13:26:58.355193+00:00,34035,valencia_46001,1.3,10.4,0.125,kg,,True
2026-05-27,2026-05-27T13:26:58.355193+00:00,34043,valencia_46001,1.35,6.75,0.2,kg,,True
2026-05-27,2026-05-27T13:26:58.355193+00:00,34047,valencia_46001,1.6,8.0,0.2,kg,,True
2026-05-27,2026-05-27T13:26:58.355193+00:00,34078,valencia_46001,1.1,5.5,0.2,kg,,True
2026-05-27,2026-05-27T13:26:58.355193+00:00,34079,valencia_46001,1.1,5.5,0.2,kg,,True
2026-05-27,2026-05-27T13:26:58.355193+00:00,34095,valencia_46001,1.55,12.4,0.125,kg,,True
2026-05-27,2026-05-27T13:26:58.355193+00:00,34102,valencia_46001,1.85,24.67,0.075,kg,,True
2026-05-27,2026-05-27T13:26:58.355193+00:00,34113,valencia_46001,1.56,62.4,0.025,kg,,True
2026-05-27,2026-05-27T13:26:58.355193+00:00,34114,valencia_46001,2.5,250.0,0.01,kg,,True
2026-05-27,2026-05-27T13:26:58.355193+00:00,34116,valencia_46001,1.9,4750.0,0.0004,kg,,True
2026-05-27,2026-05-27T13:26:58.355193+00:00,34120,valencia_46001,1.15,19.83,0.058,kg,,True
2026-05-27,2026-05-27T13:26:58.355193+00:00,34121,valencia_46001,1.95,34.82,0.056,kg,,True
2026-05-27,2026-05-27T13:26:58.355193+00:00,34122,valencia_46001,1.75,41.67,0.042,kg,,True
2026-05-27,2026-05-27T13:26:58.355193+00:00,34125,valencia_46001,1.1,19.3,0.057,kg,,True
2026-05-27,2026-05-27T13:26:58.355193+00:00,34128,valencia_46001,1.25,62.5,0.02,kg,,True
2026-05-27,2026-05-27T13:26:58.355193+00:00,34130,valencia_46001,1.8,13.85,0.13,kg,,True
2026-05-27,2026-05-27T13:26:58.355193+00:00,34131,valencia_46001,1.2,48.0,0.025,kg,,True
2026-05-27,2026-05-27T13:26:58.355193+00:00,34138,valencia_46001,0.94,15.67,0.06,kg,,True
2026-05-27,2026-05-27T13:26:58.355193+00:00,34143,valencia_46001,1.65,8.25,0.2,kg,,True
2026-05-27,2026-05-27T13:26:58.355193+00:00,34145,valencia_46001,1.1,5.5,0.2,kg,,True
2026-05-27,2026-05-27T13:26:58.355193+00:00,34149,valencia_46001,1.6,32.65,0.049,kg,,True
2026-05-27,2026-05-27T13:26:58.355193+00:00,34157,valencia_46001,1.55,11.07,0.14,kg,,True
2026-05-27,2026-05-27T13:26:58.355193+00:00,34163,valencia_46001,1.3,21.67,0.06,kg,,True
2026-05-27,2026-05-27T13:26:58.355193+00:00,34170,valencia_46001,2.3,32.86,0.07,kg,,True
2026-05-27,2026-05-27T13:26:58.355193+00:00,34171,valencia_46001,1.3,18.57,0.07,kg,,True
2026-05-27,2026-05-27T13:26:58.355193+00:00,34172,valencia_46001,1.7,24.29,0.07,kg,,True
2026-05-27,2026-05-27T13:26:58.355193+00:00,34173,valencia_46001,1.65,28.45,0.058,kg,,True
2026-05-27,2026-05-27T13:26:58.355193+00:00,34177,valencia_46001,1.0,19.23,0.052,kg,,True
2026-05-27,2026-05-27T13:26:58.355193+00:00,3418,valencia_46001,0.5,4.5,0.11,kg,,True
2026-05-27,2026-05-27T13:26:58.355193+00:00,34182,valencia_46001,0.95,11.18,0.085,kg,,True
2026-05-27,2026-05-27T13:26:58.355193+00:00,34183,valencia_46001,1.35,22.5,0.06,kg,,True
2026-05-27,2026-05-27T13:26:58.355193+00:00,34188,valencia_46001,1.7,11.33,0.15,kg,,True
2026-05-27,2026-05-27T13:26:58.355193+00:00,34193,valencia_46001,1.15,5.75,0.2,kg,,True
2026-05-27,2026-05-27T13:26:58.355193+00:00,34194,valencia_46001,1.3,13.0,0.1,kg,,True
2026-05-27,2026-05-27T13:26:58.355193+00:00,34208,valencia_46001,1.15,7.67,0.15,kg,,True
2026-05-27,2026-05-27T13:26:58.355193+00:00,34209,valencia_46001,1.45,24.17,0.06,kg,,True
2026-05-27,2026-05-27T13:26:58.355193+00:00,34212,valencia_46001,1.2,4.44,0.27,kg,,True
2026-05-27,2026-05-27T13:26:58.355193+00:00,34231,valencia_46001,1.6,5.33,0.3,kg,,True
2026-05-27,2026-05-27T13:26:58.355193+00:00,34262,valencia_46001,2.95,29.5,0.1,kg,,True
2026-05-27,2026-05-27T13:26:58.355193+00:00,3453,valencia_46001,8.0,8.0,1.0,kg,,True
2026-05-27,2026-05-27T13:26:58.355193+00:00,3454,valencia_46001,10.8,10.8,1.0,kg,,True
2026-05-27,2026-05-27T13:26:58.355193+00:00,3456,valencia_46001,4.3,8.6,0.5,kg,,True
2026-05-27,2026-05-27T13:26:58.355193+00:00,34605,valencia_46001,2.1,10.5,0.2,kg,,True
2026-05-27,2026-05-27T13:26:58.355193+00:00,34606,valencia_46001,3.7,6.17,0.6,kg,,True
2026-05-27,2026-05-27T13:26:58.355193+00:00,34702,valencia_46001,1.55,77.5,0.02,kg,,True
2026-05-27,2026-05-27T13:26:58.355193+00:00,34721,valencia_46001,1.85,154.17,0.012,kg,,True
2026-05-27,2026-05-27T13:26:58.355193+00:00,34811,valencia_46001,1.5,12.5,0.12,kg,,True
2026-05-27,2026-05-27T13:26:58.355193+00:00,34820,valencia_46001,0.9,3.6,0.25,kg,,True
2026-05-27,2026-05-27T13:26:58.355193+00:00,34821,valencia_46001,1.0,5.88,0.17,kg,,True
2026-05-27,2026-05-27T13:26:58.355193+00:00,34822,valencia_46001,1.1,4.07,0.27,kg,,True
2026-05-27,2026-05-27T13:26:58.355193+00:00,34838,valencia_46001,2.9,29.0,0.1,kg,,True
2026-05-27,2026-05-27T13:26:58.355193+00:00,3485,valencia_46001,5.0,1.0,5.0,kg,,True
2026-05-27,2026-05-27T13:26:58.355193+00:00,34865,valencia_46001,2.3,11.5,0.2,kg,,True
2026-05-27,2026-05-27T13:26:58.355193+00:00,34868,valencia_46001,1.3,5.2,0.25,kg,,True
2026-05-27,2026-05-27T13:26:58.355193+00:00,34923,valencia_46001,2.15,17.2,0.125,kg,,True
2026-05-27,2026-05-27T13:26:58.355193+00:00,34924,valencia_46001,1.9,9.5,0.2,kg,,True
2026-05-27,2026-05-27T13:26:58.355193+00:00,34962,valencia_46001,1.19,7.93,0.15,kg,,True
2026-05-27,2026-05-27T13:26:58.355193+00:00,34963,valencia_46001,1.46,7.3,0.2,kg,,True
2026-05-27,2026-05-27T13:26:58.355193+00:00,34964,valencia_46001,1.5,10.0,0.15,kg,,True
2026-05-27,2026-05-27T13:26:58.355193+00:00,3497,valencia_46001,7.22,6.5,1.11,kg,,True
2026-05-27,2026-05-27T13:26:58.355193+00:00,3499,valencia_46001,3.83,15.3,0.25,kg,,True
2026-05-27,2026-05-27T13:26:58.355193+00:00,34997,valencia_46001,3.9,19.5,0.2,kg,,True
2026-05-27,2026-05-27T13:26:58.355193+00:00,35049,valencia_46001,1.9,6.8,0.28,kg,,True
2026-05-27,2026-05-27T13:26:58.355193+00:00,3505.1,valencia_46001,4.57,1.55,2.95,kg,,True
2026-05-27,2026-05-27T13:26:58.355193+00:00,3505.2,valencia_46001,2.45,1.55,1.58,kg,,True
2026-05-27,2026-05-27T13:26:58.355193+00:00,3506,valencia_46001,4.29,1.75,2.45,kg,,True
2026-05-27,2026-05-27T13:26:58.355193+00:00,35100,valencia_46001,1.2,16.0,0.075,l,,True
2026-05-27,2026-05-27T13:26:58.355193+00:00,35101,valencia_46001,1.0,13.33,0.075,l,,True
2026-05-27,2026-05-27T13:26:58.355193+00:00,35121,valencia_46001,1.3,17.33,0.075,l,,True
2026-05-27,2026-05-27T13:26:58.355193+00:00,3515,valencia_46001,2.84,2.15,1.32,kg,,True
2026-05-27,2026-05-27T13:26:58.355193+00:00,35177,valencia_46001,12.0,120.0,0.1,l,,True
2026-05-27,2026-05-27T13:26:58.355193+00:00,35183,valencia_46001,1.45,7.25,0.2,kg,,True
2026-05-27,2026-05-27T13:26:58.355193+00:00,35186,valencia_46001,1.9,12.67,0.15,kg,,True
2026-05-27,2026-05-27T13:26:58.355193+00:00,35197,valencia_46001,3.88,7.75,0.5,kg,,True
2026-05-27,2026-05-27T13:26:58.355193+00:00,35216,valencia_46001,9.5,95.0,0.1,l,,True
2026-05-27,2026-05-27T13:26:58.355193+00:00,35221,valencia_46001,1.2,2.67,0.45,kg,,True
2026-05-27,2026-05-27T13:26:58.355193+00:00,3523,valencia_46001,3.97,3.25,1.22,kg,,True
2026-05-27,2026-05-27T13:26:58.355193+00:00,35243,valencia_46001,13.55,0.68,1.0,ud,,True
2026-05-27,2026-05-27T13:26:58.355193+00:00,35245,valencia_46001,14.8,0.74,1.0,ud,,True
2026-05-27,2026-05-27T13:26:58.355193+00:00,35267,valencia_46001,1.85,5.44,0.34,kg,,True
2026-05-27,2026-05-27T13:26:58.355193+00:00,3527,valencia_46001,1.92,3.7,0.52,kg,,True
2026-05-27,2026-05-27T13:26:58.355193+00:00,35286,valencia_46001,4.67,5.7,0.82,kg,,True
2026-05-27,2026-05-27T13:26:58.355193+00:00,35287,valencia_46001,3.5,3.5,0.01,l,,True
2026-05-27,2026-05-27T13:26:58.355193+00:00,35289,valencia_46001,3.5,3.5,0.01,l,,True
2026-05-27,2026-05-27T13:26:58.355193+00:00,3529,valencia_46001,7.08,1.15,6.16,kg,,True
2026-05-27,2026-05-27T13:26:58.355193+00:00,35304,valencia_46001,2.5,5.0,0.5,l,,True
2026-05-27,2026-05-27T13:26:58.355193+00:00,35306,valencia_46001,2.95,3.28,0.9,l,,True
2026-05-27,2026-05-27T13:26:58.355193+00:00,35328,valencia_46001,3.8,15.2,0.25,l,,True
2026-05-27,2026-05-27T13:26:58.355193+00:00,35336,valencia_46001,4.5,4.5,1.0,ud,,True
2026-05-27,2026-05-27T13:26:58.355193+00:00,35337,valencia_46001,4.5,4.5,1.0,ud,,True
2026-05-27,2026-05-27T13:26:58.355193+00:00,35338,valencia_46001,4.5,4.5,1.0,ud,,True
2026-05-27,2026-05-27T13:26:58.355193+00:00,35342,valencia_46001,1.4,0.14,1.0,ud,,True
2026-05-27,2026-05-27T13:26:58.355193+00:00,35343,valencia_46001,1.6,2.67,0.6,kg,,True
2026-05-27,2026-05-27T13:26:58.355193+00:00,35344,valencia_46001,1.65,5.89,0.28,l,,True
2026-05-27,2026-05-27T13:26:58.355193+00:00,35345,valencia_46001,2.5,2.5,1.0,ud,,True
2026-05-27,2026-05-27T13:26:58.355193+00:00,35346,valencia_46001,2.5,2.5,1.0,ud,,True
2026-05-27,2026-05-27T13:26:58.355193+00:00,35347,valencia_46001,2.5,2.5,1.0,ud,,True
2026-05-27,2026-05-27T13:26:58.355193+00:00,35356,valencia_46001,1.5,0.03,60.0,ud,,True
2026-05-27,2026-05-27T13:26:58.355193+00:00,35359,valencia_46001,2.5,2.5,1.0,ud,,True
2026-05-27,2026-05-27T13:26:58.355193+00:00,35360,valencia_46001,2.5,2.5,1.0,ud,,True
2026-05-27,2026-05-27T13:26:58.355193+00:00,35362,valencia_46001,1.65,8.25,0.2,l,,True
2026-05-27,2026-05-27T13:26:58.355193+00:00,35363,valencia_46001,1.45,19.33,0.075,l,,True
2026-05-27,2026-05-27T13:26:58.355193+00:00,35377,valencia_46001,5.0,5.0,0.004,l,,True
2026-05-27,2026-05-27T13:26:58.355193+00:00,35378,valencia_46001,5.0,5.0,0.004,l,,True
2026-05-27,2026-05-27T13:26:58.355193+00:00,35379,valencia_46001,5.0,5.0,0.004,l,,True
2026-05-27,2026-05-27T13:26:58.355193+00:00,35381,valencia_46001,5.0,5.0,0.004,l,,True
2026-05-27,2026-05-27T13:26:58.355193+00:00,35382,valencia_46001,5.0,5.0,0.004,l,,True
2026-05-27,2026-05-27T13:26:58.355193+00:00,35383,valencia_46001,5.0,5.0,0.004,l,,True
2026-05-27,2026-05-27T13:26:58.355193+00:00,35390,valencia_46001,18.95,0.33,58.0,ud,,True
2026-05-27,2026-05-27T13:26:58.355193+00:00,35391,valencia_46001,18.95,0.35,54.0,ud,,True
2026-05-27,2026-05-27T13:26:58.355193+00:00,35397,valencia_46001,2.3,6.39,0.36,l,,True
2026-05-27,2026-05-27T13:26:58.355193+00:00,35398,valencia_46001,2.3,6.39,0.36,l,,True
2026-05-27,2026-05-27T13:26:58.355193+00:00,35399,valencia_46001,2.3,6.39,0.36,l,,True
2026-05-27,2026-05-27T13:26:58.355193+00:00,35402,valencia_46001,4.2,4.2,1.0,ud,,True
2026-05-27,2026-05-27T13:26:58.355193+00:00,35404,valencia_46001,3.0,8.7,0.345,kg,,True
2026-05-27,2026-05-27T13:26:58.355193+00:00,35405,valencia_46001,2.6,13.0,0.2,l,,True
2026-05-27,2026-05-27T13:26:58.355193+00:00,35406,valencia_46001,0.9,0.9,1.0,ud,,True
2026-05-27,2026-05-27T13:26:58.355193+00:00,35407,valencia_46001,2.5,2.5,1.0,ud,,True
2026-05-27,2026-05-27T13:26:58.355193+00:00,35412,valencia_46001,2.0,11.11,0.18,kg,,True
2026-05-27,2026-05-27T13:26:58.355193+00:00,35419,valencia_46001,1.45,1.45,1.0,l,,True
2026-05-27,2026-05-27T13:26:58.355193+00:00,35420,valencia_46001,1.5,1.5,1.0,l,,True
2026-05-27,2026-05-27T13:26:58.355193+00:00,35438,valencia_46001,1.95,10.26,0.19,kg,,True
2026-05-27,2026-05-27T13:26:58.355193+00:00,35457,valencia_46001,1.85,0.1,1.0,ud,,True
2026-05-27,2026-05-27T13:26:58.355193+00:00,35466,valencia_46001,1.55,3.88,0.4,kg,,True
2026-05-27,2026-05-27T13:26:58.355193+00:00,3547,valencia_46001,5.1,14.17,0.36,kg,,True
2026-05-27,2026-05-27T13:26:58.355193+00:00,35474,valencia_46001,5.9,0.49,12.0,ud,,True
2026-05-27,2026-05-27T13:26:58.355193+00:00,35475,valencia_46001,5.9,0.49,12.0,ud,,True
2026-05-27,2026-05-27T13:26:58.355193+00:00,35504,valencia_46001,0.95,0.48,2.0,kg,,True
2026-05-27,2026-05-27T13:26:58.355193+00:00,35516,valencia_46001,2.85,5.7,0.5,l,,True
2026-05-27,2026-05-27T13:26:58.355193+00:00,35530,valencia_46001,2.35,3.13,0.75,l,,True
2026-05-27,2026-05-27T13:26:58.355193+00:00,35534,valencia_46001,3.0,5.88,0.51,l,,True
2026-05-27,2026-05-27T13:26:58.355193+00:00,35538,valencia_46001,2.5,2.5,0.011,l,,True
2026-05-27,2026-05-27T13:26:58.355193+00:00,35539,valencia_46001,2.5,2.5,1.0,ud,,True
2026-05-27,2026-05-27T13:26:58.355193+00:00,3554,valencia_46001,5.63,4.9,1.15,kg,,True
2026-05-27,2026-05-27T13:26:58.355193+00:00,35541,valencia_46001,3.1,5.17,0.6,kg,,True
2026-05-27,2026-05-27T13:26:58.355193+00:00,35550,valencia_46001,2.0,2.0,1.0,ud,,True
2026-05-27,2026-05-27T13:26:58.355193+00:00,3556,valencia_46001,5.62,7.4,0.76,kg,,True
2026-05-27,2026-05-27T13:26:58.355193+00:00,35575,valencia_46001,3.65,5.07,0.72,l,,True
2026-05-27,2026-05-27T13:26:58.355193+00:00,35588,valencia_46001,5.3,21.2,0.25,kg,,True
2026-05-27,2026-05-27T13:26:58.355193+00:00,35590,valencia_46001,1.5,3.57,0.42,kg,,True
2026-05-27,2026-05-27T13:26:58.355193+00:00,35593,valencia_46001,2.9,2.9,1.0,ud,,True
2026-05-27,2026-05-27T13:26:58.355193+00:00,35595,valencia_46001,1.8,9.0,0.2,kg,,True
2026-05-27,2026-05-27T13:26:58.355193+00:00,35598,valencia_46001,13.95,51.67,0.27,l,,True
2026-05-27,2026-05-27T13:26:58.355193+00:00,35601,valencia_46001,5.75,7.93,0.725,kg,,True
2026-05-27,2026-05-27T13:26:58.355193+00:00,35602,valencia_46001,5.75,7.93,0.725,kg,,True
2026-05-27,2026-05-27T13:26:58.355193+00:00,35608,valencia_46001,4.5,4.5,0.0055,l,,True
2026-05-27,2026-05-27T13:26:58.355193+00:00,35610,valencia_46001,2.15,8.6,0.25,l,,True
2026-05-27,2026-05-27T13:26:58.355193+00:00,35611,valencia_46001,2.6,13.0,0.2,l,,True
2026-05-27,2026-05-27T13:26:58.355193+00:00,35612,valencia_46001,3.0,10.0,0.3,l,,True
2026-05-27,2026-05-27T13:26:58.355193+00:00,35613,valencia_46001,2.5,12.5,0.2,l,,True
2026-05-27,2026-05-27T13:26:58.355193+00:00,35614,valencia_46001,3.9,1.3,0.045,l,,True
2026-05-27,2026-05-27T13:26:58.355193+00:00,35615,valencia_46001,3.4,13.6,0.25,l,,True
2026-05-27,2026-05-27T13:26:58.355193+00:00,35618,valencia_46001,2.05,4.1,0.5,kg,,True
2026-05-27,2026-05-27T13:26:58.355193+00:00,35620,valencia_46001,1.95,0.1,0.08,kg,,True
2026-05-27,2026-05-27T13:26:58.355193+00:00,35627,valencia_46001,2.35,0.24,10.0,ud,,True
2026-05-27,2026-05-27T13:26:58.355193+00:00,35639,valencia_46001,3.05,30.5,0.1,l,,True
2026-05-27,2026-05-27T13:26:58.355193+00:00,35641,valencia_46001,9.0,90.0,0.1,l,,True
2026-05-27,2026-05-27T13:26:58.355193+00:00,35643,valencia_46001,2.05,4.1,0.5,kg,,True
2026-05-27,2026-05-27T13:26:58.355193+00:00,35649,valencia_46001,2.6,5.2,0.5,kg,,True
2026-05-27,2026-05-27T13:26:58.355193+00:00,35652,valencia_46001,2.1,8.4,0.25,kg,,True
2026-05-27,2026-05-27T13:26:58.355193+00:00,35653,valencia_46001,2.1,4.67,0.45,kg,,True
2026-05-27,2026-05-27T13:26:58.355193+00:00,35654,valencia_46001,4.95,66.0,0.075,l,,True
2026-05-27,2026-05-27T13:26:58.355193+00:00,35655,valencia_46001,1.75,1.75,1.0,ud,,True
2026-05-27,2026-05-27T13:26:58.355193+00:00,35660,valencia_46001,1.85,6.17,0.3,l,,True
2026-05-27,2026-05-27T13:26:58.355193+00:00,35662,valencia_46001,1.6,3.2,0.5,l,,True
2026-05-27,2026-05-27T13:26:58.355193+00:00,35663,valencia_46001,2.9,11.6,0.25,l,,True
2026-05-27,2026-05-27T13:26:58.355193+00:00,35668,valencia_46001,2.95,3.93,0.75,l,,True
2026-05-27,2026-05-27T13:26:58.355193+00:00,35670,valencia_46001,2.05,4.1,0.5,kg,,True
2026-05-27,2026-05-27T13:26:58.355193+00:00,35676,valencia_46001,10.95,10.95,1.0,ud,,True
2026-05-27,2026-05-27T13:26:58.355193+00:00,35677,valencia_46001,3.35,0.14,24.0,ud,,True
2026-05-27,2026-05-27T13:26:58.355193+00:00,35678,valencia_46001,3.35,0.17,20.0,ud,,True
2026-05-27,2026-05-27T13:26:58.355193+00:00,35679,valencia_46001,3.15,0.26,12.0,ud,,True
2026-05-27,2026-05-27T13:26:58.355193+00:00,35681,valencia_46001,0.65,10.0,0.065,kg,,True
2026-05-27,2026-05-27T13:26:58.355193+00:00,35683,valencia_46001,1.0,1.67,0.6,kg,,True
2026-05-27,2026-05-27T13:26:58.355193+00:00,35703,valencia_46001,1.5,0.25,1.0,ud,,True
2026-05-27,2026-05-27T13:26:58.355193+00:00,35707,valencia_46001,3.25,7.22,0.45,kg,,True
2026-05-27,2026-05-27T13:26:58.355193+00:00,35710,valencia_46001,3.25,4.33,0.75,l,,True
2026-05-27,2026-05-27T13:26:58.355193+00:00,35711,valencia_46001,2.74,5.48,0.5,kg,,True
2026-05-27,2026-05-27T13:26:58.355193+00:00,35714,valencia_46001,1.5,0.25,1.0,ud,,True
2026-05-27,2026-05-27T13:26:58.355193+00:00,35727,valencia_46001,1.4,46.67,0.03,kg,,True
2026-05-27,2026-05-27T13:26:58.355193+00:00,35730,valencia_46001,2.0,2.67,0.75,l,,True
2026-05-27,2026-05-27T13:26:58.355193+00:00,35733,valencia_46001,1.5,0.25,1.0,ud,,True
2026-05-27,2026-05-27T13:26:58.355193+00:00,35734,valencia_46001,1.3,1.3,1.0,ud,,True
2026-05-27,2026-05-27T13:26:58.355193+00:00,35735,valencia_46001,4.3,0.72,1.0,ud,,True
2026-05-27,2026-05-27T13:26:58.355193+00:00,35763,valencia_46001,2.0,2.0,0.06,l,,True
2026-05-27,2026-05-27T13:26:58.355193+00:00,35767,valencia_46001,5.7,5.18,1.1,kg,,True
2026-05-27,2026-05-27T13:26:58.355193+00:00,35768,valencia_46001,2.0,2.0,0.06,l,,True
2026-05-27,2026-05-27T13:26:58.355193+00:00,35769,valencia_46001,2.0,2.0,0.06,l,,True
2026-05-27,2026-05-27T13:26:58.355193+00:00,35770,valencia_46001,2.0,2.0,0.06,l,,True
2026-05-27,2026-05-27T13:26:58.355193+00:00,35771,valencia_46001,2.0,2.0,1.0,ud,,True
2026-05-27,2026-05-27T13:26:58.355193+00:00,35772,valencia_46001,2.0,2.0,0.06,l,,True
2026-05-27,2026-05-27T13:26:58.355193+00:00,35773,valencia_46001,1.55,3.44,0.45,kg,,True
2026-05-27,2026-05-27T13:26:58.355193+00:00,35774,valencia_46001,3.95,7.9,0.5,kg,,True
2026-05-27,2026-05-27T13:26:58.355193+00:00,35776,valencia_46001,1.75,12.5,0.14,kg,,True
2026-05-27,2026-05-27T13:26:58.355193+00:00,35777,valencia_46001,1.15,2.3,0.5,kg,,True
2026-05-27,2026-05-27T13:26:58.355193+00:00,35778,valencia_46001,1.15,2.3,0.5,kg,,True
2026-05-27,2026-05-27T13:26:58.355193+00:00,35781,valencia_46001,1.3,2.6,0.5,kg,,True
2026-05-27,2026-05-27T13:26:58.355193+00:00,35785,valencia_46001,10.8,2.7,1.0,ud,,True
2026-05-27,2026-05-27T13:26:58.355193+00:00,35798,valencia_46001,1.6,16.0,0.1,l,,True
2026-05-27,2026-05-27T13:26:58.355193+00:00,35799,valencia_46001,1.3,17.33,0.075,l,,True
2026-05-27,2026-05-27T13:26:58.355193+00:00,35822,valencia_46001,3.4,7.08,0.48,kg,,True
2026-05-27,2026-05-27T13:26:58.355193+00:00,35839,valencia_46001,2.5,5.88,0.425,l,,True
2026-05-27,2026-05-27T13:26:58.355193+00:00,35840,valencia_46001,2.95,6.56,0.45,l,,True
2026-05-27,2026-05-27T13:26:58.355193+00:00,35846,valencia_46001,2.4,6.0,0.4,kg,,True
2026-05-27,2026-05-27T13:26:58.355193+00:00,35847,valencia_46001,1.15,4.11,0.28,kg,,True
2026-05-27,2026-05-27T13:26:58.355193+00:00,35849,valencia_46001,1.93,12.06,0.16,kg,,True
2026-05-27,2026-05-27T13:26:58.355193+00:00,35851,valencia_46001,3.7,8.22,0.45,kg,,True
2026-05-27,2026-05-27T13:26:58.355193+00:00,35856,valencia_46001,1.6,5.33,0.3,kg,,True
2026-05-27,2026-05-27T13:26:58.355193+00:00,35858,valencia_46001,2.9,2.9,1.0,ud,,True
2026-05-27,2026-05-27T13:26:58.355193+00:00,35859,valencia_46001,1.8,60.0,0.03,l,,True
2026-05-27,2026-05-27T13:26:58.355193+00:00,35870,valencia_46001,1.7,4.86,0.35,kg,,True
2026-05-27,2026-05-27T13:26:58.355193+00:00,35871,valencia_46001,2.5,2.5,1.0,ud,,True
2026-05-27,2026-05-27T13:26:58.355193+00:00,35872,valencia_46001,2.5,2.5,1.0,ud,,True
2026-05-27,2026-05-27T13:26:58.355193+00:00,35873,valencia_46001,2.5,2.5,1.0,ud,,True
2026-05-27,2026-05-27T13:26:58.355193+00:00,35876,valencia_46001,2.5,2.5,1.0,ud,,True
2026-05-27,2026-05-27T13:26:58.355193+00:00,35880,valencia_46001,4.5,0.15,0.01695,kg,,True
2026-05-27,2026-05-27T13:26:58.355193+00:00,35882,valencia_46001,1.65,4.13,0.4,l,,True
2026-05-27,2026-05-27T13:26:58.355193+00:00,35884,valencia_46001,4.0,16.67,0.24,kg,,True
2026-05-27,2026-05-27T13:26:58.355193+00:00,35892,valencia_46001,2.0,4.0,0.5,kg,,True
2026-05-27,2026-05-27T13:26:58.355193+00:00,35894,valencia_46001,3.0,3.0,1.0,ud,,True
2026-05-27,2026-05-27T13:26:58.355193+00:00,35900,valencia_46001,2.9,6.44,0.45,kg,,True
2026-05-27,2026-05-27T13:26:58.355193+00:00,35902,valencia_46001,2.96,8.0,0.37,kg,,True
2026-05-27,2026-05-27T13:26:58.355193+00:00,35904,valencia_46001,1.4,2.8,0.5,kg,,True
2026-05-27,2026-05-27T13:26:58.355193+00:00,35919,valencia_46001,5.5,7.86,0.7,l,,True
2026-05-27,2026-05-27T13:26:58.355193+00:00,35920,valencia_46001,3.7,3.7,1.0,ud,,True
2026-05-27,2026-05-27T13:26:58.355193+00:00,35921,valencia_46001,2.7,2.7,1.0,ud,,True
2026-05-27,2026-05-27T13:26:58.355193+00:00,35923,valencia_46001,4.85,4.85,1.0,ud,,True
2026-05-27,2026-05-27T13:26:58.355193+00:00,35926,valencia_46001,2.95,29.5,0.1,kg,,True
2026-05-27,2026-05-27T13:26:58.355193+00:00,35932,valencia_46001,1.95,5.91,0.33,kg,,True
2026-05-27,2026-05-27T13:26:58.355193+00:00,35934,valencia_46001,3.2,12.55,0.255,l,,True
2026-05-27,2026-05-27T13:26:58.355193+00:00,35935,valencia_46001,3.2,12.55,0.255,l,,True
2026-05-27,2026-05-27T13:26:58.355193+00:00,35940,valencia_46001,2.0,16.0,0.125,l,,True
2026-05-27,2026-05-27T13:26:58.355193+00:00,35941,valencia_46001,1.9,7.04,0.27,kg,,True
2026-05-27,2026-05-27T13:26:58.355193+00:00,35943,valencia_46001,4.95,0.17,0.0171,kg,,True
2026-05-27,2026-05-27T13:26:58.355193+00:00,35944,valencia_46001,4.2,0.14,0.01545,kg,,True
2026-05-27,2026-05-27T13:26:58.355193+00:00,35945,valencia_46001,3.95,0.13,0.01785,kg,,True
2026-05-27,2026-05-27T13:26:58.355193+00:00,35947,valencia_46001,2.4,28.24,0.085,l,,True
2026-05-27,2026-05-27T13:26:58.355193+00:00,35950,valencia_46001,1.9,1.9,1.0,ud,,True
2026-05-27,2026-05-27T13:26:58.355193+00:00,35955,valencia_46001,3.0,13.89,0.216,l,,True
2026-05-27,2026-05-27T13:26:58.355193+00:00,35961,valencia_46001,2.9,5.58,0.52,kg,,True
2026-05-27,2026-05-27T13:26:58.355193+00:00,35962,valencia_46001,2.85,2.85,1.0,l,,True
2026-05-27,2026-05-27T13:26:58.355193+00:00,35963,valencia_46001,1.9,7.6,0.25,l,,True
2026-05-27,2026-05-27T13:26:58.355193+00:00,35964,valencia_46001,3.55,17.75,0.2,l,,True
2026-05-27,2026-05-27T13:26:58.355193+00:00,35965,valencia_46001,2.5,50.0,0.05,l,,True
2026-05-27,2026-05-27T13:26:58.355193+00:00,35969,valencia_46001,5.5,7.86,0.7,l,,True
2026-05-27,2026-05-27T13:26:58.355193+00:00,35980,valencia_46001,3.25,0.08,1.0,ud,,True
2026-05-27,2026-05-27T13:26:58.355193+00:00,35981,valencia_46001,1.45,7.25,0.2,kg,,True
2026-05-27,2026-05-27T13:26:58.355193+00:00,35982,valencia_46001,1.05,10.5,0.1,l,,True
2026-05-27,2026-05-27T13:26:58.355193+00:00,35983,valencia_46001,1.05,10.5,0.1,l,,True
2026-05-27,2026-05-27T13:26:58.355193+00:00,35987,valencia_46001,3.1,7.38,0.42,kg,,True
2026-05-27,2026-05-27T13:26:58.355193+00:00,35991,valencia_46001,5.0,0.08,0.0327,kg,,True
2026-05-27,2026-05-27T13:26:58.355193+00:00,35997,valencia_46001,1.1,1.83,0.6,l,,True
2026-05-27,2026-05-27T13:26:58.355193+00:00,35998,valencia_46001,1.9,1.46,1.3,l,,True
2026-05-27,2026-05-27T13:26:58.355193+00:00,3651,valencia_46001,4.0,8.0,0.5,kg,,True
2026-05-27,2026-05-27T13:26:58.355193+00:00,3653,valencia_46001,4.26,7.6,0.56,kg,,True
2026-05-27,2026-05-27T13:26:58.355193+00:00,3680,valencia_46001,5.02,2.9,1.73,kg,,True
2026-05-27,2026-05-27T13:26:58.355193+00:00,3682,valencia_46001,6.84,6.0,1.14,kg,,True
2026-05-27,2026-05-27T13:26:58.355193+00:00,37134,valencia_46001,2.8,3.73,0.75,l,,True
2026-05-27,2026-05-27T13:26:58.355193+00:00,37138,valencia_46001,1.5,2.0,0.75,l,,True
2026-05-27,2026-05-27T13:26:58.355193+00:00,3715,valencia_46001,2.5,5.0,0.5,kg,,True
2026-05-27,2026-05-27T13:26:58.355193+00:00,37153,valencia_46001,1.65,2.2,0.75,l,,True
2026-05-27,2026-05-27T13:26:58.355193+00:00,37156,valencia_46001,3.0,4.0,0.75,l,,True
2026-05-27,2026-05-27T13:26:58.355193+00:00,37164,valencia_46001,1.75,2.33,0.75,l,,True
2026-05-27,2026-05-27T13:26:58.355193+00:00,37229,valencia_46001,2.2,2.93,0.75,l,,True
2026-05-27,2026-05-27T13:26:58.355193+00:00,3724,valencia_46001,3.33,6.65,0.5,kg,,True
2026-05-27,2026-05-27T13:26:58.355193+00:00,3727,valencia_46001,2.9,3.3,0.88,kg,,True
2026-05-27,2026-05-27T13:26:58.355193+00:00,37277,valencia_46001,6.3,8.4,0.75,l,,True
2026-05-27,2026-05-27T13:26:58.355193+00:00,37417,valencia_46001,1.65,30.0,0.055,kg,,True
2026-05-27,2026-05-27T13:26:58.355193+00:00,3770,valencia_46001,2.9,5.8,0.5,kg,,True
2026-05-27,2026-05-27T13:26:58.355193+00:00,37802,valencia_46001,3.0,1.5,2.0,l,,True
2026-05-27,2026-05-27T13:26:58.355193+00:00,37805,valencia_46001,6.45,1.29,5.0,l,,True
2026-05-27,2026-05-27T13:26:58.355193+00:00,37808,valencia_46001,2.9,1.45,2.0,l,,True
2026-05-27,2026-05-27T13:26:58.355193+00:00,3791,valencia_46001,3.97,6.2,0.64,kg,,True
2026-05-27,2026-05-27T13:26:58.355193+00:00,38007,valencia_46001,1.7,2.13,0.8,kg,,True
2026-05-27,2026-05-27T13:26:58.355193+00:00,38111,valencia_46001,2.3,25.56,0.09,kg,,True
2026-05-27,2026-05-27T13:26:58.355193+00:00,38130,valencia_46001,1.88,1.88,1.0,kg,,True
2026-05-27,2026-05-27T13:26:58.355193+00:00,38131,valencia_46001,1.9,1.9,1.0,kg,,True
2026-05-27,2026-05-27T13:26:58.355193+00:00,38145,valencia_46001,2.3,25.56,0.09,kg,,True
2026-05-27,2026-05-27T13:26:58.355193+00:00,3819,valencia_46001,0.46,2.9,0.16,kg,,True
2026-05-27,2026-05-27T13:26:58.355193+00:00,3820,valencia_46001,0.39,3.25,0.12,kg,,True
2026-05-27,2026-05-27T13:26:58.355193+00:00,38220,valencia_46001,3.3,4.71,0.7,kg,,True
2026-05-27,2026-05-27T13:26:58.355193+00:00,3824,valencia_46001,0.23,1.25,0.18,kg,,True
2026-05-27,2026-05-27T13:26:58.355193+00:00,38297,valencia_46001,16.5,0.92,18.0,kg,,True
2026-05-27,2026-05-27T13:26:58.355193+00:00,3830,valencia_46001,1.0,5.0,0.2,kg,,True
2026-05-27,2026-05-27T13:26:58.355193+00:00,3832,valencia_46001,3.37,3.15,1.07,kg,,True
2026-05-27,2026-05-27T13:26:58.355193+00:00,3839,valencia_46001,3.77,6.5,0.58,kg,,True
2026-05-27,2026-05-27T13:26:58.355193+00:00,3840,valencia_46001,3.95,7.9,0.5,kg,,True
2026-05-27,2026-05-27T13:26:58.355193+00:00,3852,valencia_46001,1.8,9.0,0.2,kg,,True
2026-05-27,2026-05-27T13:26:58.355193+00:00,3858,valencia_46001,3.43,4.7,0.73,kg,,True
2026-05-27,2026-05-27T13:26:58.355193+00:00,3897,valencia_46001,0.44,4.4,0.1,kg,,True
2026-05-27,2026-05-27T13:26:58.355193+00:00,39010,valencia_46001,1.85,1.85,1.0,l,,True
2026-05-27,2026-05-27T13:26:58.355193+00:00,39032,valencia_46001,1.9,1.9,1.0,l,,True
2026-05-27,2026-05-27T13:26:58.355193+00:00,39033,valencia_46001,2.8,2.33,1.2,l,,True
2026-05-27,2026-05-27T13:26:58.355193+00:00,39100,valencia_46001,1.8,1.2,1.5,l,,True
2026-05-27,2026-05-27T13:26:58.355193+00:00,39106,valencia_46001,1.6,1.33,1.2,l,,True
2026-05-27,2026-05-27T13:26:58.355193+00:00,39109,valencia_46001,1.25,0.63,2.0,l,,True
2026-05-27,2026-05-27T13:26:58.355193+00:00,39119,valencia_46001,0.95,0.95,1.0,l,,True
2026-05-27,2026-05-27T13:26:58.355193+00:00,39127,valencia_46001,1.4,0.7,2.0,l,,True
2026-05-27,2026-05-27T13:26:58.355193+00:00,39129,valencia_46001,1.2,1.2,1.0,l,,True
2026-05-27,2026-05-27T13:26:58.355193+00:00,39130,valencia_46001,1.65,1.38,1.2,l,,True
2026-05-27,2026-05-27T13:26:58.355193+00:00,39191,valencia_46001,1.75,1.75,1.0,l,,True
2026-05-27,2026-05-27T13:26:58.355193+00:00,39216,valencia_46001,1.5,1.25,1.2,l,,True
2026-05-27,2026-05-27T13:26:58.355193+00:00,39224,valencia_46001,1.75,1.46,1.2,l,,True
2026-05-27,2026-05-27T13:26:58.355193+00:00,39280,valencia_46001,1.3,1.3,1.0,l,,True
2026-05-27,2026-05-27T13:26:58.355193+00:00,39394,valencia_46001,1.05,1.05,1.0,l,,True
2026-05-27,2026-05-27T13:26:58.355193+00:00,39403,valencia_46001,0.8,0.8,1.0,l,,True
2026-05-27,2026-05-27T13:26:58.355193+00:00,39404,valencia_46001,1.3,1.08,1.2,l,,True
2026-05-27,2026-05-27T13:26:58.355193+00:00,39488,valencia_46001,1.7,1.7,1.0,l,,True
2026-05-27,2026-05-27T13:26:58.355193+00:00,39604,valencia_46001,1.3,1.3,1.0,l,,True
2026-05-27,2026-05-27T13:26:58.355193+00:00,39606,valencia_46001,1.0,1.0,1.0,l,,True
2026-05-27,2026-05-27T13:26:58.355193+00:00,39627,valencia_46001,1.75,1.75,1.0,l,,True
2026-05-27,2026-05-27T13:26:58.355193+00:00,39640,valencia_46001,1.95,1.95,1.0,l,,True
2026-05-27,2026-05-27T13:26:58.355193+00:00,39643,valencia_46001,1.5,1.5,1.0,l,,True
2026-05-27,2026-05-27T13:26:58.355193+00:00,39650,valencia_46001,1.8,1.2,1.5,l,,True
2026-05-27,2026-05-27T13:26:58.355193+00:00,39651,valencia_46001,1.0,1.0,1.0,l,,True
2026-05-27,2026-05-27T13:26:58.355193+00:00,3976,valencia_46001,2.4,10.0,0.24,kg,,True
2026-05-27,2026-05-27T13:26:58.355193+00:00,3979,valencia_46001,3.2,8.89,0.36,kg,,True
2026-05-27,2026-05-27T13:26:58.355193+00:00,39900,valencia_46001,2.65,2.65,1.0,l,,True
2026-05-27,2026-05-27T13:26:58.355193+00:00,39901,valencia_46001,3.0,3.0,1.0,l,,True
2026-05-27,2026-05-27T13:26:58.355193+00:00,39902,valencia_46001,2.2,2.2,1.0,l,,True
2026-05-27,2026-05-27T13:26:58.355193+00:00,39903,valencia_46001,2.65,2.68,0.99,l,,True
2026-05-27,2026-05-27T13:26:58.355193+00:00,39922,valencia_46001,1.7,1.7,1.0,l,,True
2026-05-27,2026-05-27T13:26:58.355193+00:00,39934,valencia_46001,2.15,2.17,0.99,l,,True
2026-05-27,2026-05-27T13:26:58.355193+00:00,39946,valencia_46001,2.6,2.6,1.0,l,,True
2026-05-27,2026-05-27T13:26:58.355193+00:00,39965,valencia_46001,1.1,3.33,0.33,l,,True
2026-05-27,2026-05-27T13:26:58.355193+00:00,39966,valencia_46001,1.25,3.79,0.33,l,,True
2026-05-27,2026-05-27T13:26:58.355193+00:00,40055,valencia_46001,4.65,4.65,1.0,ud,,True
2026-05-27,2026-05-27T13:26:58.355193+00:00,40135,valencia_46001,2.9,5.8,0.5,kg,,True
2026-05-27,2026-05-27T13:26:58.355193+00:00,40178,valencia_46001,2.0,2.67,0.75,l,,True
2026-05-27,2026-05-27T13:26:58.355193+00:00,40230,valencia_46001,1.9,0.95,2.0,l,,True
2026-05-27,2026-05-27T13:26:58.355193+00:00,40233,valencia_46001,1.9,0.95,2.0,l,,True
2026-05-27,2026-05-27T13:26:58.355193+00:00,40258,valencia_46001,5.5,5.5,0.025,l,,True
2026-05-27,2026-05-27T13:26:58.355193+00:00,40302,valencia_46001,3.25,13.0,0.25,kg,,True
2026-05-27,2026-05-27T13:26:58.355193+00:00,40315,valencia_46001,3.25,3.25,1.0,kg,,True
2026-05-27,2026-05-27T13:26:58.355193+00:00,40317,valencia_46001,3.25,3.25,1.0,kg,,True
2026-05-27,2026-05-27T13:26:58.355193+00:00,40358,valencia_46001,2.5,12.5,0.2,kg,,True
2026-05-27,2026-05-27T13:26:58.355193+00:00,40361,valencia_46001,3.6,4.0,0.9,kg,,True
2026-05-27,2026-05-27T13:26:58.355193+00:00,40384,valencia_46001,9.5,95.0,0.1,l,,True
2026-05-27,2026-05-27T13:26:58.355193+00:00,40387,valencia_46001,11.0,110.0,0.1,l,,True
2026-05-27,2026-05-27T13:26:58.355193+00:00,4040,valencia_46001,1.75,1.75,1.0,l,,True
2026-05-27,2026-05-27T13:26:58.355193+00:00,40404,valencia_46001,3.65,4.51,0.81,l,,True
2026-05-27,2026-05-27T13:26:58.355193+00:00,4041,valencia_46001,8.3,1.66,5.0,l,,True
2026-05-27,2026-05-27T13:26:58.355193+00:00,40475,valencia_46001,1.5,15.0,0.1,kg,,True
2026-05-27,2026-05-27T13:26:58.355193+00:00,40530,valencia_46001,2.5,1.26,1.98,l,,True
2026-05-27,2026-05-27T13:26:58.355193+00:00,40552,valencia_46001,2.0,4.0,0.5,l,,True
2026-05-27,2026-05-27T13:26:58.355193+00:00,40567,valencia_46001,2.2,2.2,1.0,l,,True
2026-05-27,2026-05-27T13:26:58.355193+00:00,40573,valencia_46001,4.0,2.05,1.95,l,,True
2026-05-27,2026-05-27T13:26:58.355193+00:00,40583,valencia_46001,1.8,0.03,1.0,ud,,True
2026-05-27,2026-05-27T13:26:58.355193+00:00,4072,valencia_46001,17.55,27.0,0.65,kg,,True
2026-05-27,2026-05-27T13:26:58.355193+00:00,4073,valencia_46001,12.17,16.9,0.72,kg,,True
2026-05-27,2026-05-27T13:26:58.355193+00:00,40752,valencia_46001,3.25,4.51,0.72,l,,True
2026-05-27,2026-05-27T13:26:58.355193+00:00,4079,valencia_46001,2.0,8.33,0.24,kg,,True
2026-05-27,2026-05-27T13:26:58.355193+00:00,4106,valencia_46001,1.8,9.73,0.185,kg,,True
2026-05-27,2026-05-27T13:26:58.355193+00:00,4109,valencia_46001,4.92,8.2,0.6,kg,,True
2026-05-27,2026-05-27T13:26:58.355193+00:00,41151,valencia_46001,4.65,4.65,1.0,ud,,True
2026-05-27,2026-05-27T13:26:58.355193+00:00,41152,valencia_46001,4.65,4.65,1.0,ud,,True
2026-05-27,2026-05-27T13:26:58.355193+00:00,41258,valencia_46001,4.65,4.65,1.0,ud,,True
2026-05-27,2026-05-27T13:26:58.355193+00:00,4152,valencia_46001,4.44,11.1,0.4,kg,,True
2026-05-27,2026-05-27T13:26:58.355193+00:00,4155,valencia_46001,2.8,11.67,0.24,kg,,True
2026-05-27,2026-05-27T13:26:58.355193+00:00,41685,valencia_46001,2.75,2.75,0.011,l,,True
2026-05-27,2026-05-27T13:26:58.355193+00:00,41692,valencia_46001,2.75,2.75,0.011,l,,True
2026-05-27,2026-05-27T13:26:58.355193+00:00,4176,valencia_46001,3.11,10.36,0.3,kg,,True
2026-05-27,2026-05-27T13:26:58.355193+00:00,4193,valencia_46001,5.25,11.67,0.45,l,,True
2026-05-27,2026-05-27T13:26:58.355193+00:00,42135,valencia_46001,3.95,4.39,0.9,l,,True
2026-05-27,2026-05-27T13:26:58.355193+00:00,42203,valencia_46001,1.15,1.15,1.0,l,,True
2026-05-27,2026-05-27T13:26:58.355193+00:00,42204,valencia_46001,1.75,1.17,1.5,l,,True
2026-05-27,2026-05-27T13:26:58.355193+00:00,42222,valencia_46001,3.5,3.5,0.01,l,,True
2026-05-27,2026-05-27T13:26:58.355193+00:00,42286,valencia_46001,3.5,3.5,0.01,l,,True
2026-05-27,2026-05-27T13:26:58.355193+00:00,42293,valencia_46001,2.5,2.5,0.011,l,,True
2026-05-27,2026-05-27T13:26:58.355193+00:00,42294,valencia_46001,2.5,2.5,0.011,l,,True
2026-05-27,2026-05-27T13:26:58.355193+00:00,42295,valencia_46001,2.5,2.5,0.011,l,,True
2026-05-27,2026-05-27T13:26:58.355193+00:00,42296,valencia_46001,2.5,2.5,0.011,l,,True
2026-05-27,2026-05-27T13:26:58.355193+00:00,42298,valencia_46001,2.5,2.5,0.011,l,,True
2026-05-27,2026-05-27T13:26:58.355193+00:00,42314,valencia_46001,1.2,1.6,0.75,l,,True
2026-05-27,2026-05-27T13:26:58.355193+00:00,42318,valencia_46001,1.55,6.2,0.25,l,,True
2026-05-27,2026-05-27T13:26:58.355193+00:00,42321,valencia_46001,2.5,2.5,0.011,l,,True
2026-05-27,2026-05-27T13:26:58.355193+00:00,42371,valencia_46001,3.75,15.0,0.25,l,,True
2026-05-27,2026-05-27T13:26:58.355193+00:00,42384,valencia_46001,2.95,0.1,0.51,kg,,True
2026-05-27,2026-05-27T13:26:58.355193+00:00,42385,valencia_46001,2.95,0.1,0.39,kg,,True
2026-05-27,2026-05-27T13:26:58.355193+00:00,4240,valencia_46001,3.9,3.9,1.0,l,,True
2026-05-27,2026-05-27T13:26:58.355193+00:00,4241,valencia_46001,18.75,3.75,5.0,l,,True
2026-05-27,2026-05-27T13:26:58.355193+00:00,42441,valencia_46001,1.25,0.96,1.3,l,,True
2026-05-27,2026-05-27T13:26:58.355193+00:00,4265,valencia_46001,2.2,7.86,0.28,kg,,True
2026-05-27,2026-05-27T13:26:58.355193+00:00,4270,valencia_46001,2.2,4.4,0.5,kg,,True
2026-05-27,2026-05-27T13:26:58.355193+00:00,43011,valencia_46001,1.9,0.38,5.0,l,,True
2026-05-27,2026-05-27T13:26:58.355193+00:00,43022,valencia_46001,1.25,0.63,2.0,l,,True
2026-05-27,2026-05-27T13:26:58.355193+00:00,43024,valencia_46001,1.15,0.58,2.0,l,,True
2026-05-27,2026-05-27T13:26:58.355193+00:00,43025,valencia_46001,1.7,2.27,0.75,l,,True
2026-05-27,2026-05-27T13:26:58.355193+00:00,43042,valencia_46001,1.7,3.4,0.5,l,,True
2026-05-27,2026-05-27T13:26:58.355193+00:00,43054,valencia_46001,1.15,0.58,2.0,l,,True
2026-05-27,2026-05-27T13:26:58.355193+00:00,43057,valencia_46001,1.6,0.03,0.16,kg,,True
2026-05-27,2026-05-27T13:26:58.355193+00:00,43058,valencia_46001,1.5,1.5,1.0,ud,,True
2026-05-27,2026-05-27T13:26:58.355193+00:00,43060,valencia_46001,1.7,2.27,0.75,l,,True
2026-05-27,2026-05-27T13:26:58.355193+00:00,43070,valencia_46001,2.35,2.35,1.0,l,,True
2026-05-27,2026-05-27T13:26:58.355193+00:00,43075,valencia_46001,0.8,0.4,2.0,l,,True
2026-05-27,2026-05-27T13:26:58.355193+00:00,43088,valencia_46001,1.6,0.05,32.0,ud,,True
2026-05-27,2026-05-27T13:26:58.355193+00:00,43089,valencia_46001,1.55,2.07,0.75,l,,True
2026-05-27,2026-05-27T13:26:58.355193+00:00,43112,valencia_46001,2.6,3.47,0.75,l,,True
2026-05-27,2026-05-27T13:26:58.355193+00:00,43113,valencia_46001,0.95,0.95,1.0,l,,True
2026-05-27,2026-05-27T13:26:58.355193+00:00,43204,valencia_46001,2.5,1.25,2.0,l,,True
2026-05-27,2026-05-27T13:26:58.355193+00:00,43223,valencia_46001,1.4,0.05,30.0,ud,,True
2026-05-27,2026-05-27T13:26:58.355193+00:00,43301,valencia_46001,1.9,1.27,1.5,l,,True
2026-05-27,2026-05-27T13:26:58.355193+00:00,43315,valencia_46001,2.15,1.43,1.5,l,,True
2026-05-27,2026-05-27T13:26:58.355193+00:00,43320,valencia_46001,0.95,0.63,1.5,l,,True
2026-05-27,2026-05-27T13:26:58.355193+00:00,43329,valencia_46001,1.7,1.13,1.5,l,,True
2026-05-27,2026-05-27T13:26:58.355193+00:00,43338,valencia_46001,1.35,1.35,1.0,l,,True
2026-05-27,2026-05-27T13:26:58.355193+00:00,4334,valencia_46001,15.95,29.0,0.55,kg,,True
2026-05-27,2026-05-27T13:26:58.355193+00:00,43347,valencia_46001,0.95,0.63,1.5,l,,True
2026-05-27,2026-05-27T13:26:58.355193+00:00,43421,valencia_46001,2.1,2.1,1.0,l,,True
2026-05-27,2026-05-27T13:26:58.355193+00:00,43474,valencia_46001,1.25,15.63,0.08,kg,,True
2026-05-27,2026-05-27T13:26:58.355193+00:00,43482,valencia_46001,1.3,0.03,50.0,ud,,True
2026-05-27,2026-05-27T13:26:58.355193+00:00,43496,valencia_46001,1.45,0.97,1.5,l,,True
2026-05-27,2026-05-27T13:26:58.355193+00:00,4361,valencia_46001,10.17,16.95,0.6,kg,,True
2026-05-27,2026-05-27T13:26:58.355193+00:00,43705,valencia_46001,3.8,50.67,0.075,kg,,True
2026-05-27,2026-05-27T13:26:58.355193+00:00,43802,valencia_46001,1.0,0.67,1.5,l,,True
2026-05-27,2026-05-27T13:26:58.355193+00:00,43806,valencia_46001,3.8,3.8,1.0,l,,True
2026-05-27,2026-05-27T13:26:58.355193+00:00,43810,valencia_46001,1.2,1.2,1.0,l,,True
2026-05-27,2026-05-27T13:26:58.355193+00:00,43813,valencia_46001,1.25,1.67,0.75,l,,True
2026-05-27,2026-05-27T13:26:58.355193+00:00,43818,valencia_46001,0.85,0.57,1.5,l,,True
2026-05-27,2026-05-27T13:26:58.355193+00:00,43820,valencia_46001,1.7,2.27,0.75,l,,True
2026-05-27,2026-05-27T13:26:58.355193+00:00,43861,valencia_46001,2.3,2.3,1.0,l,,True
2026-05-27,2026-05-27T13:26:58.355193+00:00,43906,valencia_46001,1.5,2.0,0.75,l,,True
2026-05-27,2026-05-27T13:26:58.355193+00:00,43914,valencia_46001,1.5,2.0,0.75,l,,True
2026-05-27,2026-05-27T13:26:58.355193+00:00,43931,valencia_46001,4.0,5.33,0.75,l,,True
2026-05-27,2026-05-27T13:26:58.355193+00:00,43935,valencia_46001,1.3,0.03,50.0,ud,,True
2026-05-27,2026-05-27T13:26:58.355193+00:00,44000,valencia_46001,1.7,3.4,0.5,l,,True
2026-05-27,2026-05-27T13:26:58.355193+00:00,44001,valencia_46001,2.55,3.4,0.75,l,,True
2026-05-27,2026-05-27T13:26:58.355193+00:00,44019,valencia_46001,1.95,2.6,0.75,l,,True
2026-05-27,2026-05-27T13:26:58.355193+00:00,44110,valencia_46001,1.55,1.55,1.0,l,,True
2026-05-27,2026-05-27T13:26:58.355193+00:00,44116,valencia_46001,2.0,2.67,0.75,l,,True
2026-05-27,2026-05-27T13:26:58.355193+00:00,44127,valencia_46001,1.5,0.05,30.0,ud,,True
2026-05-27,2026-05-27T13:26:58.355193+00:00,44138,valencia_46001,1.3,1.3,1.0,l,,True
2026-05-27,2026-05-27T13:26:58.355193+00:00,44210,valencia_46001,1.35,4.5,0.3,l,,True
2026-05-27,2026-05-27T13:26:58.355193+00:00,44215,valencia_46001,1.75,3.5,0.5,l,,True
2026-05-27,2026-05-27T13:26:58.355193+00:00,44216,valencia_46001,3.8,25.33,0.15,l,,True
2026-05-27,2026-05-27T13:26:58.355193+00:00,44218,valencia_46001,3.8,25.33,0.15,l,,True
2026-05-27,2026-05-27T13:26:58.355193+00:00,44232,valencia_46001,3.55,4.73,0.75,l,,True
2026-05-27,2026-05-27T13:26:58.355193+00:00,44233,valencia_46001,1.8,9.0,0.2,l,,True
2026-05-27,2026-05-27T13:26:58.355193+00:00,4425,valencia_46001,5.75,12.5,0.46,kg,,True
2026-05-27,2026-05-27T13:26:58.355193+00:00,44262,valencia_46001,2.1,1.4,1.5,l,,True
2026-05-27,2026-05-27T13:26:58.355193+00:00,44275,valencia_46001,1.6,4.0,0.4,l,,True
2026-05-27,2026-05-27T13:26:58.355193+00:00,44276,valencia_46001,1.6,6.4,0.25,l,,True
2026-05-27,2026-05-27T13:26:58.355193+00:00,44280,valencia_46001,1.8,2.4,0.75,l,,True
2026-05-27,2026-05-27T13:26:58.355193+00:00,44281,valencia_46001,1.9,4.75,0.4,l,,True
2026-05-27,2026-05-27T13:26:58.355193+00:00,44283,valencia_46001,2.4,6.0,0.4,l,,True
2026-05-27,2026-05-27T13:26:58.355193+00:00,44284,valencia_46001,2.75,13.75,0.2,l,,True
2026-05-27,2026-05-27T13:26:58.355193+00:00,44286,valencia_46001,1.9,4.75,0.4,l,,True
2026-05-27,2026-05-27T13:26:58.355193+00:00,44289,valencia_46001,4.1,41.0,0.1,l,,True
2026-05-27,2026-05-27T13:26:58.355193+00:00,44296,valencia_46001,1.9,4.75,0.4,l,,True
2026-05-27,2026-05-27T13:26:58.355193+00:00,44300,valencia_46001,1.7,1.7,1.0,l,,True
2026-05-27,2026-05-27T13:26:58.355193+00:00,44301,valencia_46001,1.7,1.7,1.0,l,,True
2026-05-27,2026-05-27T13:26:58.355193+00:00,44303,valencia_46001,1.75,2.33,0.75,l,,True
2026-05-27,2026-05-27T13:26:58.355193+00:00,44310,valencia_46001,2.85,3.8,0.75,l,,True
2026-05-27,2026-05-27T13:26:58.355193+00:00,44313,valencia_46001,2.0,10.0,0.2,l,,True
2026-05-27,2026-05-27T13:26:58.355193+00:00,44316,valencia_46001,1.6,6.4,0.25,l,,True
2026-05-27,2026-05-27T13:26:58.355193+00:00,44317,valencia_46001,3.0,15.0,0.2,l,,True
2026-05-27,2026-05-27T13:26:58.355193+00:00,44320,valencia_46001,1.7,5.67,0.3,l,,True
2026-05-27,2026-05-27T13:26:58.355193+00:00,44326,valencia_46001,3.3,8.25,0.4,l,,True
2026-05-27,2026-05-27T13:26:58.355193+00:00,44330,valencia_46001,1.9,4.75,0.4,l,,True
2026-05-27,2026-05-27T13:26:58.355193+00:00,44335,valencia_46001,1.9,4.75,0.4,l,,True
2026-05-27,2026-05-27T13:26:58.355193+00:00,44337,valencia_46001,1.9,4.75,0.4,l,,True
2026-05-27,2026-05-27T13:26:58.355193+00:00,44338,valencia_46001,2.4,6.0,0.4,l,,True
2026-05-27,2026-05-27T13:26:58.355193+00:00,44342,valencia_46001,2.5,12.5,0.2,l,,True
2026-05-27,2026-05-27T13:26:58.355193+00:00,44363,valencia_46001,1.5,5.0,0.3,l,,True
2026-05-27,2026-05-27T13:26:58.355193+00:00,44365,valencia_46001,3.95,19.75,0.2,l,,True
2026-05-27,2026-05-27T13:26:58.355193+00:00,44398,valencia_46001,2.3,11.5,0.2,l,,True
2026-05-27,2026-05-27T13:26:58.355193+00:00,44399,valencia_46001,2.3,11.5,0.2,l,,True
2026-05-27,2026-05-27T13:26:58.355193+00:00,44400,valencia_46001,2.3,11.5,0.2,l,,True
2026-05-27,2026-05-27T13:26:58.355193+00:00,44404,valencia_46001,2.2,2.93,0.75,l,,True
2026-05-27,2026-05-27T13:26:58.355193+00:00,44413,valencia_46001,1.5,1.5,1.0,l,,True
2026-05-27,2026-05-27T13:26:58.355193+00:00,4487,valencia_46001,2.75,7.86,0.35,kg,,True
2026-05-27,2026-05-27T13:26:58.355193+00:00,4488,valencia_46001,4.9,7.0,0.7,kg,,True
2026-05-27,2026-05-27T13:26:58.355193+00:00,44907,valencia_46001,1.5,3.0,0.5,l,,True
2026-05-27,2026-05-27T13:26:58.355193+00:00,4491,valencia_46001,2.75,7.86,0.35,kg,,True
2026-05-27,2026-05-27T13:26:58.355193+00:00,44912,valencia_46001,1.2,2.4,0.5,l,,True
2026-05-27,2026-05-27T13:26:58.355193+00:00,44913,valencia_46001,2.25,4.5,0.5,l,,True
2026-05-27,2026-05-27T13:26:58.355193+00:00,44914,valencia_46001,3.5,7.0,0.5,l,,True
2026-05-27,2026-05-27T13:26:58.355193+00:00,44915,valencia_46001,2.0,4.0,0.5,l,,True
2026-05-27,2026-05-27T13:26:58.355193+00:00,44973,valencia_46001,1.9,1.9,1.0,ud,,True
2026-05-27,2026-05-27T13:26:58.355193+00:00,4498,valencia_46001,2.85,10.18,0.28,kg,,True
2026-05-27,2026-05-27T13:26:58.355193+00:00,45078,valencia_46001,2.35,47.0,0.05,l,,True
2026-05-27,2026-05-27T13:26:58.355193+00:00,45204,valencia_46001,1.0,4.0,0.25,l,,True
2026-05-27,2026-05-27T13:26:58.355193+00:00,45297,valencia_46001,0.9,0.9,0.1,l,,True
2026-05-27,2026-05-27T13:26:58.355193+00:00,45483,valencia_46001,2.3,46.0,0.05,l,,True
2026-05-27,2026-05-27T13:26:58.355193+00:00,4570,valencia_46001,4.29,7.8,0.55,kg,,True
2026-05-27,2026-05-27T13:26:58.355193+00:00,45710,valencia_46001,1.3,0.65,1.0,ud,,True
2026-05-27,2026-05-27T13:26:58.355193+00:00,45711,valencia_46001,1.3,0.65,1.0,ud,,True
2026-05-27,2026-05-27T13:26:58.355193+00:00,45716,valencia_46001,1.5,1.5,1.0,ud,,True
2026-05-27,2026-05-27T13:26:58.355193+00:00,45717,valencia_46001,1.25,0.13,1.0,ud,,True
2026-05-27,2026-05-27T13:26:58.355193+00:00,4590,valencia_46001,4.8,4.95,0.97,kg,,True
2026-05-27,2026-05-27T13:26:58.355193+00:00,46001,valencia_46001,2.75,13.75,0.2,l,,True
2026-05-27,2026-05-27T13:26:58.355193+00:00,46016,valencia_46001,2.5,50.0,0.05,l,,True
2026-05-27,2026-05-27T13:26:58.355193+00:00,46019,valencia_46001,2.2,29.33,0.075,kg,,True
2026-05-27,2026-05-27T13:26:58.355193+00:00,46025,valencia_46001,1.9,38.0,0.05,l,,True
2026-05-27,2026-05-27T13:26:58.355193+00:00,46028,valencia_46001,2.35,47.0,0.05,l,,True
2026-05-27,2026-05-27T13:26:58.355193+00:00,46029,valencia_46001,2.1,42.0,0.05,l,,True
2026-05-27,2026-05-27T13:26:58.355193+00:00,46030,valencia_46001,2.1,42.0,0.05,l,,True
2026-05-27,2026-05-27T13:26:58.355193+00:00,46087,valencia_46001,2.9,29.0,0.1,l,,True
2026-05-27,2026-05-27T13:26:58.355193+00:00,46107,valencia_46001,2.9,14.5,0.2,l,,True
2026-05-27,2026-05-27T13:26:58.355193+00:00,46156,valencia_46001,2.35,47.0,0.05,l,,True
2026-05-27,2026-05-27T13:26:58.355193+00:00,46204,valencia_46001,3.75,5.0,0.75,l,,True
2026-05-27,2026-05-27T13:26:58.355193+00:00,4640,valencia_46001,4.15,4.15,1.0,l,,True
2026-05-27,2026-05-27T13:26:58.355193+00:00,4641,valencia_46001,18.75,3.75,5.0,l,,True
2026-05-27,2026-05-27T13:26:58.355193+00:00,46415,valencia_46001,1.65,8.25,0.2,l,,True
2026-05-27,2026-05-27T13:26:58.355193+00:00,46417,valencia_46001,1.65,8.25,0.2,l,,True
2026-05-27,2026-05-27T13:26:58.355193+00:00,46420,valencia_46001,1.65,8.25,0.2,l,,True
2026-05-27,2026-05-27T13:26:58.355193+00:00,46434,valencia_46001,1.65,8.25,0.2,l,,True
2026-05-27,2026-05-27T13:26:58.355193+00:00,46443,valencia_46001,1.65,8.25,0.2,l,,True
2026-05-27,2026-05-27T13:26:58.355193+00:00,46559,valencia_46001,3.2,32.0,0.1,l,,True
2026-05-27,2026-05-27T13:26:58.355193+00:00,46567,valencia_46001,0.95,1.27,0.75,l,,True
2026-05-27,2026-05-27T13:26:58.355193+00:00,46568,valencia_46001,1.9,4.75,0.4,l,,True
2026-05-27,2026-05-27T13:26:58.355193+00:00,46569,valencia_46001,2.4,6.0,0.4,l,,True
2026-05-27,2026-05-27T13:26:58.355193+00:00,46578,valencia_46001,1.6,2.13,0.75,l,,True
2026-05-27,2026-05-27T13:26:58.355193+00:00,46615,valencia_46001,2.0,26.67,0.075,l,,True
2026-05-27,2026-05-27T13:26:58.355193+00:00,46658,valencia_46001,8.0,80.0,0.1,l,,True
2026-05-27,2026-05-27T13:26:58.355193+00:00,46659,valencia_46001,8.0,80.0,0.1,l,,True
2026-05-27,2026-05-27T13:26:58.355193+00:00,46673,valencia_46001,7.0,70.0,0.1,l,,True
2026-05-27,2026-05-27T13:26:58.355193+00:00,46696,valencia_46001,1.3,2.6,0.5,l,,True
2026-05-27,2026-05-27T13:26:58.355193+00:00,46699,valencia_46001,0.8,1.6,0.5,l,,True
2026-05-27,2026-05-27T13:26:58.355193+00:00,46703,valencia_46001,1.6,0.02,10.0,ud,,True
2026-05-27,2026-05-27T13:26:58.355193+00:00,46724,valencia_46001,1.1,11.0,0.1,l,,True
2026-05-27,2026-05-27T13:26:58.355193+00:00,46727,valencia_46001,1.85,18.5,0.1,l,,True
2026-05-27,2026-05-27T13:26:58.355193+00:00,46730,valencia_46001,1.1,11.0,0.1,l,,True
2026-05-27,2026-05-27T13:26:58.355193+00:00,46739,valencia_46001,1.5,15.0,0.1,l,,True
2026-05-27,2026-05-27T13:26:58.355193+00:00,46771,valencia_46001,1.1,8.8,0.125,l,,True
2026-05-27,2026-05-27T13:26:58.355193+00:00,46812,valencia_46001,0.8,26.67,0.03,l,,True
2026-05-27,2026-05-27T13:26:58.355193+00:00,46815,valencia_46001,3.4,17.0,0.2,l,,True
2026-05-27,2026-05-27T13:26:58.355193+00:00,46816,valencia_46001,3.2,16.0,0.2,l,,True
2026-05-27,2026-05-27T13:26:58.355193+00:00,46831,valencia_46001,4.8,160.0,0.03,l,,True
2026-05-27,2026-05-27T13:26:58.355193+00:00,46833,valencia_46001,1.1,8.8,0.125,l,,True
2026-05-27,2026-05-27T13:26:58.355193+00:00,46835,valencia_46001,2.5,8.33,0.3,l,,True
2026-05-27,2026-05-27T13:26:58.355193+00:00,46844,valencia_46001,3.0,12.0,0.25,l,,True
2026-05-27,2026-05-27T13:26:58.355193+00:00,46853,valencia_46001,4.0,16.0,0.25,l,,True
2026-05-27,2026-05-27T13:26:58.355193+00:00,46857,valencia_46001,5.0,100.0,0.05,l,,True
2026-05-27,2026-05-27T13:26:58.355193+00:00,46858,valencia_46001,3.8,38.0,0.1,l,,True
2026-05-27,2026-05-27T13:26:58.355193+00:00,46866,valencia_46001,5.0,333.33,0.015,l,,True
2026-05-27,2026-05-27T13:26:58.355193+00:00,46870,valencia_46001,5.5,110.0,0.05,l,,True
2026-05-27,2026-05-27T13:26:58.355193+00:00,46871,valencia_46001,3.8,38.0,0.1,l,,True
2026-05-27,2026-05-27T13:26:58.355193+00:00,46872,valencia_46001,4.5,300.0,0.015,l,,True
2026-05-27,2026-05-27T13:26:58.355193+00:00,46873,valencia_46001,5.5,183.33,0.03,l,,True
2026-05-27,2026-05-27T13:26:58.355193+00:00,46877,valencia_46001,1.5,6.0,0.25,l,,True
2026-05-27,2026-05-27T13:26:58.355193+00:00,46882,valencia_46001,1.1,8.8,0.125,kg,,True
2026-05-27,2026-05-27T13:26:58.355193+00:00,46892,valencia_46001,2.5,10.0,0.25,l,,True
2026-05-27,2026-05-27T13:26:58.355193+00:00,46897,valencia_46001,2.4,12.0,0.2,l,,True
2026-05-27,2026-05-27T13:26:58.355193+00:00,46920,valencia_46001,4.0,20.0,0.2,l,,True
2026-05-27,2026-05-27T13:26:58.355193+00:00,46949,valencia_46001,2.0,13.33,0.15,l,,True
2026-05-27,2026-05-27T13:26:58.355193+00:00,46954,valencia_46001,2.9,7.25,0.4,l,,True
2026-05-27,2026-05-27T13:26:58.355193+00:00,46965,valencia_46001,1.3,2.6,0.5,l,,True
2026-05-27,2026-05-27T13:26:58.355193+00:00,46966,valencia_46001,1.35,2.7,0.5,l,,True
2026-05-27,2026-05-27T13:26:58.355193+00:00,46967,valencia_46001,1.35,2.7,0.5,l,,True
2026-05-27,2026-05-27T13:26:58.355193+00:00,46978,valencia_46001,3.7,6.17,0.6,l,,True
2026-05-27,2026-05-27T13:26:58.355193+00:00,46986,valencia_46001,5.0,0.83,6.0,ud,,True
2026-05-27,2026-05-27T13:26:58.355193+00:00,46989,valencia_46001,2.2,36.67,0.06,kg,,True
2026-05-27,2026-05-27T13:26:58.355193+00:00,46997,valencia_46001,0.95,12.67,0.075,l,,True
2026-05-27,2026-05-27T13:26:58.355193+00:00,46999,valencia_46001,2.2,14.67,0.15,l,,True
2026-05-27,2026-05-27T13:26:58.355193+00:00,47010,valencia_46001,5.0,0.5,1.0,ud,,True
2026-05-27,2026-05-27T13:26:58.355193+00:00,47030,valencia_46001,2.0,4.0,0.5,l,,True
2026-05-27,2026-05-27T13:26:58.355193+00:00,47038,valencia_46001,6.9,0.29,24.0,ud,,True
2026-05-27,2026-05-27T13:26:58.355193+00:00,47039,valencia_46001,6.9,0.31,22.0,ud,,True
2026-05-27,2026-05-27T13:26:58.355193+00:00,4706,valencia_46001,5.95,7.93,0.75,l,,True
2026-05-27,2026-05-27T13:26:58.355193+00:00,4711,valencia_46001,12.85,4.28,3.0,l,,True
2026-05-27,2026-05-27T13:26:58.355193+00:00,4717,valencia_46001,14.55,4.85,3.0,l,,True
2026-05-27,2026-05-27T13:26:58.355193+00:00,4718,valencia_46001,2.7,13.5,0.2,l,,True
2026-05-27,2026-05-27T13:26:58.355193+00:00,47252,valencia_46001,2.35,47.0,0.05,l,,True
2026-05-27,2026-05-27T13:26:58.355193+00:00,47256,valencia_46001,2.9,14.5,0.2,l,,True
2026-05-27,2026-05-27T13:26:58.355193+00:00,47287,valencia_46001,16.95,0.29,58.0,ud,,True
2026-05-27,2026-05-27T13:26:58.355193+00:00,47291,valencia_46001,1.55,0.02,100.0,ud,,True
2026-05-27,2026-05-27T13:26:58.355193+00:00,47293,valencia_46001,0.8,0.05,1.0,ud,,True
2026-05-27,2026-05-27T13:26:58.355193+00:00,47310,valencia_46001,2.95,0.12,1.0,ud,,True
2026-05-27,2026-05-27T13:26:58.355193+00:00,47311,valencia_46001,2.95,0.15,1.0,ud,,True
2026-05-27,2026-05-27T13:26:58.355193+00:00,47312,valencia_46001,2.95,0.18,1.0,ud,,True
2026-05-27,2026-05-27T13:26:58.355193+00:00,47319,valencia_46001,2.75,0.14,1.0,ud,,True
2026-05-27,2026-05-27T13:26:58.355193+00:00,47320,valencia_46001,2.75,0.14,1.0,ud,,True
2026-05-27,2026-05-27T13:26:58.355193+00:00,47321,valencia_46001,2.75,0.14,1.0,ud,,True
2026-05-27,2026-05-27T13:26:58.355193+00:00,47322,valencia_46001,2.75,0.14,1.0,ud,,True
2026-05-27,2026-05-27T13:26:58.355193+00:00,47349,valencia_46001,1.8,0.06,1.0,ud,,True
2026-05-27,2026-05-27T13:26:58.355193+00:00,47350,valencia_46001,1.9,0.07,1.0,ud,,True
2026-05-27,2026-05-27T13:26:58.355193+00:00,47351,valencia_46001,2.2,0.03,1.0,ud,,True
2026-05-27,2026-05-27T13:26:58.355193+00:00,47352,valencia_46001,2.6,0.04,1.0,ud,,True
2026-05-27,2026-05-27T13:26:58.355193+00:00,47366,valencia_46001,10.65,0.67,16.0,ud,,True
2026-05-27,2026-05-27T13:26:58.355193+00:00,47367,valencia_46001,10.65,0.82,13.0,ud,,True
2026-05-27,2026-05-27T13:26:58.355193+00:00,47377,valencia_46001,8.5,0.43,1.0,ud,,True
2026-05-27,2026-05-27T13:26:58.355193+00:00,47380,valencia_46001,1.1,0.04,1.0,ud,,True
2026-05-27,2026-05-27T13:26:58.355193+00:00,47381,valencia_46001,1.2,0.06,1.0,ud,,True
2026-05-27,2026-05-27T13:26:58.355193+00:00,47382,valencia_46001,1.4,0.09,1.0,ud,,True
2026-05-27,2026-05-27T13:26:58.355193+00:00,47383,valencia_46001,1.4,0.14,1.0,ud,,True
2026-05-27,2026-05-27T13:26:58.355193+00:00,47385,valencia_46001,1.95,0.03,1.0,ud,,True
2026-05-27,2026-05-27T13:26:58.355193+00:00,47386,valencia_46001,1.2,0.04,1.0,ud,,True
2026-05-27,2026-05-27T13:26:58.355193+00:00,47387,valencia_46001,2.35,0.04,1.0,ud,,True
2026-05-27,2026-05-27T13:26:58.355193+00:00,47389,valencia_46001,1.8,0.08,1.0,ud,,True
2026-05-27,2026-05-27T13:26:58.355193+00:00,47390,valencia_46001,2.1,0.05,1.0,ud,,True
2026-05-27,2026-05-27T13:26:58.355193+00:00,47391,valencia_46001,1.35,0.04,1.0,ud,,True
2026-05-27,2026-05-27T13:26:58.355193+00:00,47392,valencia_46001,1.35,0.05,1.0,ud,,True
2026-05-27,2026-05-27T13:26:58.355193+00:00,4740,valencia_46001,4.95,4.95,1.0,l,,True
2026-05-27,2026-05-27T13:26:58.355193+00:00,47480,valencia_46001,3.1,0.09,1.0,ud,,True
2026-05-27,2026-05-27T13:26:58.355193+00:00,47489,valencia_46001,1.0,1.0,1.0,ud,,True
2026-05-27,2026-05-27T13:26:58.355193+00:00,4749,valencia_46001,4.45,4.45,1.0,l,,True
2026-05-27,2026-05-27T13:26:58.355193+00:00,47496,valencia_46001,11.95,0.85,1.0,ud,,True
2026-05-27,2026-05-27T13:26:58.355193+00:00,47554,valencia_46001,1.7,0.06,1.0,ud,,True
2026-05-27,2026-05-27T13:26:58.355193+00:00,47608,valencia_46001,10.8,0.77,1.0,ud,,True
2026-05-27,2026-05-27T13:26:58.355193+00:00,47609,valencia_46001,1.25,0.01,200.0,ud,,True
2026-05-27,2026-05-27T13:26:58.355193+00:00,47618,valencia_46001,1.8,0.02,10.0,ud,,True
2026-05-27,2026-05-27T13:26:58.355193+00:00,47620,valencia_46001,1.05,0.01,10.0,ud,,True
2026-05-27,2026-05-27T13:26:58.355193+00:00,47818,valencia_46001,4.5,0.38,1.0,ud,,True
2026-05-27,2026-05-27T13:26:58.355193+00:00,47819,valencia_46001,2.3,0.38,1.0,ud,,True
2026-05-27,2026-05-27T13:26:58.355193+00:00,47828,valencia_46001,4.0,0.07,60.0,ud,,True
2026-05-27,2026-05-27T13:26:58.355193+00:00,47835,valencia_46001,2.5,0.21,1.0,ud,,True
2026-05-27,2026-05-27T13:26:58.355193+00:00,4797,valencia_46001,2.65,9.64,0.275,kg,,True
2026-05-27,2026-05-27T13:26:58.355193+00:00,4798,valencia_46001,2.9,11.15,0.26,kg,,True
2026-05-27,2026-05-27T13:26:58.355193+00:00,47994,valencia_46001,0.85,70.83,0.012,kg,,True
2026-05-27,2026-05-27T13:26:58.355193+00:00,48001,valencia_46001,2.05,0.68,3.0,ud,,True
2026-05-27,2026-05-27T13:26:58.355193+00:00,48005,valencia_46001,1.95,0.65,3.0,ud,,True
2026-05-27,2026-05-27T13:26:58.355193+00:00,48009,valencia_46001,2.05,1.03,2.0,ud,,True
2026-05-27,2026-05-27T13:26:58.355193+00:00,4848,valencia_46001,2.55,12.75,0.2,kg,,True
2026-05-27,2026-05-27T13:26:58.355193+00:00,4850,valencia_46001,4.85,9.7,0.5,l,,True
2026-05-27,2026-05-27T13:26:58.355193+00:00,48649,valencia_46001,8.55,8.55,1.0,ud,,True
2026-05-27,2026-05-27T13:26:58.355193+00:00,48651,valencia_46001,7.25,7.25,1.0,ud,,True
2026-05-27,2026-05-27T13:26:58.355193+00:00,48652,valencia_46001,1.6,1.6,1.0,ud,,True
2026-05-27,2026-05-27T13:26:58.355193+00:00,4868,valencia_46001,2.1,5.0,0.42,kg,,True
2026-05-27,2026-05-27T13:26:58.355193+00:00,4883,valencia_46001,6.04,22.36,0.27,kg,,True
2026-05-27,2026-05-27T13:26:58.355193+00:00,4900,valencia_46001,3.86,5.15,0.75,kg,,True
2026-05-27,2026-05-27T13:26:58.355193+00:00,49000,valencia_46001,2.25,0.08,30.0,m,,True
2026-05-27,2026-05-27T13:26:58.355193+00:00,49011,valencia_46001,3.1,3.1,1.0,ud,,True
2026-05-27,2026-05-27T13:26:58.355193+00:00,4903,valencia_46001,1.4,5.0,0.28,l,,True
2026-05-27,2026-05-27T13:26:58.355193+00:00,49049,valencia_46001,1.2,1.2,1.0,ud,,True
2026-05-27,2026-05-27T13:26:58.355193+00:00,4905,valencia_46001,2.25,7.5,0.3,kg,,True
2026-05-27,2026-05-27T13:26:58.355193+00:00,49073,valencia_46001,1.2,0.06,1.0,ud,,True
2026-05-27,2026-05-27T13:26:58.355193+00:00,49074,valencia_46001,1.3,0.09,1.0,ud,,True
2026-05-27,2026-05-27T13:26:58.355193+00:00,4908,valencia_46001,1.8,7.2,0.25,kg,,True
2026-05-27,2026-05-27T13:26:58.355193+00:00,49080,valencia_46001,2.6,2.6,1.0,ud,,True
2026-05-27,2026-05-27T13:26:58.355193+00:00,49087,valencia_46001,2.6,2.6,1.0,ud,,True
2026-05-27,2026-05-27T13:26:58.355193+00:00,4911,valencia_46001,1.3,10.4,0.125,kg,,True
2026-05-27,2026-05-27T13:26:58.355193+00:00,49116,valencia_46001,1.25,0.42,3.0,ud,,True
2026-05-27,2026-05-27T13:26:58.355193+00:00,4912,valencia_46001,1.3,13.27,0.098,kg,,True
2026-05-27,2026-05-27T13:26:58.355193+00:00,4915,valencia_46001,8.91,27.0,0.33,kg,,True
2026-05-27,2026-05-27T13:26:58.355193+00:00,49173,valencia_46001,3.6,3.6,1.0,ud,,True
2026-05-27,2026-05-27T13:26:58.355193+00:00,49176,valencia_46001,2.9,2.9,1.0,ud,,True
2026-05-27,2026-05-27T13:26:58.355193+00:00,4918,valencia_46001,6.67,23.4,0.285,kg,,True
2026-05-27,2026-05-27T13:26:58.355193+00:00,4919,valencia_46001,6.25,25.0,0.25,kg,,True
2026-05-27,2026-05-27T13:26:58.355193+00:00,49224,valencia_46001,0.85,0.02,1.0,ud,,True
2026-05-27,2026-05-27T13:26:58.355193+00:00,4929,valencia_46001,2.85,14.25,0.2,kg,,True
2026-05-27,2026-05-27T13:26:58.355193+00:00,49302,valencia_46001,1.2,1.2,1.0,ud,,True
2026-05-27,2026-05-27T13:26:58.355193+00:00,49319,valencia_46001,1.25,0.0,500.0,ud,,True
2026-05-27,2026-05-27T13:26:58.355193+00:00,49330,valencia_46001,2.5,0.83,3.0,ud,,True
2026-05-27,2026-05-27T13:26:58.355193+00:00,4940,valencia_46001,0.65,0.65,1.0,l,,True
2026-05-27,2026-05-27T13:26:58.355193+00:00,49402,valencia_46001,0.9,0.9,1.0,l,,True
2026-05-27,2026-05-27T13:26:58.355193+00:00,4949,valencia_46001,4.0,8.0,0.5,kg,,True
2026-05-27,2026-05-27T13:26:58.355193+00:00,49544,valencia_46001,1.15,0.01,200.0,ud,,True
2026-05-27,2026-05-27T13:26:58.355193+00:00,4957,valencia_46001,0.9,0.9,1.0,l,,True
2026-05-27,2026-05-27T13:26:58.355193+00:00,49589,valencia_46001,1.55,0.02,100.0,ud,,True
2026-05-27,2026-05-27T13:26:58.355193+00:00,49619,valencia_46001,2.3,0.77,3.0,ud,,True
2026-05-27,2026-05-27T13:26:58.355193+00:00,49632,valencia_46001,2.35,0.59,4.0,ud,,True
2026-05-27,2026-05-27T13:26:58.355193+00:00,49701,valencia_46001,2.1,0.01,200.0,ud,,True
2026-05-27,2026-05-27T13:26:58.355193+00:00,49703,valencia_46001,2.9,0.29,1.0,ud,,True
2026-05-27,2026-05-27T13:26:58.355193+00:00,49704,valencia_46001,1.45,0.04,1.0,ud,,True
2026-05-27,2026-05-27T13:26:58.355193+00:00,49710,valencia_46001,2.05,0.02,100.0,ud,,True
2026-05-27,2026-05-27T13:26:58.355193+00:00,49750,valencia_46001,1.9,0.05,1.0,ud,,True
2026-05-27,2026-05-27T13:26:58.355193+00:00,49760,valencia_46001,1.3,0.03,45.0,ud,,True
2026-05-27,2026-05-27T13:26:58.355193+00:00,49837,valencia_46001,1.95,0.39,5.0,ud,,True
2026-05-27,2026-05-27T13:26:58.355193+00:00,49863,valencia_46001,3.35,1.12,3.0,ud,,True
2026-05-27,2026-05-27T13:26:58.355193+00:00,49867,valencia_46001,2.45,1.23,2.0,ud,,True
2026-05-27,2026-05-27T13:26:58.355193+00:00,5000,valencia_46001,1.69,1.69,1.0,kg,,True
2026-05-27,2026-05-27T13:26:58.355193+00:00,50008,valencia_46001,3.66,15.9,0.23,kg,,True
2026-05-27,2026-05-27T13:26:58.355193+00:00,5002,valencia_46001,2.1,2.1,1.0,kg,,True
2026-05-27,2026-05-27T13:26:58.355193+00:00,50020,valencia_46001,3.21,12.35,0.26,kg,,True
2026-05-27,2026-05-27T13:26:58.355193+00:00,50021,valencia_46001,2.65,13.25,0.2,kg,,True
2026-05-27,2026-05-27T13:26:58.355193+00:00,50022,valencia_46001,13.8,11.5,1.2,kg,,True
2026-05-27,2026-05-27T13:26:58.355193+00:00,50124,valencia_46001,5.0,100.0,0.05,l,,True
2026-05-27,2026-05-27T13:26:58.355193+00:00,50140,valencia_46001,4.5,300.0,0.015,l,,True
2026-05-27,2026-05-27T13:26:58.355193+00:00,50148,valencia_46001,2.57,12.25,0.21,kg,,True
2026-05-27,2026-05-27T13:26:58.355193+00:00,50151,valencia_46001,3.02,14.4,0.21,kg,,True
2026-05-27,2026-05-27T13:26:58.355193+00:00,50153,valencia_46001,3.41,15.5,0.22,kg,,True
2026-05-27,2026-05-27T13:26:58.355193+00:00,50170,valencia_46001,5.0,100.0,0.05,l,,True
2026-05-27,2026-05-27T13:26:58.355193+00:00,50198,valencia_46001,5.5,183.33,0.03,l,,True
2026-05-27,2026-05-27T13:26:58.355193+00:00,5020,valencia_46001,1.55,1.55,1.0,kg,,True
2026-05-27,2026-05-27T13:26:58.355193+00:00,50256,valencia_46001,5.0,100.0,0.05,l,,True
2026-05-27,2026-05-27T13:26:58.355193+00:00,50321,valencia_46001,3.5,250.0,0.014,l,,True
2026-05-27,2026-05-27T13:26:58.355193+00:00,50326,valencia_46001,6.0,120.0,0.05,l,,True
2026-05-27,2026-05-27T13:26:58.355193+00:00,50371,valencia_46001,1.2,6.0,0.2,kg,,True
2026-05-27,2026-05-27T13:26:58.355193+00:00,50385,valencia_46001,2.49,9.95,0.25,kg,,True
2026-05-27,2026-05-27T13:26:58.355193+00:00,50401,valencia_46001,2.4,9.6,0.25,kg,,True
2026-05-27,2026-05-27T13:26:58.355193+00:00,5042,valencia_46001,1.6,1.6,1.0,kg,,True
2026-05-27,2026-05-27T13:26:58.355193+00:00,5044,valencia_46001,1.2,1.2,1.0,kg,,True
2026-05-27,2026-05-27T13:26:58.355193+00:00,50459,valencia_46001,2.05,6.83,0.3,kg,,True
2026-05-27,2026-05-27T13:26:58.355193+00:00,5046,valencia_46001,6.5,6.7,0.97,kg,,True
2026-05-27,2026-05-27T13:26:58.355193+00:00,50478,valencia_46001,3.3,7.33,0.45,kg,,True
2026-05-27,2026-05-27T13:26:58.355193+00:00,50480,valencia_46001,3.3,8.25,0.4,kg,,True
2026-05-27,2026-05-27T13:26:58.355193+00:00,50483,valencia_46001,3.6,7.91,0.455,kg,,True
2026-05-27,2026-05-27T13:26:58.355193+00:00,50543,valencia_46001,2.5,8.33,0.3,kg,,True
2026-05-27,2026-05-27T13:26:58.355193+00:00,50545,valencia_46001,2.85,9.5,0.3,kg,,True
2026-05-27,2026-05-27T13:26:58.355193+00:00,50546,valencia_46001,2.9,9.67,0.3,kg,,True
2026-05-27,2026-05-27T13:26:58.355193+00:00,50589,valencia_46001,5.43,20.1,0.27,kg,,True
2026-05-27,2026-05-27T13:26:58.355193+00:00,50613,valencia_46001,2.09,12.3,0.17,kg,,True
2026-05-27,2026-05-27T13:26:58.355193+00:00,50619,valencia_46001,1.65,8.25,0.2,kg,,True
2026-05-27,2026-05-27T13:26:58.355193+00:00,5063,valencia_46001,1.25,1.25,1.0,kg,,True
2026-05-27,2026-05-27T13:26:58.355193+00:00,50654,valencia_46001,2.05,6.83,0.3,kg,,True
2026-05-27,2026-05-27T13:26:58.355193+00:00,50757,valencia_46001,4.5,90.0,0.05,l,,True
2026-05-27,2026-05-27T13:26:58.355193+00:00,50764,valencia_46001,4.5,90.0,0.05,l,,True
2026-05-27,2026-05-27T13:26:58.355193+00:00,50915,valencia_46001,3.87,11.05,0.35,kg,,True
2026-05-27,2026-05-27T13:26:58.355193+00:00,50916,valencia_46001,2.56,8.0,0.32,kg,,True
2026-05-27,2026-05-27T13:26:58.355193+00:00,50917,valencia_46001,3.13,8.95,0.35,kg,,True
2026-05-27,2026-05-27T13:26:58.355193+00:00,50918,valencia_46001,3.82,11.75,0.325,kg,,True
2026-05-27,2026-05-27T13:26:58.355193+00:00,50919,valencia_46001,10.61,8.7,1.22,kg,,True
2026-05-27,2026-05-27T13:26:58.355193+00:00,50927,valencia_46001,5.27,15.05,0.35,kg,,True
2026-05-27,2026-05-27T13:26:58.355193+00:00,50929,valencia_46001,6.98,8.95,0.78,kg,,True
2026-05-27,2026-05-27T13:26:58.355193+00:00,50939,valencia_46001,18.0,6.0,3.0,kg,,True
2026-05-27,2026-05-27T13:26:58.355193+00:00,50941,valencia_46001,5.63,13.1,0.43,kg,,True
2026-05-27,2026-05-27T13:26:58.355193+00:00,50942,valencia_46001,4.54,15.15,0.3,kg,,True
2026-05-27,2026-05-27T13:26:58.355193+00:00,50943,valencia_46001,4.07,9.7,0.42,kg,,True
2026-05-27,2026-05-27T13:26:58.355193+00:00,50944,valencia_46001,4.25,12.5,0.34,kg,,True
2026-05-27,2026-05-27T13:26:58.355193+00:00,50945,valencia_46001,10.79,9.99,1.08,kg,,True
2026-05-27,2026-05-27T13:26:58.355193+00:00,50946,valencia_46001,14.49,9.41,1.54,kg,,True
2026-05-27,2026-05-27T13:26:58.355193+00:00,50952,valencia_46001,6.19,16.74,0.37,kg,,True
2026-05-27,2026-05-27T13:26:58.355193+00:00,50959,valencia_46001,5.18,19.2,0.27,kg,,True
2026-05-27,2026-05-27T13:26:58.355193+00:00,50965,valencia_46001,4.67,11.4,0.41,kg,,True
2026-05-27,2026-05-27T13:26:58.355193+00:00,50966,valencia_46001,4.69,14.2,0.33,kg,,True
2026-05-27,2026-05-27T13:26:58.355193+00:00,50967,valencia_46001,12.31,11.29,1.09,kg,,True
2026-05-27,2026-05-27T13:26:58.355193+00:00,50968,valencia_46001,18.06,11.08,1.63,kg,,True
2026-05-27,2026-05-27T13:26:58.355193+00:00,50970,valencia_46001,4.56,14.7,0.31,kg,,True
2026-05-27,2026-05-27T13:26:58.355193+00:00,50971,valencia_46001,5.59,14.15,0.395,kg,,True
2026-05-27,2026-05-27T13:26:58.355193+00:00,50974,valencia_46001,4.74,14.36,0.33,kg,,True
2026-05-27,2026-05-27T13:26:58.355193+00:00,50975,valencia_46001,6.04,18.3,0.33,kg,,True
2026-05-27,2026-05-27T13:26:58.355193+00:00,50976,valencia_46001,5.9,17.88,0.33,kg,,True
2026-05-27,2026-05-27T13:26:58.355193+00:00,50984,valencia_46001,20.79,13.5,1.54,kg,,True
2026-05-27,2026-05-27T13:26:58.355193+00:00,50985,valencia_46001,20.94,13.42,1.56,kg,,True
2026-05-27,2026-05-27T13:26:58.355193+00:00,50994,valencia_46001,3.87,14.9,0.26,kg,,True
2026-05-27,2026-05-27T13:26:58.355193+00:00,50999,valencia_46001,5.0,20.83,0.24,kg,,True
2026-05-27,2026-05-27T13:26:58.355193+00:00,51012,valencia_46001,1.0,5.0,0.2,kg,,True
2026-05-27,2026-05-27T13:26:58.355193+00:00,51043,valencia_46001,3.4,15.74,0.216,kg,,True
2026-05-27,2026-05-27T13:26:58.355193+00:00,51044,valencia_46001,3.4,15.74,0.216,kg,,True
2026-05-27,2026-05-27T13:26:58.355193+00:00,51050,valencia_46001,0.9,3.6,0.25,kg,,True
2026-05-27,2026-05-27T13:26:58.355193+00:00,51052,valencia_46001,1.9,6.33,0.3,kg,,True
2026-05-27,2026-05-27T13:26:58.355193+00:00,51068,valencia_46001,2.59,18.5,0.14,kg,,True
2026-05-27,2026-05-27T13:26:58.355193+00:00,51071,valencia_46001,1.1,2.2,0.5,kg,,True
2026-05-27,2026-05-27T13:26:58.355193+00:00,51072,valencia_46001,2.75,11.0,0.25,kg,,True
2026-05-27,2026-05-27T13:26:58.355193+00:00,51073,valencia_46001,2.9,10.74,0.27,kg,,True
2026-05-27,2026-05-27T13:26:58.355193+00:00,51079,valencia_46001,2.9,10.74,0.27,kg,,True
2026-05-27,2026-05-27T13:26:58.355193+00:00,51097,valencia_46001,1.9,4.75,0.4,kg,,True
2026-05-27,2026-05-27T13:26:58.355193+00:00,51110,valencia_46001,1.6,8.0,0.2,kg,,True
2026-05-27,2026-05-27T13:26:58.355193+00:00,51111,valencia_46001,1.15,9.2,0.125,kg,,True
2026-05-27,2026-05-27T13:26:58.355193+00:00,51126,valencia_46001,1.8,9.0,0.2,kg,,True
2026-05-27,2026-05-27T13:26:58.355193+00:00,51146,valencia_46001,1.65,16.5,0.1,kg,,True
2026-05-27,2026-05-27T13:26:58.355193+00:00,51151,valencia_46001,1.25,8.33,0.15,kg,,True
2026-05-27,2026-05-27T13:26:58.355193+00:00,51167,valencia_46001,1.65,11.0,0.15,kg,,True
2026-05-27,2026-05-27T13:26:58.355193+00:00,51181,valencia_46001,1.8,12.0,0.15,kg,,True
2026-05-27,2026-05-27T13:26:58.355193+00:00,51182,valencia_46001,2.35,4.23,0.555,kg,,True
2026-05-27,2026-05-27T13:26:58.355193+00:00,51191,valencia_46001,1.6,6.4,0.25,kg,,True
2026-05-27,2026-05-27T13:26:58.355193+00:00,51192,valencia_46001,2.2,8.8,0.25,kg,,True
2026-05-27,2026-05-27T13:26:58.355193+00:00,51194,valencia_46001,3.0,12.0,0.25,kg,,True
2026-05-27,2026-05-27T13:26:58.355193+00:00,51197,valencia_46001,2.4,6.49,0.37,kg,,True
2026-05-27,2026-05-27T13:26:58.355193+00:00,51198,valencia_46001,1.9,6.33,0.3,kg,,True
2026-05-27,2026-05-27T13:26:58.355193+00:00,51201,valencia_46001,1.85,6.61,0.28,kg,,True
2026-05-27,2026-05-27T13:26:58.355193+00:00,51203,valencia_46001,1.4,4.67,0.3,kg,,True
2026-05-27,2026-05-27T13:26:58.355193+00:00,51208,valencia_46001,1.85,9.25,0.2,kg,,True
2026-05-27,2026-05-27T13:26:58.355193+00:00,51211,valencia_46001,1.9,9.5,0.2,kg,,True
2026-05-27,2026-05-27T13:26:58.355193+00:00,51212,valencia_46001,1.9,9.5,0.2,kg,,True
2026-05-27,2026-05-27T13:26:58.355193+00:00,51218,valencia_46001,2.2,8.8,0.25,kg,,True
2026-05-27,2026-05-27T13:26:58.355193+00:00,51223,valencia_46001,1.4,4.67,0.3,kg,,True
2026-05-27,2026-05-27T13:26:58.355193+00:00,51228,valencia_46001,1.6,8.0,0.2,kg,,True
2026-05-27,2026-05-27T13:26:58.355193+00:00,51230,valencia_46001,1.0,4.0,0.25,kg,,True
2026-05-27,2026-05-27T13:26:58.355193+00:00,51232,valencia_46001,1.5,6.0,0.25,kg,,True
2026-05-27,2026-05-27T13:26:58.355193+00:00,51236,valencia_46001,1.8,12.0,0.15,kg,,True
2026-05-27,2026-05-27T13:26:58.355193+00:00,5124,valencia_46001,2.45,2.45,1.0,kg,,True
2026-05-27,2026-05-27T13:26:58.355193+00:00,51504,valencia_46001,3.9,24.38,0.16,kg,,True
2026-05-27,2026-05-27T13:26:58.355193+00:00,51619,valencia_46001,1.45,14.5,0.1,kg,,True
2026-05-27,2026-05-27T13:26:58.355193+00:00,51621,valencia_46001,2.0,8.33,0.24,kg,,True
2026-05-27,2026-05-27T13:26:58.355193+00:00,51627,valencia_46001,2.3,12.78,0.18,kg,,True
2026-05-27,2026-05-27T13:26:58.355193+00:00,51630,valencia_46001,2.85,9.5,0.3,kg,,True
2026-05-27,2026-05-27T13:26:58.355193+00:00,5184,valencia_46001,1.65,1.65,1.0,kg,,True
2026-05-27,2026-05-27T13:26:58.355193+00:00,52051,valencia_46001,2.69,11.21,0.24,kg,,True
2026-05-27,2026-05-27T13:26:58.355193+00:00,52059,valencia_46001,0.95,3.17,0.3,kg,,True
2026-05-27,2026-05-27T13:26:58.355193+00:00,52068,valencia_46001,0.95,3.17,0.3,kg,,True
2026-05-27,2026-05-27T13:26:58.355193+00:00,52096,valencia_46001,1.8,1.8,1.0,kg,,True
2026-05-27,2026-05-27T13:26:58.355193+00:00,52098,valencia_46001,4.0,40.0,0.1,kg,,True
2026-05-27,2026-05-27T13:26:58.355193+00:00,52099,valencia_46001,1.45,14.5,0.1,kg,,True
2026-05-27,2026-05-27T13:26:58.355193+00:00,52100,valencia_46001,1.45,14.5,0.1,kg,,True
2026-05-27,2026-05-27T13:26:58.355193+00:00,52101,valencia_46001,12.3,0.68,18.0,kg,,True
2026-05-27,2026-05-27T13:26:58.355193+00:00,52118,valencia_46001,1.65,4.71,0.35,kg,,True
2026-05-27,2026-05-27T13:26:58.355193+00:00,52135,valencia_46001,1.1,5.5,0.2,kg,,True
2026-05-27,2026-05-27T13:26:58.355193+00:00,52139,valencia_46001,2.2,8.8,0.25,kg,,True
2026-05-27,2026-05-27T13:26:58.355193+00:00,5214,valencia_46001,2.15,2.15,1.0,kg,,True
2026-05-27,2026-05-27T13:26:58.355193+00:00,52143,valencia_46001,1.75,9.11,0.192,kg,,True
2026-05-27,2026-05-27T13:26:58.355193+00:00,52145,valencia_46001,1.05,11.93,0.088,kg,,True
2026-05-27,2026-05-27T13:26:58.355193+00:00,52146,valencia_46001,1.5,12.5,0.12,kg,,True
2026-05-27,2026-05-27T13:26:58.355193+00:00,52149,valencia_46001,1.05,21.0,0.05,kg,,True
2026-05-27,2026-05-27T13:26:58.355193+00:00,52157,valencia_46001,1.85,18.5,0.1,kg,,True
2026-05-27,2026-05-27T13:26:58.355193+00:00,52167,valencia_46001,1.9,19.0,0.1,kg,,True
2026-05-27,2026-05-27T13:26:58.355193+00:00,52170,valencia_46001,8.3,83.0,0.1,kg,,True
2026-05-27,2026-05-27T13:26:58.355193+00:00,52171,valencia_46001,5.25,52.5,0.1,kg,,True
2026-05-27,2026-05-27T13:26:58.355193+00:00,5220,valencia_46001,2.5,2.5,1.0,kg,,True
2026-05-27,2026-05-27T13:26:58.355193+00:00,52307,valencia_46001,1.1,6.88,0.16,kg,,True
2026-05-27,2026-05-27T13:26:58.355193+00:00,52311,valencia_46001,1.1,6.88,0.16,kg,,True
2026-05-27,2026-05-27T13:26:58.355193+00:00,52335,valencia_46001,1.1,6.88,0.16,kg,,True
2026-05-27,2026-05-27T13:26:58.355193+00:00,52336,valencia_46001,1.1,6.88,0.16,kg,,True
2026-05-27,2026-05-27T13:26:58.355193+00:00,52405,valencia_46001,1.95,5.2,0.375,kg,,True
2026-05-27,2026-05-27T13:26:58.355193+00:00,52406,valencia_46001,2.05,4.1,0.5,kg,,True
2026-05-27,2026-05-27T13:26:58.355193+00:00,52407,valencia_46001,2.05,4.1,0.5,kg,,True
2026-05-27,2026-05-27T13:26:58.355193+00:00,52408,valencia_46001,1.15,4.6,0.25,kg,,True
2026-05-27,2026-05-27T13:26:58.355193+00:00,52409,valencia_46001,1.15,4.6,0.25,kg,,True
2026-05-27,2026-05-27T13:26:58.355193+00:00,52411,valencia_46001,1.9,7.6,0.25,kg,,True
2026-05-27,2026-05-27T13:26:58.355193+00:00,52421,valencia_46001,1.45,1.93,0.75,kg,,True
2026-05-27,2026-05-27T13:26:58.355193+00:00,52422,valencia_46001,1.55,0.78,1.0,ud,,True
2026-05-27,2026-05-27T13:26:58.355193+00:00,52423,valencia_46001,1.55,0.78,1.0,ud,,True
2026-05-27,2026-05-27T13:26:58.355193+00:00,52426,valencia_46001,3.7,4.93,0.75,kg,,True
2026-05-27,2026-05-27T13:26:58.355193+00:00,52429,valencia_46001,4.5,4.5,0.0055,l,,True
2026-05-27,2026-05-27T13:26:58.355193+00:00,52441,valencia_46001,1.5,2.0,0.75,kg,,True
2026-05-27,2026-05-27T13:26:58.355193+00:00,52451,valencia_46001,1.7,21.25,0.08,kg,,True
2026-05-27,2026-05-27T13:26:58.355193+00:00,52454,valencia_46001,1.7,4.25,0.4,kg,,True
2026-05-27,2026-05-27T13:26:58.355193+00:00,52464,valencia_46001,2.0,200.0,0.01,l,,True
2026-05-27,2026-05-27T13:26:58.355193+00:00,52466,valencia_46001,1.55,0.06,1.0,ud,,True
2026-05-27,2026-05-27T13:26:58.355193+00:00,52467,valencia_46001,1.45,4.26,0.34,kg,,True
2026-05-27,2026-05-27T13:26:58.355193+00:00,52468,valencia_46001,1.55,0.06,1.0,ud,,True
2026-05-27,2026-05-27T13:26:58.355193+00:00,52471,valencia_46001,7.55,7.55,1.0,l,,True
2026-05-27,2026-05-27T13:26:58.355193+00:00,52472,valencia_46001,1.3,1.3,1.0,ud,,True
2026-05-27,2026-05-27T13:26:58.355193+00:00,52488,valencia_46001,1.55,3.88,0.4,kg,,True
2026-05-27,2026-05-27T13:26:58.355193+00:00,52492,valencia_46001,3.25,3.25,1.0,ud,,True
2026-05-27,2026-05-27T13:26:58.355193+00:00,52493,valencia_46001,1.65,11.0,0.15,kg,,True
2026-05-27,2026-05-27T13:26:58.355193+00:00,52494,valencia_46001,1.55,12.4,0.125,kg,,True
2026-05-27,2026-05-27T13:26:58.355193+00:00,5250,valencia_46001,1.95,7.8,0.25,l,,True
2026-05-27,2026-05-27T13:26:58.355193+00:00,52504,valencia_46001,3.75,3.75,1.0,ud,,True
2026-05-27,2026-05-27T13:26:58.355193+00:00,52507,valencia_46001,2.4,8.57,0.28,kg,,True
2026-05-27,2026-05-27T13:26:58.355193+00:00,52513,valencia_46001,2.0,5.0,0.4,kg,,True
2026-05-27,2026-05-27T13:26:58.355193+00:00,52514,valencia_46001,4.84,8.8,0.55,kg,,True
2026-05-27,2026-05-27T13:26:58.355193+00:00,52515,valencia_46001,1.9,38.0,0.05,l,,True
2026-05-27,2026-05-27T13:26:58.355193+00:00,52524,valencia_46001,1.4,2.8,0.5,l,,True
2026-05-27,2026-05-27T13:26:58.355193+00:00,52531,valencia_46001,4.0,0.08,50.0,ud,,True
2026-05-27,2026-05-27T13:26:58.355193+00:00,52532,valencia_46001,6.0,120.0,0.05,l,,True
2026-05-27,2026-05-27T13:26:58.355193+00:00,52533,valencia_46001,2.3,3.07,0.75,l,,True
2026-05-27,2026-05-27T13:26:58.355193+00:00,52534,valencia_46001,1.75,1.75,1.0,kg,,True
2026-05-27,2026-05-27T13:26:58.355193+00:00,52536,valencia_46001,9.0,9.0,1.0,ud,,True
2026-05-27,2026-05-27T13:26:58.355193+00:00,52553,valencia_46001,6.9,0.38,0.369,kg,,True
2026-05-27,2026-05-27T13:26:58.355193+00:00,52559,valencia_46001,2.2,0.37,6.0,ud,,True
2026-05-27,2026-05-27T13:26:58.355193+00:00,52560,valencia_46001,3.5,3.68,0.95,l,,True
2026-05-27,2026-05-27T13:26:58.355193+00:00,52561,valencia_46001,3.65,3.84,0.95,l,,True
2026-05-27,2026-05-27T13:26:58.355193+00:00,52562,valencia_46001,3.25,3.42,0.95,l,,True
2026-05-27,2026-05-27T13:26:58.355193+00:00,52563,valencia_46001,3.25,3.42,0.95,l,,True
2026-05-27,2026-05-27T13:26:58.355193+00:00,52566,valencia_46001,12.0,120.0,0.1,l,,True
2026-05-27,2026-05-27T13:26:58.355193+00:00,52567,valencia_46001,9.5,95.0,0.1,l,,True
2026-05-27,2026-05-27T13:26:58.355193+00:00,52571,valencia_46001,9.5,95.0,0.1,l,,True
2026-05-27,2026-05-27T13:26:58.355193+00:00,52588,valencia_46001,2.9,116.0,0.025,l,,True
2026-05-27,2026-05-27T13:26:58.355193+00:00,52589,valencia_46001,5.95,0.2,0.01785,kg,,True
2026-05-27,2026-05-27T13:26:58.355193+00:00,52590,valencia_46001,2.95,98.33,0.03,l,,True
2026-05-27,2026-05-27T13:26:58.355193+00:00,52592,valencia_46001,1.8,7.17,0.251,kg,,True
2026-05-27,2026-05-27T13:26:58.355193+00:00,52594,valencia_46001,1.4,5.0,0.28,kg,,True
2026-05-27,2026-05-27T13:26:58.355193+00:00,52602,valencia_46001,1.1,7.33,0.15,kg,,True
2026-05-27,2026-05-27T13:26:58.355193+00:00,52607,valencia_46001,1.4,35.0,0.04,kg,,True
2026-05-27,2026-05-27T13:26:58.355193+00:00,52614,valencia_46001,1.0,22.22,0.045,kg,,True
2026-05-27,2026-05-27T13:26:58.355193+00:00,52616,valencia_46001,6.95,6.95,0.01,l,,True
2026-05-27,2026-05-27T13:26:58.355193+00:00,52617,valencia_46001,6.95,6.95,0.01,l,,True
2026-05-27,2026-05-27T13:26:58.355193+00:00,52622,valencia_46001,3.8,5.35,0.71,kg,,True
2026-05-27,2026-05-27T13:26:58.355193+00:00,52633,valencia_46001,7.5,1.25,6.0,l,,True
2026-05-27,2026-05-27T13:26:58.355193+00:00,52634,valencia_46001,1.25,1.25,1.0,l,,True
2026-05-27,2026-05-27T13:26:58.355193+00:00,52637,valencia_46001,2.45,2.45,1.0,kg,,True
2026-05-27,2026-05-27T13:26:58.355193+00:00,52639,valencia_46001,4.5,0.75,6.0,l,,True
2026-05-27,2026-05-27T13:26:58.355193+00:00,52640,valencia_46001,0.75,0.75,1.0,l,,True
2026-05-27,2026-05-27T13:26:58.355193+00:00,52645,valencia_46001,8.6,8.6,1.0,ud,,True
2026-05-27,2026-05-27T13:26:58.355193+00:00,52646,valencia_46001,12.7,3.18,1.0,ud,,True
2026-05-27,2026-05-27T13:26:58.355193+00:00,52647,valencia_46001,8.95,8.95,1.0,ud,,True
2026-05-27,2026-05-27T13:26:58.355193+00:00,52648,valencia_46001,8.95,2.24,1.0,ud,,True
2026-05-27,2026-05-27T13:26:58.355193+00:00,52650,valencia_46001,1.8,7.5,0.24,kg,,True
2026-05-27,2026-05-27T13:26:58.355193+00:00,52652,valencia_46001,4.68,1.56,3.0,l,,True
2026-05-27,2026-05-27T13:26:58.355193+00:00,52653,valencia_46001,0.39,1.56,0.25,l,,True
2026-05-27,2026-05-27T13:26:58.355193+00:00,52667,valencia_46001,1.8,12.0,0.15,kg,,True
2026-05-27,2026-05-27T13:26:58.355193+00:00,52668,valencia_46001,2.7,13.5,0.2,kg,,True
2026-05-27,2026-05-27T13:26:58.355193+00:00,52672,valencia_46001,2.7,5.0,0.54,kg,,True
2026-05-27,2026-05-27T13:26:58.355193+00:00,52684,valencia_46001,1.9,4.75,0.4,l,,True
2026-05-27,2026-05-27T13:26:58.355193+00:00,52686,valencia_46001,1.2,12.0,0.1,kg,,True
2026-05-27,2026-05-27T13:26:58.355193+00:00,52693,valencia_46001,1.9,4.75,0.4,l,,True
2026-05-27,2026-05-27T13:26:58.355193+00:00,52694,valencia_46001,1.9,4.75,0.4,l,,True
2026-05-27,2026-05-27T13:26:58.355193+00:00,52695,valencia_46001,1.1,14.67,0.075,l,,True
2026-05-27,2026-05-27T13:26:58.355193+00:00,52710,valencia_46001,0.7,1.75,0.4,kg,,True
2026-05-27,2026-05-27T13:26:58.355193+00:00,52711,valencia_46001,0.7,1.75,0.4,kg,,True
2026-05-27,2026-05-27T13:26:58.355193+00:00,52723,valencia_46001,7.32,3.7,1.98,l,,True
2026-05-27,2026-05-27T13:26:58.355193+00:00,52724,valencia_46001,1.39,4.21,0.33,l,,True
2026-05-27,2026-05-27T13:26:58.355193+00:00,52728,valencia_46001,1.0,4.17,0.24,l,,True
2026-05-27,2026-05-27T13:26:58.355193+00:00,52733,valencia_46001,3.0,2.86,1.05,kg,,True
2026-05-27,2026-05-27T13:26:58.355193+00:00,52734,valencia_46001,1.05,3.0,0.35,kg,,True
2026-05-27,2026-05-27T13:26:58.355193+00:00,52739,valencia_46001,1.85,102.78,0.018,kg,,True
2026-05-27,2026-05-27T13:26:58.355193+00:00,52740,valencia_46001,4.0,4.0,0.014,l,,True
2026-05-27,2026-05-27T13:26:58.355193+00:00,52746,valencia_46001,0.65,12.75,0.051,kg,,True
2026-05-27,2026-05-27T13:26:58.355193+00:00,52749,valencia_46001,1.7,8.95,0.19,kg,,True
2026-05-27,2026-05-27T13:26:58.355193+00:00,52750,valencia_46001,0.9,3.6,0.25,kg,,True
2026-05-27,2026-05-27T13:26:58.355193+00:00,52751,valencia_46001,2.15,5.38,0.4,kg,,True
2026-05-27,2026-05-27T13:26:58.355193+00:00,52752,valencia_46001,1.9,2.92,0.65,kg,,True
2026-05-27,2026-05-27T13:26:58.355193+00:00,52755,valencia_46001,2.5,2.5,0.011,l,,True
2026-05-27,2026-05-27T13:26:58.355193+00:00,52759,valencia_46001,3.2,3.2,1.0,ud,,True
2026-05-27,2026-05-27T13:26:58.355193+00:00,52760,valencia_46001,4.4,22.0,0.2,l,,True
2026-05-27,2026-05-27T13:26:58.355193+00:00,52768,valencia_46001,0.9,0.9,1.0,l,,True
2026-05-27,2026-05-27T13:26:58.355193+00:00,52770,valencia_46001,1.35,4.5,0.3,l,,True
2026-05-27,2026-05-27T13:26:58.355193+00:00,52772,valencia_46001,2.3,5.41,0.425,kg,,True
2026-05-27,2026-05-27T13:26:58.355193+00:00,52774,valencia_46001,3.8,0.19,0.11,kg,,True
2026-05-27,2026-05-27T13:26:58.355193+00:00,52775,valencia_46001,3.35,0.42,0.1856,kg,,True
2026-05-27,2026-05-27T13:26:58.355193+00:00,52776,valencia_46001,5.4,13.5,0.4,kg,,True
2026-05-27,2026-05-27T13:26:58.355193+00:00,52782,valencia_46001,2.03,7.25,0.28,kg,,True
2026-05-27,2026-05-27T13:26:58.355193+00:00,52786,valencia_46001,8.5,11.33,0.75,l,,True
2026-05-27,2026-05-27T13:26:58.355193+00:00,52790,valencia_46001,2.95,2.95,1.0,kg,,True
2026-05-27,2026-05-27T13:26:58.355193+00:00,52795,valencia_46001,1.9,3.17,0.6,kg,,True
2026-05-27,2026-05-27T13:26:58.355193+00:00,52796,valencia_46001,2.4,4.0,0.6,l,,True
2026-05-27,2026-05-27T13:26:58.355193+00:00,52797,valencia_46001,2.2,5.5,0.4,l,,True
2026-05-27,2026-05-27T13:26:58.355193+00:00,52800,valencia_46001,3.45,11.5,0.3,l,,True
2026-05-27,2026-05-27T13:26:58.355193+00:00,52804,valencia_46001,2.3,2.3,1.0,ud,,True
2026-05-27,2026-05-27T13:26:58.355193+00:00,52805,valencia_46001,2.3,2.3,1.0,ud,,True
2026-05-27,2026-05-27T13:26:58.355193+00:00,52810,valencia_46001,4.43,17.7,0.25,kg,,True
2026-05-27,2026-05-27T13:26:58.355193+00:00,52820,valencia_46001,9.0,300.0,0.03,l,,True
2026-05-27,2026-05-27T13:26:58.355193+00:00,52821,valencia_46001,1.4,2.8,0.5,l,,True
2026-05-27,2026-05-27T13:26:58.355193+00:00,52833,valencia_46001,2.2,2.2,1.0,ud,,True
2026-05-27,2026-05-27T13:26:58.355193+00:00,52838,valencia_46001,2.5,2.5,0.011,l,,True
2026-05-27,2026-05-27T13:26:58.355193+00:00,52853,valencia_46001,7.74,3.91,1.98,l,,True
2026-05-27,2026-05-27T13:26:58.355193+00:00,52854,valencia_46001,1.39,4.21,0.33,l,,True
2026-05-27,2026-05-27T13:26:58.355193+00:00,52855,valencia_46001,1.55,3.23,0.48,kg,,True
2026-05-27,2026-05-27T13:26:58.355193+00:00,52856,valencia_46001,1.05,0.02,60.0,ud,,True
2026-05-27,2026-05-27T13:26:58.355193+00:00,52858,valencia_46001,1.75,4.38,0.4,kg,,True
2026-05-27,2026-05-27T13:26:58.355193+00:00,52876,valencia_46001,1.7,11.72,0.145,kg,,True
2026-05-27,2026-05-27T13:26:58.355193+00:00,52879,valencia_46001,16.95,0.3,56.0,ud,,True
2026-05-27,2026-05-27T13:26:58.355193+00:00,52880,valencia_46001,1.5,78.95,0.019,kg,,True
2026-05-27,2026-05-27T13:26:58.355193+00:00,52884,valencia_46001,1.25,7.35,0.17,kg,,True
2026-05-27,2026-05-27T13:26:58.355193+00:00,52889,valencia_46001,1.35,10.8,0.125,kg,,True
2026-05-27,2026-05-27T13:26:58.355193+00:00,52891,valencia_46001,1.3,5.91,0.22,kg,,True
2026-05-27,2026-05-27T13:26:58.355193+00:00,52892,valencia_46001,1.55,5.54,0.28,kg,,True
2026-05-27,2026-05-27T13:26:58.355193+00:00,52896,valencia_46001,2.1,5.0,0.42,kg,,True
2026-05-27,2026-05-27T13:26:58.355193+00:00,52897,valencia_46001,1.3,2.6,0.5,l,,True
2026-05-27,2026-05-27T13:26:58.355193+00:00,52898,valencia_46001,1.8,3.6,0.5,l,,True
2026-05-27,2026-05-27T13:26:58.355193+00:00,52920,valencia_46001,6.5,4.33,1.5,l,,True
2026-05-27,2026-05-27T13:26:58.355193+00:00,52921,valencia_46001,1.15,4.6,0.25,l,,True
2026-05-27,2026-05-27T13:26:58.355193+00:00,52928,valencia_46001,1.85,18.5,0.1,kg,,True
2026-05-27,2026-05-27T13:26:58.355193+00:00,52931,valencia_46001,1.9,4.75,0.4,l,,True
2026-05-27,2026-05-27T13:26:58.355193+00:00,52932,valencia_46001,2.1,10.5,0.2,l,,True
2026-05-27,2026-05-27T13:26:58.355193+00:00,52933,valencia_46001,2.3,9.2,0.25,l,,True
2026-05-27,2026-05-27T13:26:58.355193+00:00,52948,valencia_46001,1.2,1.0,1.2,l,,True
2026-05-27,2026-05-27T13:26:58.355193+00:00,52965,valencia_46001,3.95,0.13,0.024,kg,,True
2026-05-27,2026-05-27T13:26:58.355193+00:00,52966,valencia_46001,1.3,2.6,0.5,l,,True
2026-05-27,2026-05-27T13:26:58.355193+00:00,52967,valencia_46001,2.6,22.41,0.116,kg,,True
2026-05-27,2026-05-27T13:26:58.355193+00:00,52974,valencia_46001,6.0,6.0,0.01,kg,,True
2026-05-27,2026-05-27T13:26:58.355193+00:00,52975,valencia_46001,6.0,6.0,0.01,kg,,True
2026-05-27,2026-05-27T13:26:58.355193+00:00,52976,valencia_46001,6.0,6.0,0.01,kg,,True
2026-05-27,2026-05-27T13:26:58.355193+00:00,52990,valencia_46001,1.9,4.52,0.42,kg,,True
2026-05-27,2026-05-27T13:26:58.355193+00:00,52992,valencia_46001,1.7,6.67,0.255,kg,,True
2026-05-27,2026-05-27T13:26:58.355193+00:00,52996,valencia_46001,2.7,27.0,0.1,l,,True
2026-05-27,2026-05-27T13:26:58.355193+00:00,53007,valencia_46001,2.45,4.38,0.56,kg,,True
2026-05-27,2026-05-27T13:26:58.355193+00:00,53011,valencia_46001,2.6,10.4,0.25,kg,,True
2026-05-27,2026-05-27T13:26:58.355193+00:00,53012,valencia_46001,4.25,12.5,0.34,kg,,True
2026-05-27,2026-05-27T13:26:58.355193+00:00,53015,valencia_46001,1.85,6.73,0.275,kg,,True
2026-05-27,2026-05-27T13:26:58.355193+00:00,53030,valencia_46001,1.7,4.25,0.4,kg,,True
2026-05-27,2026-05-27T13:26:58.355193+00:00,53032,valencia_46001,1.9,5.43,0.35,kg,,True
2026-05-27,2026-05-27T13:26:58.355193+00:00,53041,valencia_46001,2.4,5.22,0.46,kg,,True
2026-05-27,2026-05-27T13:26:58.355193+00:00,53048,valencia_46001,2.1,6.0,0.35,kg,,True
2026-05-27,2026-05-27T13:26:58.355193+00:00,53056,valencia_46001,1.5,3.75,0.4,kg,,True
2026-05-27,2026-05-27T13:26:58.355193+00:00,53059,valencia_46001,2.0,5.0,0.4,kg,,True
2026-05-27,2026-05-27T13:26:58.355193+00:00,53100,valencia_46001,1.95,3.05,0.64,kg,,True
2026-05-27,2026-05-27T13:26:58.355193+00:00,53116,valencia_46001,2.05,8.2,0.25,kg,,True
2026-05-27,2026-05-27T13:26:58.355193+00:00,53122,valencia_46001,2.5,10.0,0.25,kg,,True
2026-05-27,2026-05-27T13:26:58.355193+00:00,53140,valencia_46001,1.85,14.8,0.125,kg,,True
2026-05-27,2026-05-27T13:26:58.355193+00:00,53141,valencia_46001,1.9,2.7,0.704,kg,,True
2026-05-27,2026-05-27T13:26:58.355193+00:00,53143,valencia_46001,2.45,7.0,0.35,kg,,True
2026-05-27,2026-05-27T13:26:58.355193+00:00,53160,valencia_46001,4.4,10.48,0.42,kg,,True
2026-05-27,2026-05-27T13:26:58.355193+00:00,5330,valencia_46001,1.95,1.95,1.0,kg,,True
2026-05-27,2026-05-27T13:26:58.355193+00:00,53444,valencia_46001,3.7,37.0,0.1,kg,,True
2026-05-27,2026-05-27T13:26:58.355193+00:00,53445,valencia_46001,10.8,36.0,0.3,kg,,True
2026-05-27,2026-05-27T13:26:58.355193+00:00,53446,valencia_46001,3.5,43.75,0.08,kg,,True
2026-05-27,2026-05-27T13:26:58.355193+00:00,53500,valencia_46001,2.35,15.67,0.15,kg,,True
2026-05-27,2026-05-27T13:26:58.355193+00:00,5396,valencia_46001,5.94,3.96,1.5,l,,True
2026-05-27,2026-05-27T13:26:58.355193+00:00,5397,valencia_46001,1.03,4.12,0.25,l,,True
2026-05-27,2026-05-27T13:26:58.355193+00:00,5398,valencia_46001,1.5,11.54,0.13,kg,,True
2026-05-27,2026-05-27T13:26:58.355193+00:00,5399,valencia_46001,3.15,4.38,0.72,kg,,True
2026-05-27,2026-05-27T13:26:58.355193+00:00,54053,valencia_46001,6.13,17.5,0.35,kg,,True
2026-05-27,2026-05-27T13:26:58.355193+00:00,54105,valencia_46001,3.05,3.05,0.35,kg,,True
2026-05-27,2026-05-27T13:26:58.355193+00:00,54209,valencia_46001,2.49,8.89,0.28,kg,,True
2026-05-27,2026-05-27T13:26:58.355193+00:00,54210,valencia_46001,2.49,8.89,0.28,kg,,True
2026-05-27,2026-05-27T13:26:58.355193+00:00,5464,valencia_46001,1.45,9.67,0.15,kg,,True
2026-05-27,2026-05-27T13:26:58.355193+00:00,5480,valencia_46001,1.5,2.24,0.67,kg,,True
2026-05-27,2026-05-27T13:26:58.355193+00:00,5500,valencia_46001,2.98,14.9,0.2,kg,,True
2026-05-27,2026-05-27T13:26:58.355193+00:00,5501,valencia_46001,3.1,13.78,0.225,kg,,True
2026-05-27,2026-05-27T13:26:58.355193+00:00,55028,valencia_46001,1.85,1.85,0.2,kg,,True
2026-05-27,2026-05-27T13:26:58.355193+00:00,5507,valencia_46001,5.0,10.0,0.5,kg,,True
2026-05-27,2026-05-27T13:26:58.355193+00:00,55108,valencia_46001,2.5,2.5,0.24,kg,,True
2026-05-27,2026-05-27T13:26:58.355193+00:00,55125,valencia_46001,2.8,2.8,0.28,kg,,True
2026-05-27,2026-05-27T13:26:58.355193+00:00,55135,valencia_46001,2.55,12.75,0.2,kg,,True
2026-05-27,2026-05-27T13:26:58.355193+00:00,5522,valencia_46001,2.24,16.0,0.14,kg,,True
2026-05-27,2026-05-27T13:26:58.355193+00:00,5546,valencia_46001,1.0,0.67,1.5,l,,True
2026-05-27,2026-05-27T13:26:58.355193+00:00,5547,valencia_46001,1.05,43.75,0.024,kg,,True
2026-05-27,2026-05-27T13:26:58.355193+00:00,5548,valencia_46001,5.44,17.0,0.32,kg,,True
2026-05-27,2026-05-27T13:26:58.355193+00:00,5561,valencia_46001,12.0,12.0,1.75,kg,,True
2026-05-27,2026-05-27T13:26:58.355193+00:00,5598,valencia_46001,1.0,40.0,0.025,kg,,True
2026-05-27,2026-05-27T13:26:58.355193+00:00,5599,valencia_46001,0.95,52.78,0.018,kg,,True
2026-05-27,2026-05-27T13:26:58.355193+00:00,56084,valencia_46001,2.4,16.0,0.15,kg,,True
2026-05-27,2026-05-27T13:26:58.355193+00:00,56115,valencia_46001,2.3,4.6,0.5,kg,,True
2026-05-27,2026-05-27T13:26:58.355193+00:00,56169,valencia_46001,2.3,11.5,0.2,kg,,True
2026-05-27,2026-05-27T13:26:58.355193+00:00,56619,valencia_46001,1.9,8.44,0.225,kg,,True
2026-05-27,2026-05-27T13:26:58.355193+00:00,56647,valencia_46001,2.9,6.59,0.44,kg,,True
2026-05-27,2026-05-27T13:26:58.355193+00:00,56652,valencia_46001,2.25,16.07,0.14,kg,,True
2026-05-27,2026-05-27T13:26:58.355193+00:00,56661,valencia_46001,2.25,16.07,0.14,kg,,True
2026-05-27,2026-05-27T13:26:58.355193+00:00,5673,valencia_46001,1.35,1.35,1.0,l,,True
2026-05-27,2026-05-27T13:26:58.355193+00:00,5710,valencia_46001,2.85,14.25,0.2,kg,,True
2026-05-27,2026-05-27T13:26:58.355193+00:00,5774,valencia_46001,15.0,10.0,1.5,kg,,True
2026-05-27,2026-05-27T13:26:58.355193+00:00,58110,valencia_46001,56.0,9.33,6.5,kg,,True
2026-05-27,2026-05-27T13:26:58.355193+00:00,5815,valencia_46001,2.6,7.43,0.35,kg,,True
2026-05-27,2026-05-27T13:26:58.355193+00:00,58154,valencia_46001,75.0,18.75,5.0,kg,,True
2026-05-27,2026-05-27T13:26:58.355193+00:00,58159,valencia_46001,9.5,19.0,0.5,kg,,True
2026-05-27,2026-05-27T13:26:58.355193+00:00,58160,valencia_46001,9.5,19.0,0.5,kg,,True
2026-05-27,2026-05-27T13:26:58.355193+00:00,58166,valencia_46001,23.75,47.5,0.5,kg,,True
2026-05-27,2026-05-27T13:26:58.355193+00:00,58220,valencia_46001,3.6,10.0,0.36,kg,,True
2026-05-27,2026-05-27T13:26:58.355193+00:00,58228,valencia_46001,4.9,49.0,0.1,kg,,True
2026-05-27,2026-05-27T13:26:58.355193+00:00,58230,valencia_46001,6.5,32.5,0.2,kg,,True
2026-05-27,2026-05-27T13:26:58.355193+00:00,58247,valencia_46001,2.65,13.25,0.2,kg,,True
2026-05-27,2026-05-27T13:26:58.355193+00:00,58248,valencia_46001,2.65,13.25,0.2,kg,,True
2026-05-27,2026-05-27T13:26:58.355193+00:00,58274,valencia_46001,3.6,40.0,0.09,kg,,True
2026-05-27,2026-05-27T13:26:58.355193+00:00,58278,valencia_46001,7.11,79.0,0.09,kg,,True
2026-05-27,2026-05-27T13:26:58.355193+00:00,58280,valencia_46001,12.87,143.0,0.09,kg,,True
2026-05-27,2026-05-27T13:26:58.355193+00:00,58286,valencia_46001,368.0,46.0,8.0,kg,,True
2026-05-27,2026-05-27T13:26:58.355193+00:00,58293,valencia_46001,65.0,9.56,7.5,kg,,True
2026-05-27,2026-05-27T13:26:58.355193+00:00,58297,valencia_46001,504.0,56.0,9.0,kg,,True
2026-05-27,2026-05-27T13:26:58.355193+00:00,58298,valencia_46001,15.12,168.0,0.09,kg,,True
2026-05-27,2026-05-27T13:26:58.355193+00:00,58307,valencia_46001,1.16,4.0,0.29,kg,,True
2026-05-27,2026-05-27T13:26:58.355193+00:00,5841,valencia_46001,1.14,2.3,0.495,kg,,True
2026-05-27,2026-05-27T13:26:58.355193+00:00,5850,valencia_46001,1.85,7.71,0.24,kg,,True
2026-05-27,2026-05-27T13:26:58.355193+00:00,58711,valencia_46001,3.85,17.5,0.22,kg,,True
2026-05-27,2026-05-27T13:26:58.355193+00:00,59018,valencia_46001,2.65,14.72,0.18,kg,,True
2026-05-27,2026-05-27T13:26:58.355193+00:00,59028,valencia_46001,3.7,30.83,0.12,kg,,True
2026-05-27,2026-05-27T13:26:58.355193+00:00,59032,valencia_46001,2.8,5.83,0.48,kg,,True
2026-05-27,2026-05-27T13:26:58.355193+00:00,59071,valencia_46001,2.65,13.25,0.2,kg,,True
2026-05-27,2026-05-27T13:26:58.355193+00:00,59077,valencia_46001,1.85,18.5,0.1,kg,,True
2026-05-27,2026-05-27T13:26:58.355193+00:00,59078,valencia_46001,1.1,22.0,0.05,kg,,True
2026-05-27,2026-05-27T13:26:58.355193+00:00,59080,valencia_46001,1.85,18.5,0.1,kg,,True
2026-05-27,2026-05-27T13:26:58.355193+00:00,59085,valencia_46001,1.95,8.13,0.24,kg,,True
2026-05-27,2026-05-27T13:26:58.355193+00:00,59086,valencia_46001,1.85,7.71,0.24,kg,,True
2026-05-27,2026-05-27T13:26:58.355193+00:00,59090,valencia_46001,1.85,7.71,0.24,kg,,True
2026-05-27,2026-05-27T13:26:58.355193+00:00,59101,valencia_46001,3.95,39.5,0.1,kg,,True
2026-05-27,2026-05-27T13:26:58.355193+00:00,59124,valencia_46001,3.95,16.46,0.24,kg,,True
2026-05-27,2026-05-27T13:26:58.355193+00:00,59143,valencia_46001,2.25,11.25,0.2,kg,,True
2026-05-27,2026-05-27T13:26:58.355193+00:00,59151,valencia_46001,2.45,20.42,0.12,kg,,True
2026-05-27,2026-05-27T13:26:58.355193+00:00,59154,valencia_46001,2.8,11.2,0.25,kg,,True
2026-05-27,2026-05-27T13:26:58.355193+00:00,59158,valencia_46001,2.8,18.67,0.15,kg,,True
2026-05-27,2026-05-27T13:26:58.355193+00:00,59159,valencia_46001,2.8,18.67,0.15,kg,,True
2026-05-27,2026-05-27T13:26:58.355193+00:00,59160,valencia_46001,2.89,9.65,0.3,kg,,True
2026-05-27,2026-05-27T13:26:58.355193+00:00,59164,valencia_46001,2.25,11.25,0.2,kg,,True
2026-05-27,2026-05-27T13:26:58.355193+00:00,59165,valencia_46001,2.8,22.4,0.125,kg,,True
2026-05-27,2026-05-27T13:26:58.355193+00:00,59216,valencia_46001,2.1,10.5,0.2,kg,,True
2026-05-27,2026-05-27T13:26:58.355193+00:00,59218,valencia_46001,2.85,5.7,0.5,kg,,True
2026-05-27,2026-05-27T13:26:58.355193+00:00,59223,valencia_46001,5.95,2.98,2.0,kg,,True
2026-05-27,2026-05-27T13:26:58.355193+00:00,59256,valencia_46001,2.25,11.25,0.2,kg,,True
2026-05-27,2026-05-27T13:26:58.355193+00:00,59270,valencia_46001,2.65,13.27,0.2,kg,,True
2026-05-27,2026-05-27T13:26:58.355193+00:00,5928,valencia_46001,3.15,4.5,0.7,kg,,True
2026-05-27,2026-05-27T13:26:58.355193+00:00,59280,valencia_46001,4.1,17.08,0.24,kg,,True
2026-05-27,2026-05-27T13:26:58.355193+00:00,59283,valencia_46001,2.45,12.25,0.2,kg,,True
2026-05-27,2026-05-27T13:26:58.355193+00:00,59332,valencia_46001,2.25,4.5,0.5,kg,,True
2026-05-27,2026-05-27T13:26:58.355193+00:00,59333,valencia_46001,1.3,5.2,0.25,kg,,True
2026-05-27,2026-05-27T13:26:58.355193+00:00,59334,valencia_46001,1.25,5.0,0.25,kg,,True
2026-05-27,2026-05-27T13:26:58.355193+00:00,59335,valencia_46001,1.25,5.0,0.25,kg,,True
2026-05-27,2026-05-27T13:26:58.355193+00:00,59364,valencia_46001,1.7,11.33,0.15,kg,,True
2026-05-27,2026-05-27T13:26:58.355193+00:00,60009,valencia_46001,2.8,14.0,0.2,kg,,True
2026-05-27,2026-05-27T13:26:58.355193+00:00,60015,valencia_46001,2.8,14.0,0.2,kg,,True
2026-05-27,2026-05-27T13:26:58.355193+00:00,60046,valencia_46001,3.5,23.33,0.15,l,,True
2026-05-27,2026-05-27T13:26:58.355193+00:00,60089,valencia_46001,8.5,6.54,1.3,kg,,True
2026-05-27,2026-05-27T13:26:58.355193+00:00,60091,valencia_46001,8.5,6.54,1.3,kg,,True
2026-05-27,2026-05-27T13:26:58.355193+00:00,60093,valencia_46001,2.1,9.72,0.215,kg,,True
2026-05-27,2026-05-27T13:26:58.355193+00:00,60095,valencia_46001,2.1,9.72,0.215,kg,,True
2026-05-27,2026-05-27T13:26:58.355193+00:00,60127,valencia_46001,4.75,7.31,0.65,kg,,True
2026-05-27,2026-05-27T13:26:58.355193+00:00,60128,valencia_46001,4.75,7.31,0.65,kg,,True
2026-05-27,2026-05-27T13:26:58.355193+00:00,60212,valencia_46001,3.5,3.5,0.29,kg,,True
2026-05-27,2026-05-27T13:26:58.355193+00:00,60226,valencia_46001,6.5,6.5,0.58,kg,,True
2026-05-27,2026-05-27T13:26:58.355193+00:00,60235,valencia_46001,1.3,4.33,0.3,kg,,True
2026-05-27,2026-05-27T13:26:58.355193+00:00,60236,valencia_46001,1.8,3.6,0.5,kg,,True
2026-05-27,2026-05-27T13:26:58.355193+00:00,60243,valencia_46001,2.5,11.11,0.225,kg,,True
2026-05-27,2026-05-27T13:26:58.355193+00:00,60244,valencia_46001,2.3,11.5,0.2,kg,,True
2026-05-27,2026-05-27T13:26:58.355193+00:00,60294,valencia_46001,1.85,0.02,80.0,m,,True
2026-05-27,2026-05-27T13:26:58.355193+00:00,60306,valencia_46001,4.9,9.8,0.5,kg,,True
2026-05-27,2026-05-27T13:26:58.355193+00:00,60307,valencia_46001,1.5,3.0,0.5,kg,,True
2026-05-27,2026-05-27T13:26:58.355193+00:00,60308,valencia_46001,1.0,2.0,0.5,l,,True
2026-05-27,2026-05-27T13:26:58.355193+00:00,60320,valencia_46001,2.3,18.4,0.125,kg,,True
2026-05-27,2026-05-27T13:26:58.355193+00:00,60323,valencia_46001,0.85,8.5,0.1,kg,,True
2026-05-27,2026-05-27T13:26:58.355193+00:00,60329,valencia_46001,2.0,10.0,0.2,kg,,True
2026-05-27,2026-05-27T13:26:58.355193+00:00,60345,valencia_46001,2.45,5.44,0.45,kg,,True
2026-05-27,2026-05-27T13:26:58.355193+00:00,60346,valencia_46001,2.45,5.44,0.45,kg,,True
2026-05-27,2026-05-27T13:26:58.355193+00:00,60347,valencia_46001,2.1,5.68,0.37,kg,,True
2026-05-27,2026-05-27T13:26:58.355193+00:00,60348,valencia_46001,3.45,3.45,1.0,kg,,True
2026-05-27,2026-05-27T13:26:58.355193+00:00,60354,valencia_46001,1.4,8.48,0.165,kg,,True
2026-05-27,2026-05-27T13:26:58.355193+00:00,60369,valencia_46001,0.73,2.6,0.28,kg,,True
2026-05-27,2026-05-27T13:26:58.355193+00:00,60384,valencia_46001,1.6,5.33,0.3,kg,,True
2026-05-27,2026-05-27T13:26:58.355193+00:00,6040,valencia_46001,3.21,6.0,0.535,kg,,True
2026-05-27,2026-05-27T13:26:58.355193+00:00,6041,valencia_46001,3.99,7.25,0.55,kg,,True
2026-05-27,2026-05-27T13:26:58.355193+00:00,6042,valencia_46001,2.03,7.5,0.27,kg,,True
2026-05-27,2026-05-27T13:26:58.355193+00:00,6043,valencia_46001,3.3,5.89,0.56,kg,,True
2026-05-27,2026-05-27T13:26:58.355193+00:00,6044,valencia_46001,3.62,5.65,0.64,kg,,True
2026-05-27,2026-05-27T13:26:58.355193+00:00,6045,valencia_46001,3.34,8.8,0.38,kg,,True
2026-05-27,2026-05-27T13:26:58.355193+00:00,6047,valencia_46001,2.59,8.65,0.3,kg,,True
2026-05-27,2026-05-27T13:26:58.355193+00:00,6048,valencia_46001,2.57,7.15,0.36,kg,,True
2026-05-27,2026-05-27T13:26:58.355193+00:00,60515,valencia_46001,2.2,0.02,1.0,ud,,True
2026-05-27,2026-05-27T13:26:58.355193+00:00,60517,valencia_46001,4.5,4.5,1.0,ud,,True
2026-05-27,2026-05-27T13:26:58.355193+00:00,60520,valencia_46001,2.5,2.5,1.0,ud,,True
2026-05-27,2026-05-27T13:26:58.355193+00:00,60532,valencia_46001,4.0,20.0,0.2,l,,True
2026-05-27,2026-05-27T13:26:58.355193+00:00,60550,valencia_46001,2.55,5.1,0.5,kg,,True
2026-05-27,2026-05-27T13:26:58.355193+00:00,60554,valencia_46001,1.6,2.13,0.75,l,,True
2026-05-27,2026-05-27T13:26:58.355193+00:00,60555,valencia_46001,1.6,2.13,0.75,l,,True
2026-05-27,2026-05-27T13:26:58.355193+00:00,60557,valencia_46001,1.6,2.13,0.75,l,,True
2026-05-27,2026-05-27T13:26:58.355193+00:00,60558,valencia_46001,1.6,2.13,0.75,l,,True
2026-05-27,2026-05-27T13:26:58.355193+00:00,60560,valencia_46001,0.9,0.06,15.0,ud,,True
2026-05-27,2026-05-27T13:26:58.355193+00:00,60561,valencia_46001,1.0,0.1,1.0,ud,,True
2026-05-27,2026-05-27T13:26:58.355193+00:00,60573,valencia_46001,1.3,17.33,0.075,kg,,True
2026-05-27,2026-05-27T13:26:58.355193+00:00,60581,valencia_46001,0.58,2.32,0.25,l,,True
2026-05-27,2026-05-27T13:26:58.355193+00:00,60586,valencia_46001,1.25,5.0,0.25,kg,,True
2026-05-27,2026-05-27T13:26:58.355193+00:00,60587,valencia_46001,0.65,7.65,0.085,kg,,True
2026-05-27,2026-05-27T13:26:58.355193+00:00,60588,valencia_46001,1.25,1.25,1.0,l,,True
2026-05-27,2026-05-27T13:26:58.355193+00:00,60595,valencia_46001,0.65,15.12,0.043,kg,,True
2026-05-27,2026-05-27T13:26:58.355193+00:00,60598,valencia_46001,10.0,100.0,0.1,l,,True
2026-05-27,2026-05-27T13:26:58.355193+00:00,60600,valencia_46001,8.28,2.09,3.96,l,,True
2026-05-27,2026-05-27T13:26:58.355193+00:00,60607,valencia_46001,7.5,30.0,0.25,l,,True
2026-05-27,2026-05-27T13:26:58.355193+00:00,60608,valencia_46001,7.5,30.0,0.25,l,,True
2026-05-27,2026-05-27T13:26:58.355193+00:00,60609,valencia_46001,6.5,26.0,0.25,l,,True
2026-05-27,2026-05-27T13:26:58.355193+00:00,60620,valencia_46001,0.9,0.9,1.0,ud,,True
2026-05-27,2026-05-27T13:26:58.355193+00:00,60621,valencia_46001,3.5,12.5,0.28,kg,,True
2026-05-27,2026-05-27T13:26:58.355193+00:00,60622,valencia_46001,2.45,9.8,0.25,kg,,True
2026-05-27,2026-05-27T13:26:58.355193+00:00,6063,valencia_46001,11.0,13.25,0.83,kg,,True
2026-05-27,2026-05-27T13:26:58.355193+00:00,60633,valencia_46001,8.85,17.7,0.5,kg,,True
2026-05-27,2026-05-27T13:26:58.355193+00:00,60640,valencia_46001,1.6,35.56,0.045,kg,,True
2026-05-27,2026-05-27T13:26:58.355193+00:00,60644,valencia_46001,2.5,10.87,0.23,kg,,True
2026-05-27,2026-05-27T13:26:58.355193+00:00,60651,valencia_46001,1.45,36.25,0.04,kg,,True
2026-05-27,2026-05-27T13:26:58.355193+00:00,60652,valencia_46001,3.5,9.46,0.37,kg,,True
2026-05-27,2026-05-27T13:26:58.355193+00:00,60655,valencia_46001,7.0,70.0,0.1,l,,True
2026-05-27,2026-05-27T13:26:58.355193+00:00,60657,valencia_46001,7.0,70.0,0.1,l,,True
2026-05-27,2026-05-27T13:26:58.355193+00:00,60658,valencia_46001,1.7,11.33,0.15,l,,True
2026-05-27,2026-05-27T13:26:58.355193+00:00,60659,valencia_46001,8.0,80.0,0.1,l,,True
2026-05-27,2026-05-27T13:26:58.355193+00:00,60660,valencia_46001,8.0,80.0,0.1,l,,True
2026-05-27,2026-05-27T13:26:58.355193+00:00,60661,valencia_46001,8.0,80.0,0.1,l,,True
2026-05-27,2026-05-27T13:26:58.355193+00:00,60662,valencia_46001,8.0,80.0,0.1,l,,True
2026-05-27,2026-05-27T13:26:58.355193+00:00,60663,valencia_46001,8.0,80.0,0.1,l,,True
2026-05-27,2026-05-27T13:26:58.355193+00:00,60664,valencia_46001,7.0,70.0,0.1,l,,True
2026-05-27,2026-05-27T13:26:58.355193+00:00,60665,valencia_46001,8.0,80.0,0.1,l,,True
2026-05-27,2026-05-27T13:26:58.355193+00:00,60666,valencia_46001,8.0,80.0,0.1,l,,True
2026-05-27,2026-05-27T13:26:58.355193+00:00,60667,valencia_46001,7.0,70.0,0.1,l,,True
2026-05-27,2026-05-27T13:26:58.355193+00:00,60668,valencia_46001,7.0,70.0,0.1,l,,True
2026-05-27,2026-05-27T13:26:58.355193+00:00,60669,valencia_46001,8.0,80.0,0.1,l,,True
2026-05-27,2026-05-27T13:26:58.355193+00:00,60670,valencia_46001,0.9,18.0,0.05,l,,True
2026-05-27,2026-05-27T13:26:58.355193+00:00,60671,valencia_46001,0.75,25.0,0.03,kg,,True
2026-05-27,2026-05-27T13:26:58.355193+00:00,60672,valencia_46001,1.05,35.0,0.03,kg,,True
2026-05-27,2026-05-27T13:26:58.355193+00:00,60680,valencia_46001,3.0,6.0,0.5,l,,True
2026-05-27,2026-05-27T13:26:58.355193+00:00,60683,valencia_46001,3.35,6.7,0.5,l,,True
2026-05-27,2026-05-27T13:26:58.355193+00:00,60684,valencia_46001,3.35,6.7,0.5,l,,True
2026-05-27,2026-05-27T13:26:58.355193+00:00,60685,valencia_46001,2.9,6.59,0.44,kg,,True
2026-05-27,2026-05-27T13:26:58.355193+00:00,60690,valencia_46001,3.9,7.22,0.54,l,,True
2026-05-27,2026-05-27T13:26:58.355193+00:00,60698,valencia_46001,2.3,18.4,0.125,kg,,True
2026-05-27,2026-05-27T13:26:58.355193+00:00,60699,valencia_46001,2.3,18.4,0.125,kg,,True
2026-05-27,2026-05-27T13:26:58.355193+00:00,60710,valencia_46001,2.15,10.75,0.2,kg,,True
2026-05-27,2026-05-27T13:26:58.355193+00:00,60722,valencia_46001,1.75,17.5,0.1,kg,,True
2026-05-27,2026-05-27T13:26:58.355193+00:00,60748,valencia_46001,1.0,0.67,1.5,l,,True
2026-05-27,2026-05-27T13:26:58.355193+00:00,60790,valencia_46001,1.8,7.2,0.25,l,,True
2026-05-27,2026-05-27T13:26:58.355193+00:00,6082,valencia_46001,13.8,9.86,1.4,kg,,True
2026-05-27,2026-05-27T13:26:58.355193+00:00,60846,valencia_46001,2.0,3.64,0.55,kg,,True
2026-05-27,2026-05-27T13:26:58.355193+00:00,60869,valencia_46001,3.25,46.43,0.07,kg,,True
2026-05-27,2026-05-27T13:26:58.355193+00:00,60873,valencia_46001,1.35,18.24,0.074,kg,,True
2026-05-27,2026-05-27T13:26:58.355193+00:00,60874,valencia_46001,1.8,4.0,0.45,kg,,True
2026-05-27,2026-05-27T13:26:58.355193+00:00,60888,valencia_46001,12.0,120.0,0.1,l,,True
2026-05-27,2026-05-27T13:26:58.355193+00:00,60902,valencia_46001,7.5,7.5,1.0,ud,,True
2026-05-27,2026-05-27T13:26:58.355193+00:00,60905,valencia_46001,12.0,120.0,0.1,l,,True
2026-05-27,2026-05-27T13:26:58.355193+00:00,60918,valencia_46001,1.95,2.32,0.84,kg,,True
2026-05-27,2026-05-27T13:26:58.355193+00:00,60926,valencia_46001,1.6,2.13,0.75,l,,True
2026-05-27,2026-05-27T13:26:58.355193+00:00,60929,valencia_46001,4.5,4.5,0.004,kg,,True
2026-05-27,2026-05-27T13:26:58.355193+00:00,60933,valencia_46001,4.5,4.5,0.004,kg,,True
2026-05-27,2026-05-27T13:26:58.355193+00:00,60954,valencia_46001,2.3,6.57,0.35,kg,,True
2026-05-27,2026-05-27T13:26:58.355193+00:00,60955,valencia_46001,2.0,2.0,1.0,kg,,True
2026-05-27,2026-05-27T13:26:58.355193+00:00,60964,valencia_46001,1.6,21.33,0.075,kg,,True
2026-05-27,2026-05-27T13:26:58.355193+00:00,60976,valencia_46001,0.69,2.76,0.25,l,,True
2026-05-27,2026-05-27T13:26:58.355193+00:00,60980,valencia_46001,0.72,2.18,0.33,l,,True
2026-05-27,2026-05-27T13:26:58.355193+00:00,60988,valencia_46001,2.35,3.92,0.6,l,,True
2026-05-27,2026-05-27T13:26:58.355193+00:00,61006,valencia_46001,1.8,1.8,1.0,kg,,True
2026-05-27,2026-05-27T13:26:58.355193+00:00,61025,valencia_46001,1.61,3.58,0.45,kg,,True
2026-05-27,2026-05-27T13:26:58.355193+00:00,61034,valencia_46001,1.65,4.13,0.4,kg,,True
2026-05-27,2026-05-27T13:26:58.355193+00:00,6106,valencia_46001,1.65,6.6,0.25,kg,,True
2026-05-27,2026-05-27T13:26:58.355193+00:00,61065,valencia_46001,1.55,2.58,0.6,kg,,True
2026-05-27,2026-05-27T13:26:58.355193+00:00,61089,valencia_46001,1.9,6.33,0.3,kg,,True
2026-05-27,2026-05-27T13:26:58.355193+00:00,61092,valencia_46001,1.9,6.33,0.3,kg,,True
2026-05-27,2026-05-27T13:26:58.355193+00:00,61093,valencia_46001,2.15,7.17,0.3,kg,,True
2026-05-27,2026-05-27T13:26:58.355193+00:00,61101,valencia_46001,1.1,1.1,1.0,kg,,True
2026-05-27,2026-05-27T13:26:58.355193+00:00,61125,valencia_46001,0.95,2.11,0.45,kg,,True
2026-05-27,2026-05-27T13:26:58.355193+00:00,61200,valencia_46001,1.05,3.5,0.3,kg,,True
2026-05-27,2026-05-27T13:26:58.355193+00:00,61205,valencia_46001,3.05,10.17,0.3,kg,,True
2026-05-27,2026-05-27T13:26:58.355193+00:00,61215,valencia_46001,1.5,1.5,1.0,kg,,True
2026-05-27,2026-05-27T13:26:58.355193+00:00,61231,valencia_46001,1.8,1.8,1.0,kg,,True
2026-05-27,2026-05-27T13:26:58.355193+00:00,61233,valencia_46001,1.19,2.64,0.45,kg,,True
2026-05-27,2026-05-27T13:26:58.355193+00:00,61238,valencia_46001,2.55,8.5,0.3,kg,,True
2026-05-27,2026-05-27T13:26:58.355193+00:00,61248,valencia_46001,1.7,3.78,0.45,kg,,True
2026-05-27,2026-05-27T13:26:58.355193+00:00,61251,valencia_46001,0.95,6.33,0.15,kg,,True
2026-05-27,2026-05-27T13:26:58.355193+00:00,61252,valencia_46001,1.74,3.87,0.45,kg,,True
2026-05-27,2026-05-27T13:26:58.355193+00:00,61261,valencia_46001,1.8,1.8,1.0,kg,,True
2026-05-27,2026-05-27T13:26:58.355193+00:00,61270,valencia_46001,1.55,3.44,0.45,kg,,True
2026-05-27,2026-05-27T13:26:58.355193+00:00,61272,valencia_46001,1.36,3.02,0.45,kg,,True
2026-05-27,2026-05-27T13:26:58.355193+00:00,61279,valencia_46001,0.9,2.0,0.45,kg,,True
2026-05-27,2026-05-27T13:26:58.355193+00:00,61282,valencia_46001,1.3,1.3,1.0,kg,,True
2026-05-27,2026-05-27T13:26:58.355193+00:00,61283,valencia_46001,1.3,1.3,1.0,kg,,True
2026-05-27,2026-05-27T13:26:58.355193+00:00,61285,valencia_46001,2.92,9.73,0.3,kg,,True
2026-05-27,2026-05-27T13:26:58.355193+00:00,61288,valencia_46001,2.05,6.83,0.3,kg,,True
2026-05-27,2026-05-27T13:26:58.355193+00:00,61289,valencia_46001,1.24,3.1,0.4,kg,,True
2026-05-27,2026-05-27T13:26:58.355193+00:00,61300,valencia_46001,2.7,6.75,0.4,kg,,True
2026-05-27,2026-05-27T13:26:58.355193+00:00,61302,valencia_46001,1.9,1.9,1.0,kg,,True
2026-05-27,2026-05-27T13:26:58.355193+00:00,61354,valencia_46001,3.0,5.0,0.6,kg,,True
2026-05-27,2026-05-27T13:26:58.355193+00:00,61362,valencia_46001,2.4,8.0,0.3,kg,,True
2026-05-27,2026-05-27T13:26:58.355193+00:00,61368,valencia_46001,2.25,5.0,0.45,kg,,True
2026-05-27,2026-05-27T13:26:58.355193+00:00,61371,valencia_46001,2.0,10.81,0.185,kg,,True
2026-05-27,2026-05-27T13:26:58.355193+00:00,61405,valencia_46001,3.0,1.5,2.0,kg,,True
2026-05-27,2026-05-27T13:26:58.355193+00:00,61416,valencia_46001,1.7,2.27,0.75,kg,,True
2026-05-27,2026-05-27T13:26:58.355193+00:00,6142,valencia_46001,1.9,7.6,0.25,kg,,True
2026-05-27,2026-05-27T13:26:58.355193+00:00,61421,valencia_46001,1.93,1.93,1.0,kg,,True
2026-05-27,2026-05-27T13:26:58.355193+00:00,6143,valencia_46001,1.9,7.6,0.25,kg,,True
2026-05-27,2026-05-27T13:26:58.355193+00:00,6145,valencia_46001,1.9,7.6,0.25,kg,,True
2026-05-27,2026-05-27T13:26:58.355193+00:00,6149,valencia_46001,2.6,10.4,0.25,kg,,True
2026-05-27,2026-05-27T13:26:58.355193+00:00,6152,valencia_46001,2.1,8.4,0.25,kg,,True
2026-05-27,2026-05-27T13:26:58.355193+00:00,6153,valencia_46001,1.2,4.8,0.25,kg,,True
2026-05-27,2026-05-27T13:26:58.355193+00:00,6175,valencia_46001,1.0,2.0,0.5,kg,,True
2026-05-27,2026-05-27T13:26:58.355193+00:00,62012,valencia_46001,5.45,9.08,,kg,,True
2026-05-27,2026-05-27T13:26:58.355193+00:00,62048,valencia_46001,4.25,6.2,,kg,,True
2026-05-27,2026-05-27T13:26:58.355193+00:00,62049,valencia_46001,8.0,20.0,,kg,,True
2026-05-27,2026-05-27T13:26:58.355193+00:00,62050,valencia_46001,9.41,24.5,0.384,kg,,True
2026-05-27,2026-05-27T13:26:58.355193+00:00,62103,valencia_46001,4.9,9.8,,kg,,True
2026-05-27,2026-05-27T13:26:58.355193+00:00,62145,valencia_46001,12.95,14.39,,kg,,True
2026-05-27,2026-05-27T13:26:58.355193+00:00,62176,valencia_46001,5.25,5.25,,kg,,True
2026-05-27,2026-05-27T13:26:58.355193+00:00,62179,valencia_46001,11.3,11.65,,kg,,True
2026-05-27,2026-05-27T13:26:58.355193+00:00,62191,valencia_46001,4.75,5.28,,kg,,True
2026-05-27,2026-05-27T13:26:58.355193+00:00,62200,valencia_46001,7.95,19.88,0.4,kg,,True
2026-05-27,2026-05-27T13:26:58.355193+00:00,62228,valencia_46001,5.6,9.33,,kg,,True
2026-05-27,2026-05-27T13:26:58.355193+00:00,62303,valencia_46001,3.95,11.29,0.35,kg,,True
2026-05-27,2026-05-27T13:26:58.355193+00:00,62320,valencia_46001,11.68,16.33,0.715,kg,,True
2026-05-27,2026-05-27T13:26:58.355193+00:00,62322,valencia_46001,9.38,27.6,0.34,kg,,True
2026-05-27,2026-05-27T13:26:58.355193+00:00,6238,valencia_46001,0.8,1.6,0.5,kg,,True
2026-05-27,2026-05-27T13:26:58.355193+00:00,62380,valencia_46001,16.5,33.0,,kg,,True
2026-05-27,2026-05-27T13:26:58.355193+00:00,62396,valencia_46001,2.5,9.09,,kg,,True
2026-05-27,2026-05-27T13:26:58.355193+00:00,62401,valencia_46001,3.25,7.22,0.45,kg,,True
2026-05-27,2026-05-27T13:26:58.355193+00:00,62403,valencia_46001,2.5,4.17,0.6,kg,,True
2026-05-27,2026-05-27T13:26:58.355193+00:00,6244,valencia_46001,0.8,1.6,0.5,kg,,True
2026-05-27,2026-05-27T13:26:58.355193+00:00,6245,valencia_46001,1.2,1.2,1.0,kg,,True
2026-05-27,2026-05-27T13:26:58.355193+00:00,6246,valencia_46001,0.8,1.6,0.5,kg,,True
2026-05-27,2026-05-27T13:26:58.355193+00:00,6250,valencia_46001,1.2,1.2,1.0,kg,,True
2026-05-27,2026-05-27T13:26:58.355193+00:00,62501,valencia_46001,2.75,6.11,0.45,kg,,True
2026-05-27,2026-05-27T13:26:58.355193+00:00,62502,valencia_46001,2.0,4.35,0.46,kg,,True
2026-05-27,2026-05-27T13:26:58.355193+00:00,62503,valencia_46001,2.0,8.0,0.25,kg,,True
2026-05-27,2026-05-27T13:26:58.355193+00:00,6253,valencia_46001,0.8,1.6,0.5,kg,,True
2026-05-27,2026-05-27T13:26:58.355193+00:00,6256,valencia_46001,0.8,1.6,0.5,kg,,True
2026-05-27,2026-05-27T13:26:58.355193+00:00,6258,valencia_46001,0.8,1.6,0.5,kg,,True
2026-05-27,2026-05-27T13:26:58.355193+00:00,6260,valencia_46001,0.8,1.6,0.5,kg,,True
2026-05-27,2026-05-27T13:26:58.355193+00:00,6261,valencia_46001,0.8,1.6,0.5,kg,,True
2026-05-27,2026-05-27T13:26:58.355193+00:00,62704,valencia_46001,18.0,36.0,0.5,kg,,True
2026-05-27,2026-05-27T13:26:58.355193+00:00,6277,valencia_46001,0.8,1.6,0.5,kg,,True
2026-05-27,2026-05-27T13:26:58.355193+00:00,6300,valencia_46001,1.45,2.9,0.5,kg,,True
2026-05-27,2026-05-27T13:26:58.355193+00:00,63007,valencia_46001,3.4,8.5,0.4,kg,,True
2026-05-27,2026-05-27T13:26:58.355193+00:00,6302,valencia_46001,1.45,2.9,0.5,kg,,True
2026-05-27,2026-05-27T13:26:58.355193+00:00,6305,valencia_46001,0.9,1.8,0.5,kg,,True
2026-05-27,2026-05-27T13:26:58.355193+00:00,63101,valencia_46001,5.15,8.58,0.6,kg,,True
2026-05-27,2026-05-27T13:26:58.355193+00:00,63114,valencia_46001,3.75,9.38,0.4,kg,,True
2026-05-27,2026-05-27T13:26:58.355193+00:00,63140,valencia_46001,4.0,7.84,0.51,kg,,True
2026-05-27,2026-05-27T13:26:58.355193+00:00,63144,valencia_46001,3.25,10.83,0.3,kg,,True
2026-05-27,2026-05-27T13:26:58.355193+00:00,63151,valencia_46001,2.75,5.5,0.5,kg,,True
2026-05-27,2026-05-27T13:26:58.355193+00:00,63159,valencia_46001,3.6,7.2,0.5,kg,,True
2026-05-27,2026-05-27T13:26:58.355193+00:00,63161,valencia_46001,4.15,8.3,0.5,kg,,True
2026-05-27,2026-05-27T13:26:58.355193+00:00,63163,valencia_46001,5.25,10.5,0.5,kg,,True
2026-05-27,2026-05-27T13:26:58.355193+00:00,63170,valencia_46001,4.25,10.63,0.4,kg,,True
2026-05-27,2026-05-27T13:26:58.355193+00:00,6321,valencia_46001,1.45,2.9,0.5,kg,,True
2026-05-27,2026-05-27T13:26:58.355193+00:00,63238,valencia_46001,3.3,5.5,0.6,kg,,True
2026-05-27,2026-05-27T13:26:58.355193+00:00,6326,valencia_46001,0.8,1.6,0.5,kg,,True
2026-05-27,2026-05-27T13:26:58.355193+00:00,6331,valencia_46001,0.8,1.6,0.5,kg,,True
2026-05-27,2026-05-27T13:26:58.355193+00:00,63321,valencia_46001,1.45,4.14,0.35,kg,,True
2026-05-27,2026-05-27T13:26:58.355193+00:00,63322,valencia_46001,3.7,7.4,0.5,kg,,True
2026-05-27,2026-05-27T13:26:58.355193+00:00,63323,valencia_46001,2.7,5.4,0.5,kg,,True
2026-05-27,2026-05-27T13:26:58.355193+00:00,63339,valencia_46001,2.5,6.25,0.4,kg,,True
2026-05-27,2026-05-27T13:26:58.355193+00:00,63340,valencia_46001,2.5,6.41,0.39,kg,,True
2026-05-27,2026-05-27T13:26:58.355193+00:00,63400,valencia_46001,1.5,3.0,0.5,kg,,True
2026-05-27,2026-05-27T13:26:58.355193+00:00,63407,valencia_46001,2.0,4.0,0.5,kg,,True
2026-05-27,2026-05-27T13:26:58.355193+00:00,63432,valencia_46001,5.5,11.0,,kg,,True
2026-05-27,2026-05-27T13:26:58.355193+00:00,63435,valencia_46001,2.1,5.25,0.4,kg,,True
2026-05-27,2026-05-27T13:26:58.355193+00:00,6344,valencia_46001,1.45,1.45,1.0,kg,,True
2026-05-27,2026-05-27T13:26:58.355193+00:00,63440,valencia_46001,1.25,7.81,0.16,kg,,True
2026-05-27,2026-05-27T13:26:58.355193+00:00,63451,valencia_46001,2.4,4.62,0.52,kg,,True
2026-05-27,2026-05-27T13:26:58.355193+00:00,63464,valencia_46001,2.2,4.78,0.46,kg,,True
2026-05-27,2026-05-27T13:26:58.355193+00:00,63474,valencia_46001,2.85,5.48,0.52,kg,,True
2026-05-27,2026-05-27T13:26:58.355193+00:00,63476,valencia_46001,2.4,5.22,0.46,kg,,True
2026-05-27,2026-05-27T13:26:58.355193+00:00,63477,valencia_46001,2.5,4.81,0.52,kg,,True
2026-05-27,2026-05-27T13:26:58.355193+00:00,63478,valencia_46001,1.55,5.17,0.3,kg,,True
2026-05-27,2026-05-27T13:26:58.355193+00:00,63501,valencia_46001,2.6,6.67,0.39,kg,,True
2026-05-27,2026-05-27T13:26:58.355193+00:00,63503,valencia_46001,2.9,6.74,0.43,kg,,True
2026-05-27,2026-05-27T13:26:58.355193+00:00,63514,valencia_46001,3.2,7.62,0.42,kg,,True
2026-05-27,2026-05-27T13:26:58.355193+00:00,63528,valencia_46001,2.45,6.13,0.4,kg,,True
2026-05-27,2026-05-27T13:26:58.355193+00:00,63529,valencia_46001,2.9,6.74,0.43,kg,,True
2026-05-27,2026-05-27T13:26:58.355193+00:00,63551,valencia_46001,2.9,7.25,0.4,kg,,True
2026-05-27,2026-05-27T13:26:58.355193+00:00,63556,valencia_46001,2.9,7.07,0.41,kg,,True
2026-05-27,2026-05-27T13:26:58.355193+00:00,6357,valencia_46001,1.4,2.8,0.5,kg,,True
2026-05-27,2026-05-27T13:26:58.355193+00:00,6358,valencia_46001,1.4,2.8,0.5,kg,,True
2026-05-27,2026-05-27T13:26:58.355193+00:00,63580,valencia_46001,2.9,7.07,0.41,kg,,True
2026-05-27,2026-05-27T13:26:58.355193+00:00,63581,valencia_46001,2.5,6.02,0.415,kg,,True
2026-05-27,2026-05-27T13:26:58.355193+00:00,63582,valencia_46001,2.9,6.99,0.415,kg,,True
2026-05-27,2026-05-27T13:26:58.355193+00:00,63585,valencia_46001,2.2,6.47,0.34,kg,,True
2026-05-27,2026-05-27T13:26:58.355193+00:00,63592,valencia_46001,2.9,6.9,0.42,kg,,True
2026-05-27,2026-05-27T13:26:58.355193+00:00,63593,valencia_46001,2.9,6.59,0.44,kg,,True
2026-05-27,2026-05-27T13:26:58.355193+00:00,63597,valencia_46001,2.4,4.21,0.57,kg,,True
2026-05-27,2026-05-27T13:26:58.355193+00:00,63606,valencia_46001,3.8,9.5,0.4,kg,,True
2026-05-27,2026-05-27T13:26:58.355193+00:00,6361,valencia_46001,1.4,2.8,0.5,kg,,True
2026-05-27,2026-05-27T13:26:58.355193+00:00,63613,valencia_46001,2.5,6.02,0.415,kg,,True
2026-05-27,2026-05-27T13:26:58.355193+00:00,63623,valencia_46001,3.1,7.56,0.41,kg,,True
2026-05-27,2026-05-27T13:26:58.355193+00:00,63627,valencia_46001,3.4,5.67,0.6,kg,,True
2026-05-27,2026-05-27T13:26:58.355193+00:00,63628,valencia_46001,3.4,5.86,0.58,kg,,True
2026-05-27,2026-05-27T13:26:58.355193+00:00,63629,valencia_46001,3.4,5.67,0.6,kg,,True
2026-05-27,2026-05-27T13:26:58.355193+00:00,6363,valencia_46001,0.8,1.6,0.5,kg,,True
2026-05-27,2026-05-27T13:26:58.355193+00:00,63632,valencia_46001,3.4,5.67,0.6,kg,,True
2026-05-27,2026-05-27T13:26:58.355193+00:00,63643,valencia_46001,3.5,6.48,0.54,kg,,True
2026-05-27,2026-05-27T13:26:58.355193+00:00,63645,valencia_46001,2.9,6.9,0.42,kg,,True
2026-05-27,2026-05-27T13:26:58.355193+00:00,63648,valencia_46001,1.8,4.29,0.42,kg,,True
2026-05-27,2026-05-27T13:26:58.355193+00:00,63653,valencia_46001,2.9,6.74,0.43,kg,,True
2026-05-27,2026-05-27T13:26:58.355193+00:00,63657,valencia_46001,2.8,10.0,0.28,kg,,True
2026-05-27,2026-05-27T13:26:58.355193+00:00,6371,valencia_46001,1.05,2.1,0.5,kg,,True
2026-05-27,2026-05-27T13:26:58.355193+00:00,63739,valencia_46001,2.4,8.0,0.3,kg,,True
2026-05-27,2026-05-27T13:26:58.355193+00:00,64000,valencia_46001,3.3,4.58,0.72,l,,True
2026-05-27,2026-05-27T13:26:58.355193+00:00,64001,valencia_46001,3.4,4.97,0.684,l,,True
2026-05-27,2026-05-27T13:26:58.355193+00:00,64012,valencia_46001,2.1,2.8,0.75,l,,True
2026-05-27,2026-05-27T13:26:58.355193+00:00,64013,valencia_46001,2.1,2.8,0.75,l,,True
2026-05-27,2026-05-27T13:26:58.355193+00:00,64027,valencia_46001,3.15,2.63,1.2,l,,True
2026-05-27,2026-05-27T13:26:58.355193+00:00,64039,valencia_46001,3.1,5.54,0.56,l,,True
2026-05-27,2026-05-27T13:26:58.355193+00:00,64066,valencia_46001,3.0,6.25,0.48,l,,True
2026-05-27,2026-05-27T13:26:58.355193+00:00,64087,valencia_46001,1.8,6.67,0.27,l,,True
2026-05-27,2026-05-27T13:26:58.355193+00:00,64102,valencia_46001,3.0,6.58,0.456,l,,True
2026-05-27,2026-05-27T13:26:58.355193+00:00,64126,valencia_46001,1.15,0.58,2.0,kg,,True
2026-05-27,2026-05-27T13:26:58.355193+00:00,64127,valencia_46001,2.85,2.38,1.2,l,,True
2026-05-27,2026-05-27T13:26:58.355193+00:00,64128,valencia_46001,3.15,2.63,1.2,l,,True
2026-05-27,2026-05-27T13:26:58.355193+00:00,64133,valencia_46001,5.75,0.58,10.0,kg,,True
2026-05-27,2026-05-27T13:26:58.355193+00:00,64139,valencia_46001,1.5,0.75,2.0,kg,,True
2026-05-27,2026-05-27T13:26:58.355193+00:00,64145,valencia_46001,3.0,9.38,0.32,l,,True
2026-05-27,2026-05-27T13:26:58.355193+00:00,64146,valencia_46001,2.3,2.88,0.8,l,,True
2026-05-27,2026-05-27T13:26:58.355193+00:00,64147,valencia_46001,3.0,3.75,0.8,l,,True
2026-05-27,2026-05-27T13:26:58.355193+00:00,64166,valencia_46001,2.7,7.71,0.35,l,,True
2026-05-27,2026-05-27T13:26:58.355193+00:00,64179,valencia_46001,2.3,3.07,0.75,l,,True
2026-05-27,2026-05-27T13:26:58.355193+00:00,64195,valencia_46001,2.3,3.07,0.75,l,,True
2026-05-27,2026-05-27T13:26:58.355193+00:00,64196,valencia_46001,2.2,3.06,0.72,l,,True
2026-05-27,2026-05-27T13:26:58.355193+00:00,64200,valencia_46001,3.3,3.79,0.87,l,,True
2026-05-27,2026-05-27T13:26:58.355193+00:00,64214,valencia_46001,1.9,1.9,1.0,l,,True
2026-05-27,2026-05-27T13:26:58.355193+00:00,64220,valencia_46001,2.3,3.07,0.75,l,,True
2026-05-27,2026-05-27T13:26:58.355193+00:00,64221,valencia_46001,2.2,3.06,0.72,l,,True
2026-05-27,2026-05-27T13:26:58.355193+00:00,64230,valencia_46001,3.0,6.67,0.45,l,,True
2026-05-27,2026-05-27T13:26:58.355193+00:00,64246,valencia_46001,3.3,7.43,0.444,l,,True
2026-05-27,2026-05-27T13:26:58.355193+00:00,64247,valencia_46001,3.75,8.45,0.444,l,,True
2026-05-27,2026-05-27T13:26:58.355193+00:00,64248,valencia_46001,3.2,4.44,0.72,l,,True
2026-05-27,2026-05-27T13:26:58.355193+00:00,64249,valencia_46001,3.2,4.44,0.72,l,,True
2026-05-27,2026-05-27T13:26:58.355193+00:00,64251,valencia_46001,2.2,3.06,0.72,l,,True
2026-05-27,2026-05-27T13:26:58.355193+00:00,64400,valencia_46001,3.2,3.2,1.0,l,,True
2026-05-27,2026-05-27T13:26:58.355193+00:00,64414,valencia_46001,2.95,2.95,1.0,l,,True
2026-05-27,2026-05-27T13:26:58.355193+00:00,64419,valencia_46001,2.3,3.07,0.75,l,,True
2026-05-27,2026-05-27T13:26:58.355193+00:00,64424,valencia_46001,3.0,6.0,0.5,l,,True
2026-05-27,2026-05-27T13:26:58.355193+00:00,64436,valencia_46001,3.0,6.0,0.5,l,,True
2026-05-27,2026-05-27T13:26:58.355193+00:00,64445,valencia_46001,3.25,6.5,0.5,l,,True
2026-05-27,2026-05-27T13:26:58.355193+00:00,64450,valencia_46001,2.6,5.42,0.48,l,,True
2026-05-27,2026-05-27T13:26:58.355193+00:00,64459,valencia_46001,2.3,2.3,1.0,l,,True
2026-05-27,2026-05-27T13:26:58.355193+00:00,64464,valencia_46001,3.0,6.0,0.5,l,,True
2026-05-27,2026-05-27T13:26:58.355193+00:00,64491,valencia_46001,2.9,13.43,0.216,l,,True
2026-05-27,2026-05-27T13:26:58.355193+00:00,64492,valencia_46001,2.9,13.43,0.216,l,,True
2026-05-27,2026-05-27T13:26:58.355193+00:00,64499,valencia_46001,3.15,6.56,0.48,l,,True
2026-05-27,2026-05-27T13:26:58.355193+00:00,64509,valencia_46001,2.35,2.35,1.0,l,,True
2026-05-27,2026-05-27T13:26:58.355193+00:00,64514,valencia_46001,1.5,1.5,1.0,l,,True
2026-05-27,2026-05-27T13:26:58.355193+00:00,64520,valencia_46001,3.0,5.88,0.51,l,,True
2026-05-27,2026-05-27T13:26:58.355193+00:00,64522,valencia_46001,2.3,3.48,0.66,l,,True
2026-05-27,2026-05-27T13:26:58.355193+00:00,6459,valencia_46001,1.3,4.58,0.284,kg,,True
2026-05-27,2026-05-27T13:26:58.355193+00:00,64705,valencia_46001,2.7,2.25,1.2,l,,True
2026-05-27,2026-05-27T13:26:58.355193+00:00,65008,valencia_46001,1.25,9.26,0.135,kg,,True
2026-05-27,2026-05-27T13:26:58.355193+00:00,65055,valencia_46001,1.0,6.67,0.15,kg,,True
2026-05-27,2026-05-27T13:26:58.355193+00:00,65064,valencia_46001,1.75,5.47,0.32,kg,,True
2026-05-27,2026-05-27T13:26:58.355193+00:00,65067,valencia_46001,1.95,19.5,0.1,kg,,True
2026-05-27,2026-05-27T13:26:58.355193+00:00,65070,valencia_46001,1.2,6.0,0.2,kg,,True
2026-05-27,2026-05-27T13:26:58.355193+00:00,65077,valencia_46001,1.1,5.5,0.2,kg,,True
2026-05-27,2026-05-27T13:26:58.355193+00:00,65088,valencia_46001,1.0,6.67,0.15,kg,,True
2026-05-27,2026-05-27T13:26:58.355193+00:00,65123,valencia_46001,1.15,12.78,0.09,kg,,True
2026-05-27,2026-05-27T13:26:58.355193+00:00,65135,valencia_46001,1.0,22.22,0.045,kg,,True
2026-05-27,2026-05-27T13:26:58.355193+00:00,65138,valencia_46001,1.0,11.11,0.09,kg,,True
2026-05-27,2026-05-27T13:26:58.355193+00:00,65143,valencia_46001,1.35,15.0,0.09,kg,,True
2026-05-27,2026-05-27T13:26:58.355193+00:00,65147,valencia_46001,1.0,22.22,0.045,kg,,True
2026-05-27,2026-05-27T13:26:58.355193+00:00,65158,valencia_46001,1.45,9.67,0.15,kg,,True
2026-05-27,2026-05-27T13:26:58.355193+00:00,65161,valencia_46001,1.0,22.22,0.045,kg,,True
2026-05-27,2026-05-27T13:26:58.355193+00:00,65164,valencia_46001,1.0,22.22,0.045,kg,,True
2026-05-27,2026-05-27T13:26:58.355193+00:00,65165,valencia_46001,1.95,19.5,0.1,kg,,True
2026-05-27,2026-05-27T13:26:58.355193+00:00,65172,valencia_46001,1.95,19.5,0.1,kg,,True
2026-05-27,2026-05-27T13:26:58.355193+00:00,65177,valencia_46001,1.0,22.22,0.045,kg,,True
2026-05-27,2026-05-27T13:26:58.355193+00:00,65213,valencia_46001,1.8,18.0,0.1,kg,,True
2026-05-27,2026-05-27T13:26:58.355193+00:00,65235,valencia_46001,1.0,22.22,0.045,kg,,True
2026-05-27,2026-05-27T13:26:58.355193+00:00,65302,valencia_46001,1.15,12.78,0.09,kg,,True
2026-05-27,2026-05-27T13:26:58.355193+00:00,65311,valencia_46001,1.6,5.33,0.3,kg,,True
2026-05-27,2026-05-27T13:26:58.355193+00:00,65324,valencia_46001,1.15,9.2,0.125,kg,,True
2026-05-27,2026-05-27T13:26:58.355193+00:00,65327,valencia_46001,1.95,13.0,0.15,kg,,True
2026-05-27,2026-05-27T13:26:58.355193+00:00,6565,valencia_46001,1.4,5.6,0.25,kg,,True
2026-05-27,2026-05-27T13:26:58.355193+00:00,6566,valencia_46001,1.4,5.6,0.25,kg,,True
2026-05-27,2026-05-27T13:26:58.355193+00:00,66026,valencia_46001,5.4,1.36,3.96,l,,True
2026-05-27,2026-05-27T13:26:58.355193+00:00,66027,valencia_46001,6.96,1.76,3.96,l,,True
2026-05-27,2026-05-27T13:26:58.355193+00:00,66105,valencia_46001,1.75,1.75,1.0,l,,True
2026-05-27,2026-05-27T13:26:58.355193+00:00,66107,valencia_46001,1.75,1.75,1.0,l,,True
2026-05-27,2026-05-27T13:26:58.355193+00:00,66124,valencia_46001,1.75,2.33,0.75,l,,True
2026-05-27,2026-05-27T13:26:58.355193+00:00,66127,valencia_46001,0.95,0.95,1.0,l,,True
2026-05-27,2026-05-27T13:26:58.355193+00:00,66202,valencia_46001,5.1,6.8,0.75,l,,True
2026-05-27,2026-05-27T13:26:58.355193+00:00,66211,valencia_46001,1.15,1.15,1.0,l,,True
2026-05-27,2026-05-27T13:26:58.355193+00:00,66295,valencia_46001,2.05,2.73,0.75,l,,True
2026-05-27,2026-05-27T13:26:58.355193+00:00,66314,valencia_46001,6.95,9.27,0.75,l,,True
2026-05-27,2026-05-27T13:26:58.355193+00:00,66320,valencia_46001,6.6,8.8,0.75,l,,True
2026-05-27,2026-05-27T13:26:58.355193+00:00,66324,valencia_46001,4.5,6.0,0.75,l,,True
2026-05-27,2026-05-27T13:26:58.355193+00:00,66325,valencia_46001,4.4,5.87,0.75,l,,True
2026-05-27,2026-05-27T13:26:58.355193+00:00,66332,valencia_46001,2.8,3.73,0.75,l,,True
2026-05-27,2026-05-27T13:26:58.355193+00:00,66346,valencia_46001,8.85,11.8,0.75,l,,True
2026-05-27,2026-05-27T13:26:58.355193+00:00,66349,valencia_46001,1.95,2.6,0.75,l,,True
2026-05-27,2026-05-27T13:26:58.355193+00:00,66352,valencia_46001,4.75,6.33,0.75,l,,True
2026-05-27,2026-05-27T13:26:58.355193+00:00,66369,valencia_46001,2.65,3.53,0.75,l,,True
2026-05-27,2026-05-27T13:26:58.355193+00:00,66413,valencia_46001,5.28,1.76,3.0,l,,True
2026-05-27,2026-05-27T13:26:58.355193+00:00,66432,valencia_46001,3.18,1.61,1.98,l,,True
2026-05-27,2026-05-27T13:26:58.355193+00:00,66433,valencia_46001,0.53,1.61,0.33,l,,True
2026-05-27,2026-05-27T13:26:58.355193+00:00,66445,valencia_46001,0.55,1.67,0.33,l,,True
2026-05-27,2026-05-27T13:26:58.355193+00:00,66462,valencia_46001,3.72,0.94,3.96,l,,True
2026-05-27,2026-05-27T13:26:58.355193+00:00,66463,valencia_46001,0.31,0.94,0.33,l,,True
2026-05-27,2026-05-27T13:26:58.355193+00:00,66465,valencia_46001,5.4,0.9,6.0,l,,True
2026-05-27,2026-05-27T13:26:58.355193+00:00,66466,valencia_46001,0.95,0.95,1.0,l,,True
2026-05-27,2026-05-27T13:26:58.355193+00:00,66485,valencia_46001,3.6,0.91,3.96,l,,True
2026-05-27,2026-05-27T13:26:58.355193+00:00,66486,valencia_46001,0.3,0.91,0.33,l,,True
2026-05-27,2026-05-27T13:26:58.355193+00:00,66495,valencia_46001,2.1,2.8,0.75,l,,True
2026-05-27,2026-05-27T13:26:58.355193+00:00,66518,valencia_46001,1.49,4.52,0.33,l,,True
2026-05-27,2026-05-27T13:26:58.355193+00:00,66554,valencia_46001,0.41,1.24,0.33,l,,True
2026-05-27,2026-05-27T13:26:58.355193+00:00,66558,valencia_46001,6.9,3.48,1.98,l,,True
2026-05-27,2026-05-27T13:26:58.355193+00:00,66580,valencia_46001,2.2,2.93,0.75,l,,True
2026-05-27,2026-05-27T13:26:58.355193+00:00,66586,valencia_46001,8.8,2.67,3.3,l,,True
2026-05-27,2026-05-27T13:26:58.355193+00:00,66587,valencia_46001,7.32,2.44,3.0,l,,True
2026-05-27,2026-05-27T13:26:58.355193+00:00,66710,valencia_46001,2.2,2.2,1.0,l,,True
2026-05-27,2026-05-27T13:26:58.355193+00:00,66746,valencia_46001,1.4,0.93,1.5,l,,True
2026-05-27,2026-05-27T13:26:58.355193+00:00,66747,valencia_46001,1.5,1.0,1.5,l,,True
2026-05-27,2026-05-27T13:26:58.355193+00:00,66770,valencia_46001,4.32,1.09,3.96,l,,True
2026-05-27,2026-05-27T13:26:58.355193+00:00,66771,valencia_46001,0.36,1.09,0.33,l,,True
2026-05-27,2026-05-27T13:26:58.355193+00:00,66783,valencia_46001,4.92,1.24,3.96,l,,True
2026-05-27,2026-05-27T13:26:58.355193+00:00,66836,valencia_46001,6.8,9.07,0.75,l,,True
2026-05-27,2026-05-27T13:26:58.355193+00:00,66907,valencia_46001,3.25,4.33,0.75,l,,True
2026-05-27,2026-05-27T13:26:58.355193+00:00,66922,valencia_46001,1.65,1.1,1.5,l,,True
2026-05-27,2026-05-27T13:26:58.355193+00:00,66944,valencia_46001,2.1,1.4,1.5,l,,True
2026-05-27,2026-05-27T13:26:58.355193+00:00,67024,valencia_46001,2.3,3.07,0.75,l,,True
2026-05-27,2026-05-27T13:26:58.355193+00:00,67026,valencia_46001,1.15,3.48,0.33,l,,True
2026-05-27,2026-05-27T13:26:58.355193+00:00,67031,valencia_46001,0.69,2.76,0.25,l,,True
2026-05-27,2026-05-27T13:26:58.355193+00:00,67090,valencia_46001,9.0,1.52,5.94,l,,True
2026-05-27,2026-05-27T13:26:58.355193+00:00,67092,valencia_46001,1.28,3.88,0.33,l,,True
2026-05-27,2026-05-27T13:26:58.355193+00:00,67112,valencia_46001,2.9,3.87,0.75,l,,True
2026-05-27,2026-05-27T13:26:58.355193+00:00,67119,valencia_46001,3.5,4.67,0.75,l,,True
2026-05-27,2026-05-27T13:26:58.355193+00:00,67123,valencia_46001,2.5,3.33,0.75,l,,True
2026-05-27,2026-05-27T13:26:58.355193+00:00,67125,valencia_46001,5.5,7.33,0.75,l,,True
2026-05-27,2026-05-27T13:26:58.355193+00:00,67154,valencia_46001,6.84,2.28,3.0,l,,True
2026-05-27,2026-05-27T13:26:58.355193+00:00,67409,valencia_46001,4.0,11.43,0.35,kg,,True
2026-05-27,2026-05-27T13:26:58.355193+00:00,67416,valencia_46001,1.95,3.9,0.5,kg,,True
2026-05-27,2026-05-27T13:26:58.355193+00:00,67417,valencia_46001,1.95,3.9,0.5,kg,,True
2026-05-27,2026-05-27T13:26:58.355193+00:00,67534,valencia_46001,4.0,16.0,0.25,kg,,True
2026-05-27,2026-05-27T13:26:58.355193+00:00,67563,valencia_46001,0.5,5.88,0.085,kg,,True
2026-05-27,2026-05-27T13:26:58.355193+00:00,67586,valencia_46001,1.4,5.83,0.24,kg,,True
2026-05-27,2026-05-27T13:26:58.355193+00:00,67596,valencia_46001,5.0,166.67,0.03,l,,True
2026-05-27,2026-05-27T13:26:58.355193+00:00,67608,valencia_46001,2.5,2.5,1.0,kg,,True
2026-05-27,2026-05-27T13:26:58.355193+00:00,67609,valencia_46001,3.1,3.1,1.0,kg,,True
2026-05-27,2026-05-27T13:26:58.355193+00:00,67616,valencia_46001,3.45,0.86,1.0,ud,,True
2026-05-27,2026-05-27T13:26:58.355193+00:00,67633,valencia_46001,2.0,5.0,0.4,kg,,True
2026-05-27,2026-05-27T13:26:58.355193+00:00,67634,valencia_46001,2.75,6.88,0.4,kg,,True
2026-05-27,2026-05-27T13:26:58.355193+00:00,67635,valencia_46001,2.0,5.0,0.4,kg,,True
2026-05-27,2026-05-27T13:26:58.355193+00:00,67637,valencia_46001,3.05,15.25,0.2,kg,,True
2026-05-27,2026-05-27T13:26:58.355193+00:00,67659,valencia_46001,3.35,0.21,0.0928,kg,,True
2026-05-27,2026-05-27T13:26:58.355193+00:00,67660,valencia_46001,2.75,11.0,0.25,kg,,True
2026-05-27,2026-05-27T13:26:58.355193+00:00,67693,valencia_46001,1.85,28.46,0.065,kg,,True
2026-05-27,2026-05-27T13:26:58.355193+00:00,67694,valencia_46001,1.95,39.0,0.05,kg,,True
2026-05-27,2026-05-27T13:26:58.355193+00:00,67701,valencia_46001,3.95,19.75,0.2,l,,True
2026-05-27,2026-05-27T13:26:58.355193+00:00,67713,valencia_46001,2.5,2.5,1.0,ud,,True
2026-05-27,2026-05-27T13:26:58.355193+00:00,67721,valencia_46001,3.5,3.5,1.0,ud,,True
2026-05-27,2026-05-27T13:26:58.355193+00:00,67722,valencia_46001,3.5,3.5,1.0,ud,,True
2026-05-27,2026-05-27T13:26:58.355193+00:00,67736,valencia_46001,1.6,5.33,0.3,kg,,True
2026-05-27,2026-05-27T13:26:58.355193+00:00,67753,valencia_46001,1.95,5.74,0.34,kg,,True
2026-05-27,2026-05-27T13:26:58.355193+00:00,67766,valencia_46001,1.3,4.33,0.3,kg,,True
2026-05-27,2026-05-27T13:26:58.355193+00:00,67786,valencia_46001,2.45,6.36,0.38,kg,,True
2026-05-27,2026-05-27T13:26:58.355193+00:00,67794,valencia_46001,1.9,4.75,0.4,l,,True
2026-05-27,2026-05-27T13:26:58.355193+00:00,67795,valencia_46001,2.1,10.5,0.2,l,,True
2026-05-27,2026-05-27T13:26:58.355193+00:00,67796,valencia_46001,4.1,41.0,0.1,l,,True
2026-05-27,2026-05-27T13:26:58.355193+00:00,67798,valencia_46001,1.55,6.2,0.25,kg,,True
2026-05-27,2026-05-27T13:26:58.355193+00:00,67800,valencia_46001,2.7,9.0,0.3,l,,True
2026-05-27,2026-05-27T13:26:58.355193+00:00,67801,valencia_46001,2.5,10.0,0.25,l,,True
2026-05-27,2026-05-27T13:26:58.355193+00:00,67802,valencia_46001,5.25,35.0,0.15,l,,True
2026-05-27,2026-05-27T13:26:58.355193+00:00,67818,valencia_46001,1.0,0.67,1.5,l,,True
2026-05-27,2026-05-27T13:26:58.355193+00:00,67832,valencia_46001,12.5,12.5,1.0,ud,,True
2026-05-27,2026-05-27T13:26:58.355193+00:00,67888,valencia_46001,2.5,2.5,1.0,ud,,True
2026-05-27,2026-05-27T13:26:58.355193+00:00,67906,valencia_46001,3.8,4.47,0.85,l,,True
2026-05-27,2026-05-27T13:26:58.355193+00:00,67908,valencia_46001,3.5,9.72,0.36,kg,,True
2026-05-27,2026-05-27T13:26:58.355193+00:00,67938,valencia_46001,1.0,0.67,1.5,l,,True
2026-05-27,2026-05-27T13:26:58.355193+00:00,67947,valencia_46001,3.9,9.75,0.4,kg,,True
2026-05-27,2026-05-27T13:26:58.355193+00:00,67949,valencia_46001,1.1,1.1,1.0,l,,True
2026-05-27,2026-05-27T13:26:58.355193+00:00,67950,valencia_46001,6.6,1.1,6.0,l,,True
2026-05-27,2026-05-27T13:26:58.355193+00:00,67951,valencia_46001,2.55,2.55,0.015,l,,True
2026-05-27,2026-05-27T13:26:58.355193+00:00,67953,valencia_46001,1.0,4.0,0.25,kg,,True
2026-05-27,2026-05-27T13:26:58.355193+00:00,67968,valencia_46001,1.6,5.33,0.3,kg,,True
2026-05-27,2026-05-27T13:26:58.355193+00:00,67972,valencia_46001,3.95,9.88,0.4,kg,,True
2026-05-27,2026-05-27T13:26:58.355193+00:00,67977,valencia_46001,1.3,2.6,0.5,kg,,True
2026-05-27,2026-05-27T13:26:58.355193+00:00,67981,valencia_46001,1.35,0.07,20.0,ud,,True
2026-05-27,2026-05-27T13:26:58.355193+00:00,67997,valencia_46001,1.15,3.83,0.3,l,,True
2026-05-27,2026-05-27T13:26:58.355193+00:00,68029,valencia_46001,1.85,5.14,0.36,kg,,True
2026-05-27,2026-05-27T13:26:58.355193+00:00,68037,valencia_46001,1.35,33.75,0.04,kg,,True
2026-05-27,2026-05-27T13:26:58.355193+00:00,68089,valencia_46001,1.7,4.72,0.36,kg,,True
2026-05-27,2026-05-27T13:26:58.355193+00:00,68106,valencia_46001,1.1,1.83,0.6,kg,,True
2026-05-27,2026-05-27T13:26:58.355193+00:00,68116,valencia_46001,2.15,5.38,0.4,kg,,True
2026-05-27,2026-05-27T13:26:58.355193+00:00,68124,valencia_46001,1.7,5.67,0.3,kg,,True
2026-05-27,2026-05-27T13:26:58.355193+00:00,68125,valencia_46001,1.7,5.67,0.3,kg,,True
2026-05-27,2026-05-27T13:26:58.355193+00:00,68130,valencia_46001,1.05,1.05,1.0,ud,,True
2026-05-27,2026-05-27T13:26:58.355193+00:00,68131,valencia_46001,1.7,4.86,0.35,kg,,True
2026-05-27,2026-05-27T13:26:58.355193+00:00,68137,valencia_46001,1.05,2.1,0.5,kg,,True
2026-05-27,2026-05-27T13:26:58.355193+00:00,68138,valencia_46001,1.05,2.1,0.5,kg,,True
2026-05-27,2026-05-27T13:26:58.355193+00:00,68149,valencia_46001,1.6,4.0,0.4,kg,,True
2026-05-27,2026-05-27T13:26:58.355193+00:00,68170,valencia_46001,1.35,7.5,0.18,kg,,True
2026-05-27,2026-05-27T13:26:58.355193+00:00,68172,valencia_46001,1.0,1.67,0.6,kg,,True
2026-05-27,2026-05-27T13:26:58.355193+00:00,68188,valencia_46001,1.2,3.0,0.4,kg,,True
2026-05-27,2026-05-27T13:26:58.355193+00:00,68204,valencia_46001,3.6,4.0,0.9,kg,,True
2026-05-27,2026-05-27T13:26:58.355193+00:00,68243,valencia_46001,1.94,4.04,0.48,kg,,True
2026-05-27,2026-05-27T13:26:58.355193+00:00,68265,valencia_46001,1.9,4.75,0.4,kg,,True
2026-05-27,2026-05-27T13:26:58.355193+00:00,68266,valencia_46001,1.15,2.3,0.5,kg,,True
2026-05-27,2026-05-27T13:26:58.355193+00:00,68322,valencia_46001,1.2,2.4,0.5,kg,,True
2026-05-27,2026-05-27T13:26:58.355193+00:00,68350,valencia_46001,1.2,4.8,0.25,kg,,True
2026-05-27,2026-05-27T13:26:58.355193+00:00,68354,valencia_46001,1.3,2.5,0.52,kg,,True
2026-05-27,2026-05-27T13:26:58.355193+00:00,68408,valencia_46001,2.16,4.8,0.45,kg,,True
2026-05-27,2026-05-27T13:26:58.355193+00:00,68462,valencia_46001,1.94,2.15,0.9,kg,,True
2026-05-27,2026-05-27T13:26:58.355193+00:00,6856,valencia_46001,1.65,8.25,0.2,kg,,True
2026-05-27,2026-05-27T13:26:58.355193+00:00,69066,valencia_46001,0.48,1.9,0.25,kg,,True
2026-05-27,2026-05-27T13:26:58.355193+00:00,69079,valencia_46001,3.6,1.8,2.0,kg,,True
2026-05-27,2026-05-27T13:26:58.355193+00:00,69089,valencia_46001,2.0,2.0,1.0,kg,,True
2026-05-27,2026-05-27T13:26:58.355193+00:00,69098,valencia_46001,3.8,1.9,2.0,kg,,True
2026-05-27,2026-05-27T13:26:58.355193+00:00,69099,valencia_46001,5.6,1.12,5.0,kg,,True
2026-05-27,2026-05-27T13:26:58.355193+00:00,69114,valencia_46001,1.6,1.6,1.0,ud,,True
2026-05-27,2026-05-27T13:26:58.355193+00:00,69117,valencia_46001,1.15,4.6,0.25,kg,,True
2026-05-27,2026-05-27T13:26:58.355193+00:00,69121,valencia_46001,1.75,0.88,2.0,ud,,True
2026-05-27,2026-05-27T13:26:58.355193+00:00,69122,valencia_46001,1.1,1.1,1.0,ud,,True
2026-05-27,2026-05-27T13:26:58.355193+00:00,69139,valencia_46001,1.25,0.42,1.0,ud,,True
2026-05-27,2026-05-27T13:26:58.355193+00:00,69155,valencia_46001,2.5,2.5,1.0,kg,,True
2026-05-27,2026-05-27T13:26:58.355193+00:00,69162,valencia_46001,1.4,2.8,0.5,kg,,True
2026-05-27,2026-05-27T13:26:58.355193+00:00,69166,valencia_46001,4.65,1.55,3.0,kg,,True
2026-05-27,2026-05-27T13:26:58.355193+00:00,69173,valencia_46001,1.68,3.3,0.51,kg,,True
2026-05-27,2026-05-27T13:26:58.355193+00:00,69220,valencia_46001,2.11,2.05,1.03,kg,,True
2026-05-27,2026-05-27T13:26:58.355193+00:00,69236,valencia_46001,2.2,1.8,1.22,kg,,True
2026-05-27,2026-05-27T13:26:58.355193+00:00,69239,valencia_46001,1.27,3.35,0.38,kg,,True
2026-05-27,2026-05-27T13:26:58.355193+00:00,69245,valencia_46001,1.15,5.5,0.21,kg,,True
2026-05-27,2026-05-27T13:26:58.355193+00:00,69275,valencia_46001,1.32,2.0,0.66,kg,,True
2026-05-27,2026-05-27T13:26:58.355193+00:00,69286,valencia_46001,1.8,90.0,0.02,kg,,True
2026-05-27,2026-05-27T13:26:58.355193+00:00,69287,valencia_46001,1.55,77.5,0.02,kg,,True
2026-05-27,2026-05-27T13:26:58.355193+00:00,69289,valencia_46001,1.61,8.05,0.2,kg,,True
2026-05-27,2026-05-27T13:26:58.355193+00:00,69297,valencia_46001,1.85,7.4,0.25,kg,,True
2026-05-27,2026-05-27T13:26:58.355193+00:00,69310,valencia_46001,0.8,2.1,0.38,kg,,True
2026-05-27,2026-05-27T13:26:58.355193+00:00,69312,valencia_46001,0.78,2.8,0.28,kg,,True
2026-05-27,2026-05-27T13:26:58.355193+00:00,69320,valencia_46001,0.25,2.5,0.1,kg,,True
2026-05-27,2026-05-27T13:26:58.355193+00:00,69326,valencia_46001,0.84,2.2,0.38,kg,,True
2026-05-27,2026-05-27T13:26:58.355193+00:00,69338,valencia_46001,0.72,1.85,0.39,kg,,True
2026-05-27,2026-05-27T13:26:58.355193+00:00,69339,valencia_46001,0.96,2.4,0.4,kg,,True
2026-05-27,2026-05-27T13:26:58.355193+00:00,69347,valencia_46001,0.69,2.3,0.3,kg,,True
2026-05-27,2026-05-27T13:26:58.355193+00:00,69383,valencia_46001,1.7,13.6,0.125,kg,,True
2026-05-27,2026-05-27T13:26:58.355193+00:00,69386,valencia_46001,2.55,2.55,1.0,kg,,True
2026-05-27,2026-05-27T13:26:58.355193+00:00,69387,valencia_46001,2.4,2.4,1.0,kg,,True
2026-05-27,2026-05-27T13:26:58.355193+00:00,69392,valencia_46001,1.6,5.33,0.3,kg,,True
2026-05-27,2026-05-27T13:26:58.355193+00:00,69411,valencia_46001,2.52,2.8,0.9,kg,,True
2026-05-27,2026-05-27T13:26:58.355193+00:00,69414,valencia_46001,2.5,12.5,0.2,kg,,True
2026-05-27,2026-05-27T13:26:58.355193+00:00,69423,valencia_46001,2.4,6.0,0.4,kg,,True
2026-05-27,2026-05-27T13:26:58.355193+00:00,69433,valencia_46001,2.4,6.0,0.4,kg,,True
2026-05-27,2026-05-27T13:26:58.355193+00:00,69435,valencia_46001,1.15,5.75,0.2,kg,,True
2026-05-27,2026-05-27T13:26:58.355193+00:00,69444,valencia_46001,1.3,2.6,0.5,kg,,True
2026-05-27,2026-05-27T13:26:58.355193+00:00,69448,valencia_46001,3.9,1.95,2.0,kg,,True
2026-05-27,2026-05-27T13:26:58.355193+00:00,69461,valencia_46001,2.6,10.4,0.25,kg,,True
2026-05-27,2026-05-27T13:26:58.355193+00:00,69463,valencia_46001,2.5,6.25,0.4,kg,,True
2026-05-27,2026-05-27T13:26:58.355193+00:00,69465,valencia_46001,2.5,6.25,0.4,kg,,True
2026-05-27,2026-05-27T13:26:58.355193+00:00,69469,valencia_46001,1.55,3.44,0.45,kg,,True
2026-05-27,2026-05-27T13:26:58.355193+00:00,69474,valencia_46001,2.8,18.3,0.153,kg,,True
2026-05-27,2026-05-27T13:26:58.355193+00:00,69484,valencia_46001,1.5,3.75,0.4,kg,,True
2026-05-27,2026-05-27T13:26:58.355193+00:00,69487,valencia_46001,1.72,2.2,0.78,kg,,True
2026-05-27,2026-05-27T13:26:58.355193+00:00,69495,valencia_46001,2.11,3.1,0.68,kg,,True
2026-05-27,2026-05-27T13:26:58.355193+00:00,69519,valencia_46001,2.11,6.6,0.32,kg,,True
2026-05-27,2026-05-27T13:26:58.355193+00:00,69523,valencia_46001,1.05,2.33,0.45,kg,,True
2026-05-27,2026-05-27T13:26:58.355193+00:00,69580,valencia_46001,1.27,2.6,0.49,kg,,True
2026-05-27,2026-05-27T13:26:58.355193+00:00,69581,valencia_46001,1.05,0.35,3.0,ud,,True
2026-05-27,2026-05-27T13:26:58.355193+00:00,69582,valencia_46001,2.0,0.33,6.0,ud,,True
2026-05-27,2026-05-27T13:26:58.355193+00:00,69584,valencia_46001,0.37,1.7,0.22,kg,,True
2026-05-27,2026-05-27T13:26:58.355193+00:00,69585,valencia_46001,3.0,1.5,2.0,ud,,True
2026-05-27,2026-05-27T13:26:58.355193+00:00,69586,valencia_46001,1.2,1.2,1.0,kg,,True
2026-05-27,2026-05-27T13:26:58.355193+00:00,69590,valencia_46001,1.35,5.4,0.25,kg,,True
2026-05-27,2026-05-27T13:26:58.355193+00:00,69591,valencia_46001,2.0,4.44,0.45,kg,,True
2026-05-27,2026-05-27T13:26:58.355193+00:00,69622,valencia_46001,1.7,7.39,0.23,kg,,True
2026-05-27,2026-05-27T13:26:58.355193+00:00,69632,valencia_46001,2.6,13.0,0.2,kg,,True
2026-05-27,2026-05-27T13:26:58.355193+00:00,69643,valencia_46001,3.9,13.0,0.3,kg,,True
2026-05-27,2026-05-27T13:26:58.355193+00:00,69653,valencia_46001,2.05,8.2,0.25,kg,,True
2026-05-27,2026-05-27T13:26:58.355193+00:00,69656,valencia_46001,2.45,9.8,0.25,kg,,True
2026-05-27,2026-05-27T13:26:58.355193+00:00,69657,valencia_46001,3.76,16.0,0.235,kg,,True
2026-05-27,2026-05-27T13:26:58.355193+00:00,69664,valencia_46001,2.16,7.2,0.3,kg,,True
2026-05-27,2026-05-27T13:26:58.355193+00:00,69669,valencia_46001,0.8,1.6,0.5,kg,,True
2026-05-27,2026-05-27T13:26:58.355193+00:00,69670,valencia_46001,0.95,3.8,0.25,kg,,True
2026-05-27,2026-05-27T13:26:58.355193+00:00,69690,valencia_46001,1.25,62.5,0.02,kg,,True
2026-05-27,2026-05-27T13:26:58.355193+00:00,69695,valencia_46001,5.0,58.82,0.085,kg,,True
2026-05-27,2026-05-27T13:26:58.355193+00:00,69697,valencia_46001,1.45,14.5,0.1,kg,,True
2026-05-27,2026-05-27T13:26:58.355193+00:00,69701,valencia_46001,0.9,22.5,0.04,kg,,True
2026-05-27,2026-05-27T13:26:58.355193+00:00,69706,valencia_46001,0.85,3.4,0.25,kg,,True
2026-05-27,2026-05-27T13:26:58.355193+00:00,69714,valencia_46001,2.6,13.54,0.192,kg,,True
2026-05-27,2026-05-27T13:26:58.355193+00:00,69719,valencia_46001,1.2,9.6,0.125,kg,,True
2026-05-27,2026-05-27T13:26:58.355193+00:00,69720,valencia_46001,1.25,8.33,0.15,kg,,True
2026-05-27,2026-05-27T13:26:58.355193+00:00,69722,valencia_46001,1.0,6.67,0.15,kg,,True
2026-05-27,2026-05-27T13:26:58.355193+00:00,69725,valencia_46001,1.35,4.5,0.3,kg,,True
2026-05-27,2026-05-27T13:26:58.355193+00:00,69730,valencia_46001,1.3,4.33,0.3,kg,,True
2026-05-27,2026-05-27T13:26:58.355193+00:00,69737,valencia_46001,1.85,6.17,0.3,kg,,True
2026-05-27,2026-05-27T13:26:58.355193+00:00,69741,valencia_46001,1.8,6.0,0.3,kg,,True
2026-05-27,2026-05-27T13:26:58.355193+00:00,69744,valencia_46001,1.1,6.29,0.175,kg,,True
2026-05-27,2026-05-27T13:26:58.355193+00:00,69753,valencia_46001,0.85,17.0,0.05,kg,,True
2026-05-27,2026-05-27T13:26:58.355193+00:00,69756,valencia_46001,2.15,5.38,0.4,kg,,True
2026-05-27,2026-05-27T13:26:58.355193+00:00,69757,valencia_46001,1.2,12.0,0.1,kg,,True
2026-05-27,2026-05-27T13:26:58.355193+00:00,69810,valencia_46001,1.7,9.71,0.175,kg,,True
2026-05-27,2026-05-27T13:26:58.355193+00:00,69840,valencia_46001,1.4,9.33,0.15,kg,,True
2026-05-27,2026-05-27T13:26:58.355193+00:00,69849,valencia_46001,2.6,12.38,0.21,kg,,True
2026-05-27,2026-05-27T13:26:58.355193+00:00,69850,valencia_46001,3.1,10.33,0.3,kg,,True
2026-05-27,2026-05-27T13:26:58.355193+00:00,69853,valencia_46001,2.22,3.0,0.74,kg,,True
2026-05-27,2026-05-27T13:26:58.355193+00:00,69872,valencia_46001,2.6,10.4,0.25,kg,,True
2026-05-27,2026-05-27T13:26:58.355193+00:00,69877,valencia_46001,2.1,11.67,0.18,kg,,True
2026-05-27,2026-05-27T13:26:58.355193+00:00,69878,valencia_46001,2.8,5.6,0.5,kg,,True
2026-05-27,2026-05-27T13:26:58.355193+00:00,69889,valencia_46001,2.95,3.93,0.75,kg,,True
2026-05-27,2026-05-27T13:26:58.355193+00:00,69912,valencia_46001,0.25,2.1,0.12,kg,,True
2026-05-27,2026-05-27T13:26:58.355193+00:00,69930,valencia_46001,1.8,6.0,0.3,kg,,True
2026-05-27,2026-05-27T13:26:58.355193+00:00,69938,valencia_46001,1.45,5.0,0.29,kg,,True
2026-05-27,2026-05-27T13:26:58.355193+00:00,69964,valencia_46001,1.13,2.65,0.425,kg,,True
2026-05-27,2026-05-27T13:26:58.355193+00:00,69968,valencia_46001,0.31,2.2,0.14,kg,,True
2026-05-27,2026-05-27T13:26:58.355193+00:00,69971,valencia_46001,4.2,2.1,2.0,kg,,True
2026-05-27,2026-05-27T13:26:58.355193+00:00,69975,valencia_46001,2.31,2.2,1.05,kg,,True
2026-05-27,2026-05-27T13:26:58.355193+00:00,69976,valencia_46001,2.6,2.6,1.0,kg,,True
2026-05-27,2026-05-27T13:26:58.355193+00:00,69984,valencia_46001,1.15,11.5,0.1,kg,,True
2026-05-27,2026-05-27T13:26:58.355193+00:00,69990,valencia_46001,2.4,4.8,0.5,kg,,True
2026-05-27,2026-05-27T13:26:58.355193+00:00,70008,valencia_46001,1.75,1.75,1.0,ud,,True
2026-05-27,2026-05-27T13:26:58.355193+00:00,7014,valencia_46001,2.95,12.29,0.24,kg,,True
2026-05-27,2026-05-27T13:26:58.355193+00:00,70195,valencia_46001,1.0,0.5,1.0,ud,,True
2026-05-27,2026-05-27T13:26:58.355193+00:00,7021,valencia_46001,1.9,1.9,1.0,l,,True
2026-05-27,2026-05-27T13:26:58.355193+00:00,7024,valencia_46001,2.2,2.2,1.0,l,,True
2026-05-27,2026-05-27T13:26:58.355193+00:00,7026,valencia_46001,2.2,2.2,1.0,l,,True
2026-05-27,2026-05-27T13:26:58.355193+00:00,7031,valencia_46001,1.2,1.2,1.0,l,,True
2026-05-27,2026-05-27T13:26:58.355193+00:00,7032,valencia_46001,0.95,0.95,1.0,l,,True
2026-05-27,2026-05-27T13:26:58.355193+00:00,70652,valencia_46001,1.75,11.67,0.15,kg,,True
2026-05-27,2026-05-27T13:26:58.355193+00:00,70711,valencia_46001,2.05,2.05,1.0,l,,True
2026-05-27,2026-05-27T13:26:58.355193+00:00,70727,valencia_46001,2.9,3.87,0.75,l,,True
2026-05-27,2026-05-27T13:26:58.355193+00:00,70733,valencia_46001,0.95,3.17,0.3,kg,,True
2026-05-27,2026-05-27T13:26:58.355193+00:00,70735,valencia_46001,0.95,3.17,0.3,kg,,True
2026-05-27,2026-05-27T13:26:58.355193+00:00,70740,valencia_46001,1.75,3.5,0.5,kg,,True
2026-05-27,2026-05-27T13:26:58.355193+00:00,70741,valencia_46001,0.85,5.67,0.15,l,,True
2026-05-27,2026-05-27T13:26:58.355193+00:00,70744,valencia_46001,1.25,6.25,0.2,kg,,True
2026-05-27,2026-05-27T13:26:58.355193+00:00,70745,valencia_46001,0.7,2.8,0.25,l,,True
2026-05-27,2026-05-27T13:26:58.355193+00:00,70756,valencia_46001,1.35,12.27,0.11,kg,,True
2026-05-27,2026-05-27T13:26:58.355193+00:00,70763,valencia_46001,1.95,2.79,0.7,kg,,True
2026-05-27,2026-05-27T13:26:58.355193+00:00,71033,valencia_46001,1.65,0.55,1.0,ud,,True
2026-05-27,2026-05-27T13:26:58.355193+00:00,71044,valencia_46001,1.2,0.13,1.0,ud,,True
2026-05-27,2026-05-27T13:26:58.355193+00:00,71054,valencia_46001,4.9,4.9,1.0,ud,,True
2026-05-27,2026-05-27T13:26:58.355193+00:00,71055,valencia_46001,1.35,1.35,1.0,ud,,True
2026-05-27,2026-05-27T13:26:58.355193+00:00,71071,valencia_46001,1.75,0.88,2.0,ud,,True
2026-05-27,2026-05-27T13:26:58.355193+00:00,71154,valencia_46001,2.6,2.6,1.0,ud,,True
2026-05-27,2026-05-27T13:26:58.355193+00:00,71202,valencia_46001,3.0,0.06,1.0,ud,,True
2026-05-27,2026-05-27T13:26:58.355193+00:00,71203,valencia_46001,3.0,0.06,1.0,ud,,True
2026-05-27,2026-05-27T13:26:58.355193+00:00,71225,valencia_46001,2.85,0.1,1.0,ud,,True
2026-05-27,2026-05-27T13:26:58.355193+00:00,71226,valencia_46001,2.85,0.1,1.0,ud,,True
2026-05-27,2026-05-27T13:26:58.355193+00:00,71227,valencia_46001,2.85,0.1,1.0,ud,,True
2026-05-27,2026-05-27T13:26:58.355193+00:00,71309,valencia_46001,1.0,0.5,1.0,ud,,True
2026-05-27,2026-05-27T13:26:58.355193+00:00,71314,valencia_46001,1.45,0.48,1.0,ud,,True
2026-05-27,2026-05-27T13:26:58.355193+00:00,71342,valencia_46001,0.9,0.3,3.0,ud,,True
2026-05-27,2026-05-27T13:26:58.355193+00:00,71343,valencia_46001,0.9,0.3,3.0,ud,,True
2026-05-27,2026-05-27T13:26:58.355193+00:00,71344,valencia_46001,0.75,0.25,1.0,ud,,True
2026-05-27,2026-05-27T13:26:58.355193+00:00,71377,valencia_46001,1.2,1.2,1.0,ud,,True
2026-05-27,2026-05-27T13:26:58.355193+00:00,71380,valencia_46001,0.75,0.25,3.0,ud,,True
2026-05-27,2026-05-27T13:26:58.355193+00:00,71397,valencia_46001,1.95,0.98,1.0,ud,,True
2026-05-27,2026-05-27T13:26:58.355193+00:00,71398,valencia_46001,1.95,0.98,1.0,ud,,True
2026-05-27,2026-05-27T13:26:58.355193+00:00,71399,valencia_46001,1.95,0.98,1.0,ud,,True
2026-05-27,2026-05-27T13:26:58.355193+00:00,71403,valencia_46001,2.7,1.35,2.0,ud,,True
2026-05-27,2026-05-27T13:26:58.355193+00:00,71407,valencia_46001,3.5,3.5,1.0,ud,,True
2026-05-27,2026-05-27T13:26:58.355193+00:00,71527,valencia_46001,1.6,0.08,20.0,ud,,True
2026-05-27,2026-05-27T13:26:58.355193+00:00,71533,valencia_46001,1.7,0.06,30.0,ud,,True
2026-05-27,2026-05-27T13:26:58.355193+00:00,71586,valencia_46001,4.95,4.95,1.0,ud,,True
2026-05-27,2026-05-27T13:26:58.355193+00:00,72000,valencia_46001,3.9,3.9,1.0,ud,,True
2026-05-27,2026-05-27T13:26:58.355193+00:00,72034,valencia_46001,1.55,0.05,1.0,ud,,True
2026-05-27,2026-05-27T13:26:58.355193+00:00,72035,valencia_46001,2.0,0.2,1.0,ud,,True
2026-05-27,2026-05-27T13:26:58.355193+00:00,72039,valencia_46001,1.5,1.5,1.0,ud,,True
2026-05-27,2026-05-27T13:26:58.355193+00:00,72049,valencia_46001,1.5,1.5,1.0,ud,,True
2026-05-27,2026-05-27T13:26:58.355193+00:00,72056,valencia_46001,3.5,14.0,0.25,l,,True
2026-05-27,2026-05-27T13:26:58.355193+00:00,72064,valencia_46001,3.1,7.75,0.4,l,,True
2026-05-27,2026-05-27T13:26:58.355193+00:00,72077,valencia_46001,1.85,0.1,1.0,ud,,True
2026-05-27,2026-05-27T13:26:58.355193+00:00,72088,valencia_46001,2.6,2.6,1.0,ud,,True
2026-05-27,2026-05-27T13:26:58.355193+00:00,72090,valencia_46001,2.7,6.75,0.4,l,,True
2026-05-27,2026-05-27T13:26:58.355193+00:00,72111,valencia_46001,3.3,8.25,0.4,l,,True
2026-05-27,2026-05-27T13:26:58.355193+00:00,72113,valencia_46001,2.0,1.0,2.0,ud,,True
2026-05-27,2026-05-27T13:26:58.355193+00:00,72205,valencia_46001,3.1,3.1,1.0,ud,,True
2026-05-27,2026-05-27T13:26:58.355193+00:00,72318,valencia_46001,2.75,5.5,0.5,l,,True
2026-05-27,2026-05-27T13:26:58.355193+00:00,72320,valencia_46001,2.95,0.49,1.0,ud,,True
2026-05-27,2026-05-27T13:26:58.355193+00:00,72410,valencia_46001,1.8,7.2,0.25,l,,True
2026-05-27,2026-05-27T13:26:58.355193+00:00,72411,valencia_46001,1.8,7.2,0.25,l,,True
2026-05-27,2026-05-27T13:26:58.355193+00:00,72514,valencia_46001,3.15,3.15,1.0,ud,,True
2026-05-27,2026-05-27T13:26:58.355193+00:00,72515,valencia_46001,2.0,2.0,1.0,ud,,True
2026-05-27,2026-05-27T13:26:58.355193+00:00,72537,valencia_46001,1.15,3.83,0.3,l,,True
2026-05-27,2026-05-27T13:26:58.355193+00:00,72542,valencia_46001,1.6,64.0,0.025,l,,True
2026-05-27,2026-05-27T13:26:58.355193+00:00,72544,valencia_46001,1.6,64.0,0.025,l,,True
2026-05-27,2026-05-27T13:26:58.355193+00:00,72547,valencia_46001,1.6,64.0,0.025,l,,True
2026-05-27,2026-05-27T13:26:58.355193+00:00,72614,valencia_46001,2.9,116.0,0.025,l,,True
2026-05-27,2026-05-27T13:26:58.355193+00:00,72616,valencia_46001,2.9,116.0,0.025,l,,True
2026-05-27,2026-05-27T13:26:58.355193+00:00,72641,valencia_46001,1.9,42.22,1.0,ud,,True
2026-05-27,2026-05-27T13:26:58.355193+00:00,72647,valencia_46001,2.9,116.0,0.025,l,,True
2026-05-27,2026-05-27T13:26:58.355193+00:00,72733,valencia_46001,1.45,1.45,1.0,ud,,True
2026-05-27,2026-05-27T13:26:58.355193+00:00,72734,valencia_46001,1.45,1.45,1.0,ud,,True
2026-05-27,2026-05-27T13:26:58.355193+00:00,72873,valencia_46001,1.7,13.6,0.125,l,,True
2026-05-27,2026-05-27T13:26:58.355193+00:00,72878,valencia_46001,1.8,1.8,1.0,ud,,True
2026-05-27,2026-05-27T13:26:58.355193+00:00,73002,valencia_46001,5.75,1.15,1.0,ud,,True
2026-05-27,2026-05-27T13:26:58.355193+00:00,73006,valencia_46001,3.0,0.5,1.0,ud,,True
2026-05-27,2026-05-27T13:26:58.355193+00:00,73014,valencia_46001,3.9,3.9,1.0,ud,,True
2026-05-27,2026-05-27T13:26:58.355193+00:00,73045,valencia_46001,8.0,0.4,1.0,ud,,True
2026-05-27,2026-05-27T13:26:58.355193+00:00,7305,valencia_46001,0.85,7.08,0.12,kg,,True
2026-05-27,2026-05-27T13:26:58.355193+00:00,73127,valencia_46001,1.8,0.9,1.0,ud,,True
2026-05-27,2026-05-27T13:26:58.355193+00:00,73128,valencia_46001,2.5,1.25,1.0,ud,,True
2026-05-27,2026-05-27T13:26:58.355193+00:00,7313,valencia_46001,0.75,0.75,1.0,l,,True
2026-05-27,2026-05-27T13:26:58.355193+00:00,73147,valencia_46001,3.9,3.9,1.0,ud,,True
2026-05-27,2026-05-27T13:26:58.355193+00:00,73149,valencia_46001,3.9,3.9,1.0,ud,,True
2026-05-27,2026-05-27T13:26:58.355193+00:00,73150,valencia_46001,3.9,3.9,1.0,ud,,True
2026-05-27,2026-05-27T13:26:58.355193+00:00,73153,valencia_46001,3.9,3.9,1.0,ud,,True
2026-05-27,2026-05-27T13:26:58.355193+00:00,73154,valencia_46001,3.9,3.9,1.0,ud,,True
2026-05-27,2026-05-27T13:26:58.355193+00:00,73159,valencia_46001,3.9,3.9,1.0,ud,,True
2026-05-27,2026-05-27T13:26:58.355193+00:00,73160,valencia_46001,3.9,3.9,1.0,ud,,True
2026-05-27,2026-05-27T13:26:58.355193+00:00,73162,valencia_46001,3.9,3.9,1.0,ud,,True
2026-05-27,2026-05-27T13:26:58.355193+00:00,73163,valencia_46001,3.9,3.9,1.0,ud,,True
2026-05-27,2026-05-27T13:26:58.355193+00:00,73164,valencia_46001,3.9,3.9,1.0,ud,,True
2026-05-27,2026-05-27T13:26:58.355193+00:00,73165,valencia_46001,3.9,3.9,1.0,ud,,True
2026-05-27,2026-05-27T13:26:58.355193+00:00,73166,valencia_46001,3.9,3.9,1.0,ud,,True
2026-05-27,2026-05-27T13:26:58.355193+00:00,73167,valencia_46001,3.9,3.9,1.0,ud,,True
2026-05-27,2026-05-27T13:26:58.355193+00:00,73168,valencia_46001,3.9,3.9,1.0,ud,,True
2026-05-27,2026-05-27T13:26:58.355193+00:00,73169,valencia_46001,3.9,3.9,1.0,ud,,True
2026-05-27,2026-05-27T13:26:58.355193+00:00,73170,valencia_46001,3.9,3.9,1.0,ud,,True
2026-05-27,2026-05-27T13:26:58.355193+00:00,73171,valencia_46001,3.9,3.9,1.0,ud,,True
2026-05-27,2026-05-27T13:26:58.355193+00:00,73172,valencia_46001,3.9,3.9,1.0,ud,,True
2026-05-27,2026-05-27T13:26:58.355193+00:00,73173,valencia_46001,3.9,3.9,1.0,ud,,True
2026-05-27,2026-05-27T13:26:58.355193+00:00,73174,valencia_46001,3.9,3.9,1.0,ud,,True
2026-05-27,2026-05-27T13:26:58.355193+00:00,73175,valencia_46001,3.9,3.9,1.0,ud,,True
2026-05-27,2026-05-27T13:26:58.355193+00:00,73176,valencia_46001,3.9,3.9,1.0,ud,,True
2026-05-27,2026-05-27T13:26:58.355193+00:00,73177,valencia_46001,3.9,3.9,1.0,ud,,True
2026-05-27,2026-05-27T13:26:58.355193+00:00,73178,valencia_46001,3.9,3.9,1.0,ud,,True
2026-05-27,2026-05-27T13:26:58.355193+00:00,73179,valencia_46001,3.9,3.9,1.0,ud,,True
2026-05-27,2026-05-27T13:26:58.355193+00:00,73180,valencia_46001,3.9,3.9,1.0,ud,,True
2026-05-27,2026-05-27T13:26:58.355193+00:00,73181,valencia_46001,3.9,3.9,1.0,ud,,True
2026-05-27,2026-05-27T13:26:58.355193+00:00,73182,valencia_46001,3.9,3.9,1.0,ud,,True
2026-05-27,2026-05-27T13:26:58.355193+00:00,73184,valencia_46001,3.9,3.9,1.0,ud,,True
2026-05-27,2026-05-27T13:26:58.355193+00:00,73185,valencia_46001,3.9,3.9,1.0,ud,,True
2026-05-27,2026-05-27T13:26:58.355193+00:00,73192,valencia_46001,3.9,3.9,1.0,ud,,True
2026-05-27,2026-05-27T13:26:58.355193+00:00,73194,valencia_46001,3.9,3.9,1.0,ud,,True
2026-05-27,2026-05-27T13:26:58.355193+00:00,73195,valencia_46001,3.9,3.9,1.0,ud,,True
2026-05-27,2026-05-27T13:26:58.355193+00:00,73196,valencia_46001,3.9,3.9,1.0,ud,,True
2026-05-27,2026-05-27T13:26:58.355193+00:00,73197,valencia_46001,3.9,3.9,1.0,ud,,True
2026-05-27,2026-05-27T13:26:58.355193+00:00,73198,valencia_46001,3.9,3.9,1.0,ud,,True
2026-05-27,2026-05-27T13:26:58.355193+00:00,73199,valencia_46001,3.9,3.9,1.0,ud,,True
2026-05-27,2026-05-27T13:26:58.355193+00:00,73207,valencia_46001,1.9,4.75,0.4,l,,True
2026-05-27,2026-05-27T13:26:58.355193+00:00,73249,valencia_46001,1.55,12.2,0.127,kg,,True
2026-05-27,2026-05-27T13:26:58.355193+00:00,7325,valencia_46001,0.95,0.95,1.0,l,,True
2026-05-27,2026-05-27T13:26:58.355193+00:00,73252,valencia_46001,3.9,3.9,1.0,ud,,True
2026-05-27,2026-05-27T13:26:58.355193+00:00,73253,valencia_46001,3.9,3.9,1.0,ud,,True
2026-05-27,2026-05-27T13:26:58.355193+00:00,73255,valencia_46001,3.9,3.9,1.0,ud,,True
2026-05-27,2026-05-27T13:26:58.355193+00:00,73256,valencia_46001,3.9,3.9,1.0,ud,,True
2026-05-27,2026-05-27T13:26:58.355193+00:00,73257,valencia_46001,3.9,3.9,1.0,ud,,True
2026-05-27,2026-05-27T13:26:58.355193+00:00,73258,valencia_46001,3.9,3.9,1.0,ud,,True
2026-05-27,2026-05-27T13:26:58.355193+00:00,73259,valencia_46001,3.9,3.9,1.0,ud,,True
2026-05-27,2026-05-27T13:26:58.355193+00:00,73260,valencia_46001,3.9,3.9,1.0,ud,,True
2026-05-27,2026-05-27T13:26:58.355193+00:00,73261,valencia_46001,3.9,3.9,1.0,ud,,True
2026-05-27,2026-05-27T13:26:58.355193+00:00,73262,valencia_46001,3.9,3.9,1.0,ud,,True
2026-05-27,2026-05-27T13:26:58.355193+00:00,73264,valencia_46001,3.9,3.9,1.0,ud,,True
2026-05-27,2026-05-27T13:26:58.355193+00:00,73265,valencia_46001,3.9,3.9,1.0,ud,,True
2026-05-27,2026-05-27T13:26:58.355193+00:00,73266,valencia_46001,3.9,3.9,1.0,ud,,True
2026-05-27,2026-05-27T13:26:58.355193+00:00,73268,valencia_46001,3.9,3.9,1.0,ud,,True
2026-05-27,2026-05-27T13:26:58.355193+00:00,73269,valencia_46001,3.9,3.9,1.0,ud,,True
2026-05-27,2026-05-27T13:26:58.355193+00:00,73270,valencia_46001,3.9,3.9,1.0,ud,,True
2026-05-27,2026-05-27T13:26:58.355193+00:00,73272,valencia_46001,3.9,3.9,1.0,ud,,True
2026-05-27,2026-05-27T13:26:58.355193+00:00,73273,valencia_46001,3.9,3.9,1.0,ud,,True
2026-05-27,2026-05-27T13:26:58.355193+00:00,73274,valencia_46001,3.9,3.9,1.0,ud,,True
2026-05-27,2026-05-27T13:26:58.355193+00:00,7331,valencia_46001,1.75,10.94,0.16,kg,,True
2026-05-27,2026-05-27T13:26:58.355193+00:00,73319,valencia_46001,4.85,4.85,1.0,ud,,True
2026-05-27,2026-05-27T13:26:58.355193+00:00,73331,valencia_46001,2.65,3.96,0.67,kg,,True
2026-05-27,2026-05-27T13:26:58.355193+00:00,73349,valencia_46001,3.0,3.0,0.009,l,,True
2026-05-27,2026-05-27T13:26:58.355193+00:00,73395,valencia_46001,1.2,9.38,0.128,kg,,True
2026-05-27,2026-05-27T13:26:58.355193+00:00,73415,valencia_46001,3.9,3.9,1.0,ud,,True
2026-05-27,2026-05-27T13:26:58.355193+00:00,73431,valencia_46001,2.6,34.67,0.075,l,,True
2026-05-27,2026-05-27T13:26:58.355193+00:00,73443,valencia_46001,1.1,0.11,1.0,ud,,True
2026-05-27,2026-05-27T13:26:58.355193+00:00,73445,valencia_46001,1.5,0.38,1.0,ud,,True
2026-05-27,2026-05-27T13:26:58.355193+00:00,73850,valencia_46001,5.85,58.5,0.1,l,,True
2026-05-27,2026-05-27T13:26:58.355193+00:00,73978,valencia_46001,1.95,19.5,0.1,l,,True
2026-05-27,2026-05-27T13:26:58.355193+00:00,73979,valencia_46001,1.95,19.5,0.1,l,,True
2026-05-27,2026-05-27T13:26:58.355193+00:00,73984,valencia_46001,4.95,33.0,0.15,l,,True
2026-05-27,2026-05-27T13:26:58.355193+00:00,73988,valencia_46001,1.3,0.05,25.0,ud,,True
2026-05-27,2026-05-27T13:26:58.355193+00:00,73999,valencia_46001,2.85,28.5,0.1,l,,True
2026-05-27,2026-05-27T13:26:58.355193+00:00,74044,valencia_46001,1.8,18.0,0.1,l,,True
2026-05-27,2026-05-27T13:26:58.355193+00:00,74079,valencia_46001,1.0,0.06,1.0,ud,,True
2026-05-27,2026-05-27T13:26:58.355193+00:00,74081,valencia_46001,1.3,0.07,1.0,ud,,True
2026-05-27,2026-05-27T13:26:58.355193+00:00,74102,valencia_46001,1.95,26.0,0.075,l,,True
2026-05-27,2026-05-27T13:26:58.355193+00:00,74500,valencia_46001,3.9,19.5,0.2,l,,True
2026-05-27,2026-05-27T13:26:58.355193+00:00,74606,valencia_46001,3.9,19.5,0.2,l,,True
2026-05-27,2026-05-27T13:26:58.355193+00:00,74817,valencia_46001,6.95,139.0,0.05,l,,True
2026-05-27,2026-05-27T13:26:58.355193+00:00,75210,valencia_46001,2.5,6.25,0.4,l,,True
2026-05-27,2026-05-27T13:26:58.355193+00:00,75230,valencia_46001,5.95,14.88,0.4,l,,True
2026-05-27,2026-05-27T13:26:58.355193+00:00,75301,valencia_46001,8.7,8.7,1.0,ud,,True
2026-05-27,2026-05-27T13:26:58.355193+00:00,75302,valencia_46001,8.7,8.7,1.0,ud,,True
2026-05-27,2026-05-27T13:26:58.355193+00:00,75303,valencia_46001,8.7,8.7,1.0,ud,,True
2026-05-27,2026-05-27T13:26:58.355193+00:00,75304,valencia_46001,8.7,8.7,1.0,ud,,True
2026-05-27,2026-05-27T13:26:58.355193+00:00,75305,valencia_46001,8.7,8.7,1.0,ud,,True
2026-05-27,2026-05-27T13:26:58.355193+00:00,75306,valencia_46001,8.7,8.7,1.0,ud,,True
2026-05-27,2026-05-27T13:26:58.355193+00:00,75309,valencia_46001,8.7,8.7,1.0,ud,,True
2026-05-27,2026-05-27T13:26:58.355193+00:00,75532,valencia_46001,3.4,13.6,0.25,l,,True
2026-05-27,2026-05-27T13:26:58.355193+00:00,75625,valencia_46001,8.7,8.7,1.0,ud,,True
2026-05-27,2026-05-27T13:26:58.355193+00:00,76178,valencia_46001,5.5,27.5,0.2,l,,True
2026-05-27,2026-05-27T13:26:58.355193+00:00,76465,valencia_46001,2.8,9.33,0.3,l,,True
2026-05-27,2026-05-27T13:26:58.355193+00:00,76480,valencia_46001,3.0,100.0,0.03,l,,True
2026-05-27,2026-05-27T13:26:58.355193+00:00,76487,valencia_46001,1.15,0.05,25.0,ud,,True
2026-05-27,2026-05-27T13:26:58.355193+00:00,76542,valencia_46001,4.0,16.0,0.25,l,,True
2026-05-27,2026-05-27T13:26:58.355193+00:00,76596,valencia_46001,5.95,14.88,0.4,l,,True
2026-05-27,2026-05-27T13:26:58.355193+00:00,76937,valencia_46001,9.0,90.0,0.1,l,,True
2026-05-27,2026-05-27T13:26:58.355193+00:00,77007,valencia_46001,1.2,16.0,0.075,l,,True
2026-05-27,2026-05-27T13:26:58.355193+00:00,77241,valencia_46001,0.65,2.6,0.25,l,,True
2026-05-27,2026-05-27T13:26:58.355193+00:00,77248,valencia_46001,0.75,3.0,0.25,l,,True
2026-05-27,2026-05-27T13:26:58.355193+00:00,77322,valencia_46001,2.0,8.0,0.25,l,,True
2026-05-27,2026-05-27T13:26:58.355193+00:00,77427,valencia_46001,7.25,0.6,1.0,ud,,True
2026-05-27,2026-05-27T13:26:58.355193+00:00,77441,valencia_46001,8.25,0.69,1.0,ud,,True
2026-05-27,2026-05-27T13:26:58.355193+00:00,77466,valencia_46001,3.9,7.8,0.5,l,,True
2026-05-27,2026-05-27T13:26:58.355193+00:00,77467,valencia_46001,2.5,2.5,1.0,ud,,True
2026-05-27,2026-05-27T13:26:58.355193+00:00,77749,valencia_46001,2.0,20.0,0.1,kg,,True
2026-05-27,2026-05-27T13:26:58.355193+00:00,77783,valencia_46001,3.9,3.9,1.0,ud,,True
2026-05-27,2026-05-27T13:26:58.355193+00:00,77791,valencia_46001,3.9,3.9,1.0,ud,,True
2026-05-27,2026-05-27T13:26:58.355193+00:00,77794,valencia_46001,3.9,3.9,1.0,ud,,True
2026-05-27,2026-05-27T13:26:58.355193+00:00,77795,valencia_46001,3.9,3.9,1.0,ud,,True
2026-05-27,2026-05-27T13:26:58.355193+00:00,77796,valencia_46001,3.9,3.9,1.0,ud,,True
2026-05-27,2026-05-27T13:26:58.355193+00:00,77799,valencia_46001,3.9,3.9,1.0,ud,,True
2026-05-27,2026-05-27T13:26:58.355193+00:00,78031,valencia_46001,1.0,1.0,1.0,ud,,True
2026-05-27,2026-05-27T13:26:58.355193+00:00,78070,valencia_46001,1.9,1.9,1.0,ud,,True
2026-05-27,2026-05-27T13:26:58.355193+00:00,78071,valencia_46001,2.0,2.0,1.0,ud,,True
2026-05-27,2026-05-27T13:26:58.355193+00:00,78073,valencia_46001,2.0,2.0,1.0,ud,,True
2026-05-27,2026-05-27T13:26:58.355193+00:00,78132,valencia_46001,1.97,0.02,100.0,ud,,True
2026-05-27,2026-05-27T13:26:58.355193+00:00,78401,valencia_46001,3.5,233.33,0.015,l,,True
2026-05-27,2026-05-27T13:26:58.355193+00:00,78595,valencia_46001,3.9,3.9,1.0,ud,,True
2026-05-27,2026-05-27T13:26:58.355193+00:00,7867,valencia_46001,1.4,5.83,0.24,kg,,True
2026-05-27,2026-05-27T13:26:58.355193+00:00,78694,valencia_46001,1.35,9.0,0.15,l,,True
2026-05-27,2026-05-27T13:26:58.355193+00:00,7878,valencia_46001,2.0,1.67,1.2,kg,,True
2026-05-27,2026-05-27T13:26:58.355193+00:00,7879,valencia_46001,2.1,2.8,0.75,kg,,True
2026-05-27,2026-05-27T13:26:58.355193+00:00,7883,valencia_46001,2.5,55.56,0.045,l,,True
2026-05-27,2026-05-27T13:26:58.355193+00:00,78861,valencia_46001,3.5,70.0,0.05,kg,,True
2026-05-27,2026-05-27T13:26:58.355193+00:00,7892,valencia_46001,4.5,4.5,0.0055,l,,True
2026-05-27,2026-05-27T13:26:58.355193+00:00,7895,valencia_46001,5.7,0.19,1.0,ud,,True
2026-05-27,2026-05-27T13:26:58.355193+00:00,78975,valencia_46001,1.0,0.08,1.0,ud,,True
2026-05-27,2026-05-27T13:26:58.355193+00:00,79006,valencia_46001,3.23,0.11,30.0,ud,,True
2026-05-27,2026-05-27T13:26:58.355193+00:00,79007,valencia_46001,0.85,0.0,200.0,ud,,True
2026-05-27,2026-05-27T13:26:58.355193+00:00,79063,valencia_46001,3.95,0.13,0.01785,kg,,True
2026-05-27,2026-05-27T13:26:58.355193+00:00,79069,valencia_46001,1.15,0.05,1.0,ud,,True
2026-05-27,2026-05-27T13:26:58.355193+00:00,79083,valencia_46001,1.85,0.09,20.0,ud,,True
2026-05-27,2026-05-27T13:26:58.355193+00:00,79113,valencia_46001,2.45,0.08,1.0,ud,,True
2026-05-27,2026-05-27T13:26:58.355193+00:00,7912,valencia_46001,1.8,3.6,0.5,l,,True
2026-05-27,2026-05-27T13:26:58.355193+00:00,79121,valencia_46001,6.0,120.0,0.05,l,,True
2026-05-27,2026-05-27T13:26:58.355193+00:00,79136,valencia_46001,1.3,0.07,1.0,ud,,True
2026-05-27,2026-05-27T13:26:58.355193+00:00,7914,valencia_46001,5.0,0.17,0.0039,l,,True
2026-05-27,2026-05-27T13:26:58.355193+00:00,79199,valencia_46001,7.95,2.65,1.0,ud,,True
2026-05-27,2026-05-27T13:26:58.355193+00:00,79202,valencia_46001,3.75,9.38,0.4,l,,True
2026-05-27,2026-05-27T13:26:58.355193+00:00,79217,valencia_46001,1.6,4.0,0.4,l,,True
2026-05-27,2026-05-27T13:26:58.355193+00:00,7927,valencia_46001,0.46,5.75,0.08,kg,,True
2026-05-27,2026-05-27T13:26:58.355193+00:00,79344,valencia_46001,2.75,27.5,0.1,l,,True
2026-05-27,2026-05-27T13:26:58.355193+00:00,79407,valencia_46001,1.0,0.01,1.0,ud,,True
2026-05-27,2026-05-27T13:26:58.355193+00:00,79408,valencia_46001,1.4,0.01,1.0,ud,,True
2026-05-27,2026-05-27T13:26:58.355193+00:00,7942,valencia_46001,2.95,8.43,0.35,l,,True
2026-05-27,2026-05-27T13:26:58.355193+00:00,79425,valencia_46001,1.85,1.85,1.0,ud,,True
2026-05-27,2026-05-27T13:26:58.355193+00:00,79427,valencia_46001,1.05,0.01,80.0,ud,,True
2026-05-27,2026-05-27T13:26:58.355193+00:00,79428,valencia_46001,0.75,0.03,24.0,ud,,True
2026-05-27,2026-05-27T13:26:58.355193+00:00,7943,valencia_46001,2.95,8.43,0.35,l,,True
2026-05-27,2026-05-27T13:26:58.355193+00:00,79433,valencia_46001,1.8,0.03,60.0,ud,,True
2026-05-27,2026-05-27T13:26:58.355193+00:00,79438,valencia_46001,1.8,36.0,0.05,l,,True
2026-05-27,2026-05-27T13:26:58.355193+00:00,7944,valencia_46001,2.65,15.59,0.17,l,,True
2026-05-27,2026-05-27T13:26:58.355193+00:00,79446,valencia_46001,1.85,1.85,1.0,ud,,True
2026-05-27,2026-05-27T13:26:58.355193+00:00,79447,valencia_46001,1.85,1.85,1.0,ud,,True
2026-05-27,2026-05-27T13:26:58.355193+00:00,79448,valencia_46001,1.85,1.85,1.0,ud,,True
2026-05-27,2026-05-27T13:26:58.355193+00:00,79470,valencia_46001,3.8,3.8,1.0,ud,,True
2026-05-27,2026-05-27T13:26:58.355193+00:00,79493,valencia_46001,2.5,2.5,1.0,ud,,True
2026-05-27,2026-05-27T13:26:58.355193+00:00,79497,valencia_46001,2.5,2.5,1.0,ud,,True
2026-05-27,2026-05-27T13:26:58.355193+00:00,79501,valencia_46001,2.9,5.8,0.5,l,,True
2026-05-27,2026-05-27T13:26:58.355193+00:00,79506,valencia_46001,1.2,0.12,10.0,ud,,True
2026-05-27,2026-05-27T13:26:58.355193+00:00,79525,valencia_46001,1.35,0.05,1.0,ud,,True
2026-05-27,2026-05-27T13:26:58.355193+00:00,79576,valencia_46001,2.5,2.5,1.0,ud,,True
2026-05-27,2026-05-27T13:26:58.355193+00:00,79593,valencia_46001,2.9,38.67,0.075,l,,True
2026-05-27,2026-05-27T13:26:58.355193+00:00,79594,valencia_46001,1.95,0.1,0.078,kg,,True
2026-05-27,2026-05-27T13:26:58.355193+00:00,79603,valencia_46001,3.0,0.01,240.0,ud,,True
2026-05-27,2026-05-27T13:26:58.355193+00:00,79621,valencia_46001,3.0,0.1,0.0279,kg,,True
2026-05-27,2026-05-27T13:26:58.355193+00:00,7963,valencia_46001,0.95,0.63,1.5,l,,True
2026-05-27,2026-05-27T13:26:58.355193+00:00,79631,valencia_46001,1.15,5.75,0.2,l,,True
2026-05-27,2026-05-27T13:26:58.355193+00:00,79632,valencia_46001,1.3,6.5,0.2,l,,True
2026-05-27,2026-05-27T13:26:58.355193+00:00,79633,valencia_46001,1.7,8.5,0.2,l,,True
2026-05-27,2026-05-27T13:26:58.355193+00:00,79655,valencia_46001,4.95,0.41,0.12,l,,True
2026-05-27,2026-05-27T13:26:58.355193+00:00,79663,valencia_46001,2.5,2.5,1.0,ud,,True
2026-05-27,2026-05-27T13:26:58.355193+00:00,79666,valencia_46001,1.4,1.4,1.0,ud,,True
2026-05-27,2026-05-27T13:26:58.355193+00:00,79667,valencia_46001,1.3,1.3,1.0,ud,,True
2026-05-27,2026-05-27T13:26:58.355193+00:00,79673,valencia_46001,1.5,0.15,1.0,ud,,True
2026-05-27,2026-05-27T13:26:58.355193+00:00,79678,valencia_46001,2.1,2.1,1.0,ud,,True
2026-05-27,2026-05-27T13:26:58.355193+00:00,79704,valencia_46001,4.5,0.15,0.019351,kg,,True
2026-05-27,2026-05-27T13:26:58.355193+00:00,79712,valencia_46001,1.0,0.07,15.0,ud,,True
2026-05-27,2026-05-27T13:26:58.355193+00:00,79715,valencia_46001,3.3,3.3,1.0,ud,,True
2026-05-27,2026-05-27T13:26:58.355193+00:00,79717,valencia_46001,0.95,0.03,1.0,ud,,True
2026-05-27,2026-05-27T13:26:58.355193+00:00,7973,valencia_46001,1.45,4.68,0.31,l,,True
2026-05-27,2026-05-27T13:26:58.355193+00:00,7980,valencia_46001,6.95,6.95,0.01,l,,True
2026-05-27,2026-05-27T13:26:58.355193+00:00,80057,valencia_46001,2.25,0.75,1.0,ud,,True
2026-05-27,2026-05-27T13:26:58.355193+00:00,80177,valencia_46001,2.5,2.99,0.835,kg,,True
2026-05-27,2026-05-27T13:26:58.355193+00:00,80264,valencia_46001,3.75,3.75,1.0,ud,,True
2026-05-27,2026-05-27T13:26:58.355193+00:00,80292,valencia_46001,2.7,2.7,1.0,kg,,True
2026-05-27,2026-05-27T13:26:58.355193+00:00,80293,valencia_46001,0.7,7.78,0.09,kg,,True
2026-05-27,2026-05-27T13:26:58.355193+00:00,80295,valencia_46001,2.5,2.5,1.0,ud,,True
2026-05-27,2026-05-27T13:26:58.355193+00:00,80313,valencia_46001,7.0,4.67,1.5,kg,,True
2026-05-27,2026-05-27T13:26:58.355193+00:00,80316,valencia_46001,4.0,4.0,1.0,ud,,True
2026-05-27,2026-05-27T13:26:58.355193+00:00,80320,valencia_46001,32.5,6.5,5.0,kg,,True
2026-05-27,2026-05-27T13:26:58.355193+00:00,80395,valencia_46001,5.0,5.0,0.005,kg,,True
2026-05-27,2026-05-27T13:26:58.355193+00:00,80396,valencia_46001,5.0,5.0,0.005,kg,,True
2026-05-27,2026-05-27T13:26:58.355193+00:00,80398,valencia_46001,5.0,5.0,1.0,ud,,True
2026-05-27,2026-05-27T13:26:58.355193+00:00,80399,valencia_46001,5.0,5.0,1.0,ud,,True
2026-05-27,2026-05-27T13:26:58.355193+00:00,80405,valencia_46001,1.65,20.63,0.08,kg,,True
2026-05-27,2026-05-27T13:26:58.355193+00:00,80412,valencia_46001,1.55,19.38,0.08,kg,,True
2026-05-27,2026-05-27T13:26:58.355193+00:00,80418,valencia_46001,3.65,49.32,0.074,kg,,True
2026-05-27,2026-05-27T13:26:58.355193+00:00,80421,valencia_46001,5.0,5.0,1.0,ud,,True
2026-05-27,2026-05-27T13:26:58.355193+00:00,80422,valencia_46001,5.0,5.0,1.0,ud,,True
2026-05-27,2026-05-27T13:26:58.355193+00:00,80433,valencia_46001,7.5,7.5,0.022,kg,,True
2026-05-27,2026-05-27T13:26:58.355193+00:00,80434,valencia_46001,7.5,7.5,0.022,kg,,True
2026-05-27,2026-05-27T13:26:58.355193+00:00,8044,valencia_46001,0.85,11.97,0.071,kg,,True
2026-05-27,2026-05-27T13:26:58.355193+00:00,80450,valencia_46001,1.6,5.33,0.3,kg,,True
2026-05-27,2026-05-27T13:26:58.355193+00:00,80478,valencia_46001,1.0,0.67,1.5,l,,True
2026-05-27,2026-05-27T13:26:58.355193+00:00,80492,valencia_46001,2.95,23.6,0.125,kg,,True
2026-05-27,2026-05-27T13:26:58.355193+00:00,80515,valencia_46001,2.1,5.25,0.4,kg,,True
2026-05-27,2026-05-27T13:26:58.355193+00:00,80531,valencia_46001,1.85,5.14,0.36,kg,,True
2026-05-27,2026-05-27T13:26:58.355193+00:00,80771,valencia_46001,2.6,4.33,0.6,kg,,True
2026-05-27,2026-05-27T13:26:58.355193+00:00,80773,valencia_46001,3.4,5.67,0.6,kg,,True
2026-05-27,2026-05-27T13:26:58.355193+00:00,80781,valencia_46001,1.7,6.8,0.25,kg,,True
2026-05-27,2026-05-27T13:26:58.355193+00:00,80782,valencia_46001,1.6,6.4,0.25,kg,,True
2026-05-27,2026-05-27T13:26:58.355193+00:00,80784,valencia_46001,1.6,6.4,0.25,kg,,True
2026-05-27,2026-05-27T13:26:58.355193+00:00,80794,valencia_46001,1.7,6.8,0.25,kg,,True
2026-05-27,2026-05-27T13:26:58.355193+00:00,80795,valencia_46001,2.8,5.6,0.5,kg,,True
2026-05-27,2026-05-27T13:26:58.355193+00:00,80858,valencia_46001,1.05,4.38,0.24,kg,,True
2026-05-27,2026-05-27T13:26:58.355193+00:00,80859,valencia_46001,1.15,3.19,0.36,kg,,True
2026-05-27,2026-05-27T13:26:58.355193+00:00,80862,valencia_46001,1.45,6.04,0.24,kg,,True
2026-05-27,2026-05-27T13:26:58.355193+00:00,80870,valencia_46001,1.5,4.17,0.36,kg,,True
2026-05-27,2026-05-27T13:26:58.355193+00:00,80895,valencia_46001,2.6,4.33,0.6,kg,,True
2026-05-27,2026-05-27T13:26:58.355193+00:00,80939,valencia_46001,1.65,5.5,0.3,kg,,True
2026-05-27,2026-05-27T13:26:58.355193+00:00,80942,valencia_46001,1.55,4.31,0.36,kg,,True
2026-05-27,2026-05-27T13:26:58.355193+00:00,80980,valencia_46001,1.9,8.64,0.22,kg,,True
2026-05-27,2026-05-27T13:26:58.355193+00:00,81055.1,valencia_46001,16.45,11.5,1.43,kg,,True
2026-05-27,2026-05-27T13:26:58.355193+00:00,81055.2,valencia_46001,16.45,11.5,1.43,kg,,True
2026-05-27,2026-05-27T13:26:58.355193+00:00,81055.3,valencia_46001,16.45,11.5,1.43,kg,,True
2026-05-27,2026-05-27T13:26:58.355193+00:00,81100.1,valencia_46001,1.39,6.95,0.2,kg,,True
2026-05-27,2026-05-27T13:26:58.355193+00:00,81100.2,valencia_46001,1.39,6.95,0.2,kg,,True
2026-05-27,2026-05-27T13:26:58.355193+00:00,81200.1,valencia_46001,3.98,7.95,0.5,kg,,True
2026-05-27,2026-05-27T13:26:58.355193+00:00,81200.2,valencia_46001,3.98,7.95,0.5,kg,,True
2026-05-27,2026-05-27T13:26:58.355193+00:00,81200.3,valencia_46001,3.98,7.95,0.5,kg,,True
2026-05-27,2026-05-27T13:26:58.355193+00:00,81204.1,valencia_46001,31.08,13.75,2.26,kg,,True
2026-05-27,2026-05-27T13:26:58.355193+00:00,81204.2,valencia_46001,31.08,13.75,2.26,kg,,True
2026-05-27,2026-05-27T13:26:58.355193+00:00,81204.3,valencia_46001,18.43,13.75,1.34,kg,,True
2026-05-27,2026-05-27T13:26:58.355193+00:00,81204.4,valencia_46001,18.43,13.75,1.34,kg,,True
2026-05-27,2026-05-27T13:26:58.355193+00:00,81225.1,valencia_46001,3.23,26.95,0.12,kg,,True
2026-05-27,2026-05-27T13:26:58.355193+00:00,81225.2,valencia_46001,3.23,26.95,0.12,kg,,True
2026-05-27,2026-05-27T13:26:58.355193+00:00,81234.1,valencia_46001,5.13,9.5,0.54,kg,,True
2026-05-27,2026-05-27T13:26:58.355193+00:00,81234.2,valencia_46001,5.13,9.5,0.54,kg,,True
2026-05-27,2026-05-27T13:26:58.355193+00:00,81234.3,valencia_46001,5.13,9.5,0.54,kg,,True
2026-05-27,2026-05-27T13:26:58.355193+00:00,81234.4,valencia_46001,5.13,9.5,0.54,kg,,True
2026-05-27,2026-05-27T13:26:58.355193+00:00,81234.5,valencia_46001,5.13,9.5,0.54,kg,,True
2026-05-27,2026-05-27T13:26:58.355193+00:00,81241.1,valencia_46001,3.99,10.5,0.38,kg,,True
2026-05-27,2026-05-27T13:26:58.355193+00:00,81241.2,valencia_46001,3.99,10.5,0.38,kg,,True
2026-05-27,2026-05-27T13:26:58.355193+00:00,81241.3,valencia_46001,3.99,10.5,0.38,kg,,True
2026-05-27,2026-05-27T13:26:58.355193+00:00,81241.4,valencia_46001,3.99,10.5,0.38,kg,,True
2026-05-27,2026-05-27T13:26:58.355193+00:00,81241.5,valencia_46001,3.99,10.5,0.38,kg,,True
2026-05-27,2026-05-27T13:26:58.355193+00:00,8138,valencia_46001,0.8,1.6,0.5,kg,,True
2026-05-27,2026-05-27T13:26:58.355193+00:00,81416,valencia_46001,6.2,12.4,0.5,kg,,True
2026-05-27,2026-05-27T13:26:58.355193+00:00,81422,valencia_46001,4.5,9.0,0.5,kg,,True
2026-05-27,2026-05-27T13:26:58.355193+00:00,81443,valencia_46001,4.35,8.7,0.5,kg,,True
2026-05-27,2026-05-27T13:26:58.355193+00:00,81649.1,valencia_46001,39.08,11.95,3.27,kg,,True
2026-05-27,2026-05-27T13:26:58.355193+00:00,81649.2,valencia_46001,39.08,11.95,3.27,kg,,True
2026-05-27,2026-05-27T13:26:58.355193+00:00,81649.3,valencia_46001,39.08,11.95,3.27,kg,,True
2026-05-27,2026-05-27T13:26:58.355193+00:00,81649.4,valencia_46001,19.6,11.95,1.64,kg,,True
2026-05-27,2026-05-27T13:26:58.355193+00:00,81649.5,valencia_46001,19.6,11.95,1.64,kg,,True
2026-05-27,2026-05-27T13:26:58.355193+00:00,81649.6,valencia_46001,19.6,11.95,1.64,kg,,True
2026-05-27,2026-05-27T13:26:58.355193+00:00,81661.2,valencia_46001,1.19,5.95,0.2,kg,,True
2026-05-27,2026-05-27T13:26:58.355193+00:00,81704,valencia_46001,7.18,15.95,0.45,kg,,True
2026-05-27,2026-05-27T13:26:58.355193+00:00,81745,valencia_46001,787.05,7.95,,kg,,True
2026-05-27,2026-05-27T13:26:58.355193+00:00,8175,valencia_46001,0.76,2.7,0.28,kg,,True
2026-05-27,2026-05-27T13:26:58.355193+00:00,8177,valencia_46001,0.54,2.7,0.2,kg,,True
2026-05-27,2026-05-27T13:26:58.355193+00:00,8179,valencia_46001,2.0,5.0,0.4,kg,,True
2026-05-27,2026-05-27T13:26:58.355193+00:00,8180,valencia_46001,1.85,9.25,0.2,kg,,True
2026-05-27,2026-05-27T13:26:58.355193+00:00,82007,valencia_46001,1.05,6.56,0.16,kg,,True
2026-05-27,2026-05-27T13:26:58.355193+00:00,82032,valencia_46001,2.5,3.57,0.7,kg,,True
2026-05-27,2026-05-27T13:26:58.355193+00:00,82070,valencia_46001,1.32,13.2,0.1,kg,,True
2026-05-27,2026-05-27T13:26:58.355193+00:00,82090,valencia_46001,1.7,4.86,0.35,kg,,True
2026-05-27,2026-05-27T13:26:58.355193+00:00,82098,valencia_46001,2.25,4.5,0.5,kg,,True
2026-05-27,2026-05-27T13:26:58.355193+00:00,82099,valencia_46001,2.0,6.67,0.3,kg,,True
2026-05-27,2026-05-27T13:26:58.355193+00:00,82117,valencia_46001,0.76,6.33,0.12,kg,,True
2026-05-27,2026-05-27T13:26:58.355193+00:00,82130,valencia_46001,0.65,3.71,0.175,kg,,True
2026-05-27,2026-05-27T13:26:58.355193+00:00,82150,valencia_46001,2.45,8.75,0.28,kg,,True
2026-05-27,2026-05-27T13:26:58.355193+00:00,82190,valencia_46001,1.28,7.53,0.17,kg,,True
2026-05-27,2026-05-27T13:26:58.355193+00:00,82199,valencia_46001,1.28,7.53,0.17,kg,,True
2026-05-27,2026-05-27T13:26:58.355193+00:00,82219,valencia_46001,0.85,1.13,0.75,kg,,True
2026-05-27,2026-05-27T13:26:58.355193+00:00,82221,valencia_46001,1.3,10.83,0.12,kg,,True
2026-05-27,2026-05-27T13:26:58.355193+00:00,82222,valencia_46001,0.9,6.34,0.142,kg,,True
2026-05-27,2026-05-27T13:26:58.355193+00:00,82227,valencia_46001,1.0,2.0,0.5,kg,,True
2026-05-27,2026-05-27T13:26:58.355193+00:00,82277,valencia_46001,1.15,3.83,0.3,kg,,True
2026-05-27,2026-05-27T13:26:58.355193+00:00,82279,valencia_46001,0.8,3.2,0.25,kg,,True
2026-05-27,2026-05-27T13:26:58.355193+00:00,82287,valencia_46001,1.7,3.09,0.55,kg,,True
2026-05-27,2026-05-27T13:26:58.355193+00:00,82290,valencia_46001,2.25,4.09,0.55,kg,,True
2026-05-27,2026-05-27T13:26:58.355193+00:00,82295,valencia_46001,1.3,2.83,0.46,kg,,True
2026-05-27,2026-05-27T13:26:58.355193+00:00,82302,valencia_46001,1.35,1.88,0.72,kg,,True
2026-05-27,2026-05-27T13:26:58.355193+00:00,82322,valencia_46001,1.05,2.33,0.45,kg,,True
2026-05-27,2026-05-27T13:26:58.355193+00:00,82324,valencia_46001,1.15,1.4,0.82,kg,,True
2026-05-27,2026-05-27T13:26:58.355193+00:00,82326,valencia_46001,1.7,2.07,0.82,kg,,True
2026-05-27,2026-05-27T13:26:58.355193+00:00,82328,valencia_46001,0.9,1.96,0.46,kg,,True
2026-05-27,2026-05-27T13:26:58.355193+00:00,82331,valencia_46001,0.95,4.32,0.22,kg,,True
2026-05-27,2026-05-27T13:26:58.355193+00:00,82332,valencia_46001,0.9,2.73,0.33,kg,,True
2026-05-27,2026-05-27T13:26:58.355193+00:00,82352,valencia_46001,1.0,2.0,0.5,kg,,True
2026-05-27,2026-05-27T13:26:58.355193+00:00,82365,valencia_46001,1.05,4.2,0.25,kg,,True
2026-05-27,2026-05-27T13:26:58.355193+00:00,82380.1,valencia_46001,2.0,2.67,0.75,kg,,True
2026-05-27,2026-05-27T13:26:58.355193+00:00,82380.2,valencia_46001,2.0,2.67,0.75,kg,,True
2026-05-27,2026-05-27T13:26:58.355193+00:00,82412,valencia_46001,1.85,3.7,0.5,kg,,True
2026-05-27,2026-05-27T13:26:58.355193+00:00,82417,valencia_46001,1.3,5.2,0.25,kg,,True
2026-05-27,2026-05-27T13:26:58.355193+00:00,8243,valencia_46001,1.2,8.0,0.15,kg,,True
2026-05-27,2026-05-27T13:26:58.355193+00:00,82439,valencia_46001,1.85,3.7,0.5,kg,,True
2026-05-27,2026-05-27T13:26:58.355193+00:00,8244,valencia_46001,1.2,8.0,0.15,kg,,True
2026-05-27,2026-05-27T13:26:58.355193+00:00,8246,valencia_46001,1.2,8.0,0.15,kg,,True
2026-05-27,2026-05-27T13:26:58.355193+00:00,8247,valencia_46001,1.0,1.0,1.0,l,,True
2026-05-27,2026-05-27T13:26:58.355193+00:00,8248,valencia_46001,1.5,1.25,1.2,l,,True
2026-05-27,2026-05-27T13:26:58.355193+00:00,8252,valencia_46001,4.84,10.3,0.47,kg,,True
2026-05-27,2026-05-27T13:26:58.355193+00:00,82551,valencia_46001,1.45,7.55,0.192,kg,,True
2026-05-27,2026-05-27T13:26:58.355193+00:00,82585,valencia_46001,1.9,4.75,0.4,kg,,True
2026-05-27,2026-05-27T13:26:58.355193+00:00,82599,valencia_46001,1.65,6.6,0.25,kg,,True
2026-05-27,2026-05-27T13:26:58.355193+00:00,8260,valencia_46001,4.0,20.0,0.2,l,,True
2026-05-27,2026-05-27T13:26:58.355193+00:00,82609,valencia_46001,1.5,6.0,0.25,kg,,True
2026-05-27,2026-05-27T13:26:58.355193+00:00,82610.1,valencia_46001,12.42,11.5,1.08,kg,,True
2026-05-27,2026-05-27T13:26:58.355193+00:00,82610.2,valencia_46001,12.42,11.5,1.08,kg,,True
2026-05-27,2026-05-27T13:26:58.355193+00:00,82610.3,valencia_46001,12.42,11.5,1.08,kg,,True
2026-05-27,2026-05-27T13:26:58.355193+00:00,82610.4,valencia_46001,8.17,11.5,0.71,kg,,True
2026-05-27,2026-05-27T13:26:58.355193+00:00,82610.5,valencia_46001,8.17,11.5,0.71,kg,,True
2026-05-27,2026-05-27T13:26:58.355193+00:00,82610.6,valencia_46001,8.17,11.5,0.71,kg,,True
2026-05-27,2026-05-27T13:26:58.355193+00:00,82626,valencia_46001,1.65,6.88,0.24,kg,,True
2026-05-27,2026-05-27T13:26:58.355193+00:00,8264,valencia_46001,1.3,16.25,0.08,kg,,True
2026-05-27,2026-05-27T13:26:58.355193+00:00,82651,valencia_46001,1.7,8.5,0.2,kg,,True
2026-05-27,2026-05-27T13:26:58.355193+00:00,82655,valencia_46001,1.13,4.52,0.25,kg,,True
2026-05-27,2026-05-27T13:26:58.355193+00:00,82656,valencia_46001,2.0,5.71,0.35,kg,,True
2026-05-27,2026-05-27T13:26:58.355193+00:00,82665,valencia_46001,1.15,9.58,0.12,kg,,True
2026-05-27,2026-05-27T13:26:58.355193+00:00,8268,valencia_46001,3.89,2.4,1.62,kg,,True
2026-05-27,2026-05-27T13:26:58.355193+00:00,82699,valencia_46001,2.0,4.17,0.48,kg,,True
2026-05-27,2026-05-27T13:26:58.355193+00:00,82728,valencia_46001,1.42,8.26,0.172,kg,,True
2026-05-27,2026-05-27T13:26:58.355193+00:00,82731,valencia_46001,2.1,6.0,0.35,kg,,True
2026-05-27,2026-05-27T13:26:58.355193+00:00,82732,valencia_46001,2.1,7.5,0.28,kg,,True
2026-05-27,2026-05-27T13:26:58.355193+00:00,82735,valencia_46001,2.96,9.87,0.3,kg,,True
2026-05-27,2026-05-27T13:26:58.355193+00:00,82753,valencia_46001,1.95,11.14,0.175,kg,,True
2026-05-27,2026-05-27T13:26:58.355193+00:00,82757,valencia_46001,2.55,12.14,0.21,kg,,True
2026-05-27,2026-05-27T13:26:58.355193+00:00,82765,valencia_46001,1.32,7.95,0.166,kg,,True
2026-05-27,2026-05-27T13:26:58.355193+00:00,82770,valencia_46001,1.32,7.95,0.166,kg,,True
2026-05-27,2026-05-27T13:26:58.355193+00:00,82772,valencia_46001,1.37,8.9,0.154,kg,,True
2026-05-27,2026-05-27T13:26:58.355193+00:00,82773,valencia_46001,1.37,8.9,0.154,kg,,True
2026-05-27,2026-05-27T13:26:58.355193+00:00,82786,valencia_46001,0.8,8.0,0.1,kg,,True
2026-05-27,2026-05-27T13:26:58.355193+00:00,82787,valencia_46001,0.8,8.0,0.1,kg,,True
2026-05-27,2026-05-27T13:26:58.355193+00:00,82788,valencia_46001,0.7,7.0,0.1,kg,,True
2026-05-27,2026-05-27T13:26:58.355193+00:00,82790,valencia_46001,6.8,6.8,1.0,kg,,True
2026-05-27,2026-05-27T13:26:58.355193+00:00,8280,valencia_46001,3.6,2.4,1.5,kg,,True
2026-05-27,2026-05-27T13:26:58.355193+00:00,82830.1,valencia_46001,0.65,2.6,0.25,kg,,True
2026-05-27,2026-05-27T13:26:58.355193+00:00,82830.2,valencia_46001,0.65,2.6,0.25,kg,,True
2026-05-27,2026-05-27T13:26:58.355193+00:00,82839,valencia_46001,1.45,14.5,0.1,kg,,True
2026-05-27,2026-05-27T13:26:58.355193+00:00,82842,valencia_46001,1.47,5.88,0.25,kg,,True
2026-05-27,2026-05-27T13:26:58.355193+00:00,82892,valencia_46001,1.32,9.3,0.142,kg,,True
2026-05-27,2026-05-27T13:26:58.355193+00:00,8290,valencia_46001,4.5,4.5,1.0,ud,,True
2026-05-27,2026-05-27T13:26:58.355193+00:00,82900,valencia_46001,1.9,7.6,0.25,kg,,True
2026-05-27,2026-05-27T13:26:58.355193+00:00,82905,valencia_46001,1.55,5.74,0.27,kg,,True
2026-05-27,2026-05-27T13:26:58.355193+00:00,82908,valencia_46001,2.15,11.94,0.18,kg,,True
2026-05-27,2026-05-27T13:26:58.355193+00:00,8291,valencia_46001,4.5,4.5,1.0,ud,,True
2026-05-27,2026-05-27T13:26:58.355193+00:00,8292,valencia_46001,4.5,4.5,1.0,ud,,True
2026-05-27,2026-05-27T13:26:58.355193+00:00,82920,valencia_46001,2.7,18.0,0.15,kg,,True
2026-05-27,2026-05-27T13:26:58.355193+00:00,82931,valencia_46001,1.85,4.3,0.43,kg,,True
2026-05-27,2026-05-27T13:26:58.355193+00:00,82932,valencia_46001,1.95,5.2,0.375,kg,,True
2026-05-27,2026-05-27T13:26:58.355193+00:00,82933,valencia_46001,1.85,3.85,0.48,kg,,True
2026-05-27,2026-05-27T13:26:58.355193+00:00,82938,valencia_46001,2.2,12.22,0.18,kg,,True
2026-05-27,2026-05-27T13:26:58.355193+00:00,8294,valencia_46001,4.65,4.65,1.0,ud,,True
2026-05-27,2026-05-27T13:26:58.355193+00:00,8299,valencia_46001,4.65,4.65,1.0,ud,,True
2026-05-27,2026-05-27T13:26:58.355193+00:00,8300,valencia_46001,4.65,4.65,1.0,ud,,True
2026-05-27,2026-05-27T13:26:58.355193+00:00,8301,valencia_46001,4.5,4.5,0.004,kg,,True
2026-05-27,2026-05-27T13:26:58.355193+00:00,8303,valencia_46001,4.5,4.5,0.004,kg,,True
2026-05-27,2026-05-27T13:26:58.355193+00:00,83056,valencia_46001,1.47,3.16,0.465,kg,,True
2026-05-27,2026-05-27T13:26:58.355193+00:00,8308,valencia_46001,5.4,27.0,0.2,kg,,True
2026-05-27,2026-05-27T13:26:58.355193+00:00,8309,valencia_46001,2.0,13.51,0.148,kg,,True
2026-05-27,2026-05-27T13:26:58.355193+00:00,83116,valencia_46001,0.35,3.89,0.09,kg,,True
2026-05-27,2026-05-27T13:26:58.355193+00:00,8315,valencia_46001,6.0,6.0,0.01,kg,,True
2026-05-27,2026-05-27T13:26:58.355193+00:00,8317,valencia_46001,4.75,4.75,0.012,l,,True
2026-05-27,2026-05-27T13:26:58.355193+00:00,8318,valencia_46001,4.75,4.75,0.012,l,,True
2026-05-27,2026-05-27T13:26:58.355193+00:00,8319,valencia_46001,4.75,4.75,0.012,l,,True
2026-05-27,2026-05-27T13:26:58.355193+00:00,8320,valencia_46001,4.75,4.75,0.012,l,,True
2026-05-27,2026-05-27T13:26:58.355193+00:00,83202.1,valencia_46001,0.5,2.0,0.25,kg,,True
2026-05-27,2026-05-27T13:26:58.355193+00:00,83202.2,valencia_46001,0.5,2.0,0.25,kg,,True
2026-05-27,2026-05-27T13:26:58.355193+00:00,83203.1,valencia_46001,1.19,1.59,0.75,kg,,True
2026-05-27,2026-05-27T13:26:58.355193+00:00,83203.2,valencia_46001,1.19,1.59,0.75,kg,,True
2026-05-27,2026-05-27T13:26:58.355193+00:00,83230,valencia_46001,0.57,2.28,0.25,kg,,True
2026-05-27,2026-05-27T13:26:58.355193+00:00,83231.1,valencia_46001,0.57,2.85,0.2,kg,,True
2026-05-27,2026-05-27T13:26:58.355193+00:00,83231.2,valencia_46001,0.57,2.85,0.2,kg,,True
2026-05-27,2026-05-27T13:26:58.355193+00:00,83232.1,valencia_46001,1.51,2.52,0.6,kg,,True
2026-05-27,2026-05-27T13:26:58.355193+00:00,83232.2,valencia_46001,1.51,2.52,0.6,kg,,True
2026-05-27,2026-05-27T13:26:58.355193+00:00,83284,valencia_46001,0.33,4.13,0.08,kg,,True
2026-05-27,2026-05-27T13:26:58.355193+00:00,83292,valencia_46001,1.05,4.38,0.24,kg,,True
2026-05-27,2026-05-27T13:26:58.355193+00:00,83452,valencia_46001,1.35,2.16,0.625,kg,,True
2026-05-27,2026-05-27T13:26:58.355193+00:00,83490,valencia_46001,1084.05,10.95,,kg,,True
2026-05-27,2026-05-27T13:26:58.355193+00:00,83547,valencia_46001,1.5,2.21,0.68,kg,,True
2026-05-27,2026-05-27T13:26:58.355193+00:00,83558,valencia_46001,1.5,3.0,0.5,kg,,True
2026-05-27,2026-05-27T13:26:58.355193+00:00,83560,valencia_46001,1.28,1.83,0.7,kg,,True
2026-05-27,2026-05-27T13:26:58.355193+00:00,8357,valencia_46001,3.95,5.49,0.72,l,,True
2026-05-27,2026-05-27T13:26:58.355193+00:00,83594,valencia_46001,0.4,5.0,0.08,kg,,True
2026-05-27,2026-05-27T13:26:58.355193+00:00,83664,valencia_46001,0.55,10.0,0.055,kg,,True
2026-05-27,2026-05-27T13:26:58.355193+00:00,8370,valencia_46001,1.95,4875.0,0.0004,kg,,True
2026-05-27,2026-05-27T13:26:58.355193+00:00,83789,valencia_46001,2.2,4.07,0.54,kg,,True
2026-05-27,2026-05-27T13:26:58.355193+00:00,83869,valencia_46001,1.55,2.67,0.58,kg,,True
2026-05-27,2026-05-27T13:26:58.355193+00:00,83886,valencia_46001,1.15,1.4,0.82,kg,,True
2026-05-27,2026-05-27T13:26:58.355193+00:00,83995,valencia_46001,3.5,4.38,0.8,kg,,True
2026-05-27,2026-05-27T13:26:58.355193+00:00,84284,valencia_46001,3.6,7.2,0.5,kg,,True
2026-05-27,2026-05-27T13:26:58.355193+00:00,84287,valencia_46001,7.2,6.43,1.12,kg,,True
2026-05-27,2026-05-27T13:26:58.355193+00:00,84289,valencia_46001,3.65,7.3,0.5,kg,,True
2026-05-27,2026-05-27T13:26:58.355193+00:00,84358,valencia_46001,1.0,12.05,0.083,kg,,True
2026-05-27,2026-05-27T13:26:58.355193+00:00,84429,valencia_46001,1.25,7.58,0.165,kg,,True
2026-05-27,2026-05-27T13:26:58.355193+00:00,84458,valencia_46001,1.0,12.5,0.08,kg,,True
2026-05-27,2026-05-27T13:26:58.355193+00:00,8448,valencia_46001,1.0,2.0,0.5,l,,True
2026-05-27,2026-05-27T13:26:58.355193+00:00,84503,valencia_46001,1.4,11.67,0.12,kg,,True
2026-05-27,2026-05-27T13:26:58.355193+00:00,84597,valencia_46001,2.8,7.18,0.39,kg,,True
2026-05-27,2026-05-27T13:26:58.355193+00:00,84622,valencia_46001,1.4,14.0,0.1,kg,,True
2026-05-27,2026-05-27T13:26:58.355193+00:00,84629,valencia_46001,2.15,8.96,0.24,kg,,True
2026-05-27,2026-05-27T13:26:58.355193+00:00,84638,valencia_46001,1.4,7.18,0.195,kg,,True
2026-05-27,2026-05-27T13:26:58.355193+00:00,84654,valencia_46001,1.55,8.52,0.182,kg,,True
2026-05-27,2026-05-27T13:26:58.355193+00:00,84663,valencia_46001,1.0,9.71,0.103,kg,,True
2026-05-27,2026-05-27T13:26:58.355193+00:00,84676,valencia_46001,1.75,8.84,0.2,kg,,True
2026-05-27,2026-05-27T13:26:58.355193+00:00,84684,valencia_46001,2.7,7.11,0.38,kg,,True
2026-05-27,2026-05-27T13:26:58.355193+00:00,84688,valencia_46001,1.75,6.36,0.28,kg,,True
2026-05-27,2026-05-27T13:26:58.355193+00:00,84692,valencia_46001,0.55,11.0,0.05,kg,,True
2026-05-27,2026-05-27T13:26:58.355193+00:00,84706,valencia_46001,1.4,11.67,0.12,kg,,True
2026-05-27,2026-05-27T13:26:58.355193+00:00,84710,valencia_46001,1.35,6.75,0.2,kg,,True
2026-05-27,2026-05-27T13:26:58.355193+00:00,84736,valencia_46001,3.15,10.5,0.3,kg,,True
2026-05-27,2026-05-27T13:26:58.355193+00:00,84754,valencia_46001,1.45,12.08,0.12,kg,,True
2026-05-27,2026-05-27T13:26:58.355193+00:00,84785,valencia_46001,1.55,6.46,0.24,kg,,True
2026-05-27,2026-05-27T13:26:58.355193+00:00,84900,valencia_46001,3.1,8.16,0.38,kg,,True
2026-05-27,2026-05-27T13:26:58.355193+00:00,84937,valencia_46001,2.55,8.5,0.3,kg,,True
2026-05-27,2026-05-27T13:26:58.355193+00:00,84940,valencia_46001,0.9,6.92,0.13,kg,,True
2026-05-27,2026-05-27T13:26:58.355193+00:00,85028,valencia_46001,2.4,6.67,0.36,kg,,True
2026-05-27,2026-05-27T13:26:58.355193+00:00,8553,valencia_46001,1.75,17.5,0.1,kg,,True
2026-05-27,2026-05-27T13:26:58.355193+00:00,8566,valencia_46001,153.0,18.0,8.5,kg,,True
2026-05-27,2026-05-27T13:26:58.355193+00:00,85786,valencia_46001,0.39,5.75,0.068,kg,,True
2026-05-27,2026-05-27T13:26:58.355193+00:00,85787,valencia_46001,0.37,5.75,0.064,kg,,True
2026-05-27,2026-05-27T13:26:58.355193+00:00,85788,valencia_46001,0.21,5.75,0.037,kg,,True
2026-05-27,2026-05-27T13:26:58.355193+00:00,85795,valencia_46001,0.58,5.75,0.1,kg,,True
2026-05-27,2026-05-27T13:26:58.355193+00:00,85827,valencia_46001,1.9,3.45,0.55,kg,,True
2026-05-27,2026-05-27T13:26:58.355193+00:00,86008,valencia_46001,1.8,3.27,0.55,kg,,True
2026-05-27,2026-05-27T13:26:58.355193+00:00,86033,valencia_46001,2.4,7.06,0.34,kg,,True
2026-05-27,2026-05-27T13:26:58.355193+00:00,86046,valencia_46001,7.74,1.29,6.0,l,,True
2026-05-27,2026-05-27T13:26:58.355193+00:00,86074,valencia_46001,3.45,7.67,0.45,kg,,True
2026-05-27,2026-05-27T13:26:58.355193+00:00,86087,valencia_46001,2.0,2.0,1.0,kg,,True
2026-05-27,2026-05-27T13:26:58.355193+00:00,86088,valencia_46001,2.65,13.25,0.2,l,,True
2026-05-27,2026-05-27T13:26:58.355193+00:00,86089,valencia_46001,2.65,13.25,0.2,l,,True
2026-05-27,2026-05-27T13:26:58.355193+00:00,86100,valencia_46001,3.9,4.79,0.815,kg,,True
2026-05-27,2026-05-27T13:26:58.355193+00:00,86117,valencia_46001,6.3,5.25,1.2,l,,True
2026-05-27,2026-05-27T13:26:58.355193+00:00,86118,valencia_46001,1.1,5.5,0.2,l,,True
2026-05-27,2026-05-27T13:26:58.355193+00:00,86133,valencia_46001,13.5,13.5,1.0,ud,,True
2026-05-27,2026-05-27T13:26:58.355193+00:00,86145,valencia_46001,1.2,8.0,0.15,kg,,True
2026-05-27,2026-05-27T13:26:58.355193+00:00,86146,valencia_46001,1.35,9.0,0.15,kg,,True
2026-05-27,2026-05-27T13:26:58.355193+00:00,86167,valencia_46001,1.2,1.2,1.0,l,,True
2026-05-27,2026-05-27T13:26:58.355193+00:00,86168,valencia_46001,7.2,1.2,6.0,l,,True
2026-05-27,2026-05-27T13:26:58.355193+00:00,86171,valencia_46001,15.95,39.88,0.4,l,,True
2026-05-27,2026-05-27T13:26:58.355193+00:00,86190,valencia_46001,3.5,14.0,0.25,kg,,True
2026-05-27,2026-05-27T13:26:58.355193+00:00,86202,valencia_46001,3.5,14.0,0.25,kg,,True
2026-05-27,2026-05-27T13:26:58.355193+00:00,86215,valencia_46001,0.8,3.2,0.25,kg,,True
2026-05-27,2026-05-27T13:26:58.355193+00:00,86232,valencia_46001,6.0,8.57,0.7,l,,True
2026-05-27,2026-05-27T13:26:58.355193+00:00,86236,valencia_46001,2.2,3.06,0.72,l,,True
2026-05-27,2026-05-27T13:26:58.355193+00:00,86238,valencia_46001,3.35,13.4,0.25,kg,,True
2026-05-27,2026-05-27T13:26:58.355193+00:00,86245,valencia_46001,1.94,4.04,0.48,kg,,True
2026-05-27,2026-05-27T13:26:58.355193+00:00,86276,valencia_46001,1.95,19.5,0.1,kg,,True
2026-05-27,2026-05-27T13:26:58.355193+00:00,86288,valencia_46001,1.6,5.33,0.3,kg,,True
2026-05-27,2026-05-27T13:26:58.355193+00:00,86295,valencia_46001,6.0,30.0,0.2,l,,True
2026-05-27,2026-05-27T13:26:58.355193+00:00,86306,valencia_46001,2.75,6.88,0.4,l,,True
2026-05-27,2026-05-27T13:26:58.355193+00:00,86318,valencia_46001,12.5,50.0,0.25,l,,True
2026-05-27,2026-05-27T13:26:58.355193+00:00,86328,valencia_46001,1.85,8.89,0.208,kg,,True
2026-05-27,2026-05-27T13:26:58.355193+00:00,86330,valencia_46001,3.41,6.2,0.55,kg,,True
2026-05-27,2026-05-27T13:26:58.355193+00:00,86331,valencia_46001,2.0,1.67,1.2,kg,,True
2026-05-27,2026-05-27T13:26:58.355193+00:00,86333,valencia_46001,1.0,1.67,0.6,kg,,True
2026-05-27,2026-05-27T13:26:58.355193+00:00,86340,valencia_46001,1.35,1.8,0.75,l,,True
2026-05-27,2026-05-27T13:26:58.355193+00:00,86341,valencia_46001,1.3,1.63,0.8,kg,,True
2026-05-27,2026-05-27T13:26:58.355193+00:00,86345,valencia_46001,2.3,5.75,0.4,l,,True
2026-05-27,2026-05-27T13:26:58.355193+00:00,86348,valencia_46001,3.35,0.21,0.1536,kg,,True
2026-05-27,2026-05-27T13:26:58.355193+00:00,86352,valencia_46001,4.0,0.13,1.0,ud,,True
2026-05-27,2026-05-27T13:26:58.355193+00:00,86353,valencia_46001,3.85,0.16,1.0,ud,,True
2026-05-27,2026-05-27T13:26:58.355193+00:00,86354,valencia_46001,1.45,7.25,0.2,kg,,True
2026-05-27,2026-05-27T13:26:58.355193+00:00,86358,valencia_46001,1.1,15.71,0.07,kg,,True
2026-05-27,2026-05-27T13:26:58.355193+00:00,86368,valencia_46001,2.1,4.2,0.5,kg,,True
2026-05-27,2026-05-27T13:26:58.355193+00:00,86379,valencia_46001,4.95,8.59,0.576,l,,True
2026-05-27,2026-05-27T13:26:58.355193+00:00,86380,valencia_46001,3.95,0.2,0.298,kg,,True
2026-05-27,2026-05-27T13:26:58.355193+00:00,86382,valencia_46001,8.0,80.0,0.1,l,,True
2026-05-27,2026-05-27T13:26:58.355193+00:00,86384,valencia_46001,8.0,80.0,0.1,l,,True
2026-05-27,2026-05-27T13:26:58.355193+00:00,86385,valencia_46001,0.95,0.95,1.0,l,,True
2026-05-27,2026-05-27T13:26:58.355193+00:00,86386,valencia_46001,1.0,1.01,0.99,l,,True
2026-05-27,2026-05-27T13:26:58.355193+00:00,86387,valencia_46001,1.2,1.0,1.2,l,,True
2026-05-27,2026-05-27T13:26:58.355193+00:00,86388,valencia_46001,0.95,0.95,1.0,l,,True
2026-05-27,2026-05-27T13:26:58.355193+00:00,86390,valencia_46001,1.0,1.01,0.99,l,,True
2026-05-27,2026-05-27T13:26:58.355193+00:00,86392,valencia_46001,1.2,1.0,1.2,l,,True
2026-05-27,2026-05-27T13:26:58.355193+00:00,86395,valencia_46001,3.91,7.1,0.55,kg,,True
2026-05-27,2026-05-27T13:26:58.355193+00:00,86397,valencia_46001,3.4,1.13,3.0,l,,True
2026-05-27,2026-05-27T13:26:58.355193+00:00,86399,valencia_46001,3.4,1.13,3.0,l,,True
2026-05-27,2026-05-27T13:26:58.355193+00:00,86400,valencia_46001,5.85,1.95,3.0,l,,True
2026-05-27,2026-05-27T13:26:58.355193+00:00,86403,valencia_46001,2.75,6.11,0.45,kg,,True
2026-05-27,2026-05-27T13:26:58.355193+00:00,86404,valencia_46001,2.5,20.83,0.12,kg,,True
2026-05-27,2026-05-27T13:26:58.355193+00:00,86408,valencia_46001,2.9,2.9,1.0,l,,True
2026-05-27,2026-05-27T13:26:58.355193+00:00,86414,valencia_46001,3.9,3.9,1.0,ud,,True
2026-05-27,2026-05-27T13:26:58.355193+00:00,86416,valencia_46001,4.5,6.0,0.75,l,,True
2026-05-27,2026-05-27T13:26:58.355193+00:00,86418,valencia_46001,1.3,3.94,0.33,l,,True
2026-05-27,2026-05-27T13:26:58.355193+00:00,86419,valencia_46001,1.3,3.94,0.33,l,,True
2026-05-27,2026-05-27T13:26:58.355193+00:00,86442,valencia_46001,2.7,18.0,0.15,kg,,True
2026-05-27,2026-05-27T13:26:58.355193+00:00,86444,valencia_46001,2.55,17.0,0.15,kg,,True
2026-05-27,2026-05-27T13:26:58.355193+00:00,86449,valencia_46001,3.4,0.11,1.0,ud,,True
2026-05-27,2026-05-27T13:26:58.355193+00:00,86450,valencia_46001,3.4,0.12,1.0,ud,,True
2026-05-27,2026-05-27T13:26:58.355193+00:00,86464,valencia_46001,2.3,2.3,1.0,ud,,True
2026-05-27,2026-05-27T13:26:58.355193+00:00,86480,valencia_46001,2.35,3.13,0.75,l,,True
2026-05-27,2026-05-27T13:26:58.355193+00:00,86483,valencia_46001,1.75,16.06,0.109,kg,,True
2026-05-27,2026-05-27T13:26:58.355193+00:00,86503,valencia_46001,3.19,7.98,0.4,kg,,True
2026-05-27,2026-05-27T13:26:58.355193+00:00,86505,valencia_46001,2.9,7.25,0.4,kg,,True
2026-05-27,2026-05-27T13:26:58.355193+00:00,86511,valencia_46001,2.4,12.0,0.2,kg,,True
2026-05-27,2026-05-27T13:26:58.355193+00:00,86525,valencia_46001,4.85,6.47,0.75,l,,True
2026-05-27,2026-05-27T13:26:58.355193+00:00,86547,valencia_46001,3.8,5.07,0.75,l,,True
2026-05-27,2026-05-27T13:26:58.355193+00:00,86559,valencia_46001,1.32,8.8,0.15,kg,,True
2026-05-27,2026-05-27T13:26:58.355193+00:00,86587,valencia_46001,1.7,4.86,0.35,kg,,True
2026-05-27,2026-05-27T13:26:58.355193+00:00,86588,valencia_46001,1.85,10.0,0.185,kg,,True
2026-05-27,2026-05-27T13:26:58.355193+00:00,86597,valencia_46001,3.15,5.25,0.6,kg,,True
2026-05-27,2026-05-27T13:26:58.355193+00:00,86598,valencia_46001,3.66,6.1,0.6,kg,,True
2026-05-27,2026-05-27T13:26:58.355193+00:00,86600,valencia_46001,3.24,5.4,0.6,kg,,True
2026-05-27,2026-05-27T13:26:58.355193+00:00,86601,valencia_46001,5.8,5.27,1.1,kg,,True
2026-05-27,2026-05-27T13:26:58.355193+00:00,86610.1,valencia_46001,1.05,2.63,0.4,kg,,True
2026-05-27,2026-05-27T13:26:58.355193+00:00,86610.2,valencia_46001,1.05,2.63,0.4,kg,,True
2026-05-27,2026-05-27T13:26:58.355193+00:00,86611,valencia_46001,1.85,1.85,1.0,ud,,True
2026-05-27,2026-05-27T13:26:58.355193+00:00,86612,valencia_46001,2.8,2.8,1.0,ud,,True
2026-05-27,2026-05-27T13:26:58.355193+00:00,86631,valencia_46001,2.9,13.18,0.22,l,,True
2026-05-27,2026-05-27T13:26:58.355193+00:00,86632,valencia_46001,2.85,5.7,0.5,kg,,True
2026-05-27,2026-05-27T13:26:58.355193+00:00,86643,valencia_46001,1.95,1.95,1.0,ud,,True
2026-05-27,2026-05-27T13:26:58.355193+00:00,86652,valencia_46001,3.95,9.88,0.4,l,,True
2026-05-27,2026-05-27T13:26:58.355193+00:00,86653,valencia_46001,3.75,0.14,0.338,kg,,True
2026-05-27,2026-05-27T13:26:58.355193+00:00,86656,valencia_46001,1.2,10.43,0.115,kg,,True
2026-05-27,2026-05-27T13:26:58.355193+00:00,86659,valencia_46001,1.3,22.81,0.057,kg,,True
2026-05-27,2026-05-27T13:26:58.355193+00:00,8667,valencia_46001,2.85,14.25,0.2,kg,,True
2026-05-27,2026-05-27T13:26:58.355193+00:00,86684,valencia_46001,1.35,3.07,0.44,kg,,True
2026-05-27,2026-05-27T13:26:58.355193+00:00,86707,valencia_46001,8.5,12.14,0.7,l,,True
2026-05-27,2026-05-27T13:26:58.355193+00:00,8671,valencia_46001,11.0,12.5,0.88,kg,,True
2026-05-27,2026-05-27T13:26:58.355193+00:00,86750,valencia_46001,2.74,5.83,0.47,kg,,True
2026-05-27,2026-05-27T13:26:58.355193+00:00,86755,valencia_46001,1.45,3.63,0.4,kg,,True
2026-05-27,2026-05-27T13:26:58.355193+00:00,86766,valencia_46001,2.1,8.4,0.25,kg,,True
2026-05-27,2026-05-27T13:26:58.355193+00:00,86786,valencia_46001,3.95,9.88,0.4,kg,,True
2026-05-27,2026-05-27T13:26:58.355193+00:00,86798,valencia_46001,1.35,12.27,0.11,kg,,True
2026-05-27,2026-05-27T13:26:58.355193+00:00,86808,valencia_46001,1.4,18.42,0.076,kg,,True
2026-05-27,2026-05-27T13:26:58.355193+00:00,86809,valencia_46001,2.6,13.0,0.2,kg,,True
2026-05-27,2026-05-27T13:26:58.355193+00:00,86820,valencia_46001,1.9,6.33,0.3,kg,,True
2026-05-27,2026-05-27T13:26:58.355193+00:00,86832,valencia_46001,1.5,7.5,0.2,kg,,True
2026-05-27,2026-05-27T13:26:58.355193+00:00,86835,valencia_46001,0.85,10.63,0.08,kg,,True
2026-05-27,2026-05-27T13:26:58.355193+00:00,86836,valencia_46001,4.5,4.5,1.0,ud,,True
2026-05-27,2026-05-27T13:26:58.355193+00:00,86840,valencia_46001,2.0,5.0,0.4,kg,,True
2026-05-27,2026-05-27T13:26:58.355193+00:00,86866,valencia_46001,7.2,3.0,2.4,l,,True
2026-05-27,2026-05-27T13:26:58.355193+00:00,86867,valencia_46001,0.63,3.15,0.2,l,,True
2026-05-27,2026-05-27T13:26:58.355193+00:00,8687,valencia_46001,9.25,12.17,0.76,kg,,True
2026-05-27,2026-05-27T13:26:58.355193+00:00,86905,valencia_46001,2.85,2.85,1.0,kg,,True
2026-05-27,2026-05-27T13:26:58.355193+00:00,86911,valencia_46001,3.2,8.89,0.36,kg,,True
2026-05-27,2026-05-27T13:26:58.355193+00:00,86913,valencia_46001,1.8,2.25,0.8,kg,,True
2026-05-27,2026-05-27T13:26:58.355193+00:00,86920,valencia_46001,1.3,4.73,0.275,l,,True
2026-05-27,2026-05-27T13:26:58.355193+00:00,86928,valencia_46001,5.12,8.0,0.64,kg,,True
2026-05-27,2026-05-27T13:26:58.355193+00:00,86935,valencia_46001,6.6,0.22,30.0,ud,,True
2026-05-27,2026-05-27T13:26:58.355193+00:00,86998,valencia_46001,1.6,22.86,0.07,kg,,True
2026-05-27,2026-05-27T13:26:58.355193+00:00,87162,valencia_46001,5.28,22.95,0.23,kg,,True
2026-05-27,2026-05-27T13:26:58.355193+00:00,87163,valencia_46001,8.25,33.0,0.25,kg,,True
2026-05-27,2026-05-27T13:26:58.355193+00:00,87164,valencia_46001,8.88,24.0,0.37,kg,,True
2026-05-27,2026-05-27T13:26:58.355193+00:00,87177,valencia_46001,5.85,19.5,0.3,kg,,True
2026-05-27,2026-05-27T13:26:58.355193+00:00,87196,valencia_46001,9.1,35.0,0.26,kg,,True
2026-05-27,2026-05-27T13:26:58.355193+00:00,87197,valencia_46001,5.23,22.25,0.235,kg,,True
2026-05-27,2026-05-27T13:26:58.355193+00:00,87203,valencia_46001,8.75,25.0,0.35,kg,,True
2026-05-27,2026-05-27T13:26:58.355193+00:00,87204,valencia_46001,8.22,23.5,0.35,kg,,True
2026-05-27,2026-05-27T13:26:58.355193+00:00,87205,valencia_46001,7.0,20.0,0.35,kg,,True
2026-05-27,2026-05-27T13:26:58.355193+00:00,87208,valencia_46001,17.85,21.0,0.85,kg,,True
2026-05-27,2026-05-27T13:26:58.355193+00:00,87211,valencia_46001,9.5,21.1,0.45,kg,,True
2026-05-27,2026-05-27T13:26:58.355193+00:00,8722,valencia_46001,1.7,4.86,0.35,kg,,True
2026-05-27,2026-05-27T13:26:58.355193+00:00,87240,valencia_46001,9.43,26.95,0.35,kg,,True
2026-05-27,2026-05-27T13:26:58.355193+00:00,87254,valencia_46001,9.74,29.5,0.33,kg,,True
2026-05-27,2026-05-27T13:26:58.355193+00:00,8727,valencia_46001,1.0,12.5,0.08,kg,,True
2026-05-27,2026-05-27T13:26:58.355193+00:00,87278,valencia_46001,6.95,23.17,0.3,kg,,True
2026-05-27,2026-05-27T13:26:58.355193+00:00,87292,valencia_46001,6.45,10.75,0.6,kg,,True
2026-05-27,2026-05-27T13:26:58.355193+00:00,8730,valencia_46001,0.9,10.0,0.09,kg,,True
2026-05-27,2026-05-27T13:26:58.355193+00:00,87302,valencia_46001,4.5,22.5,0.2,kg,,True
2026-05-27,2026-05-27T13:26:58.355193+00:00,87313,valencia_46001,4.5,22.5,0.2,kg,,True
2026-05-27,2026-05-27T13:26:58.355193+00:00,87342,valencia_46001,3.28,14.5,0.226,kg,,True
2026-05-27,2026-05-27T13:26:58.355193+00:00,87350,valencia_46001,6.08,16.0,0.38,kg,,True
2026-05-27,2026-05-27T13:26:58.355193+00:00,87598,valencia_46001,12.9,7.82,1.65,kg,,True
2026-05-27,2026-05-27T13:26:58.355193+00:00,87599,valencia_46001,9.5,10.8,0.88,kg,,True
2026-05-27,2026-05-27T13:26:58.355193+00:00,87601,valencia_46001,8.0,15.38,0.52,kg,,True
2026-05-27,2026-05-27T13:26:58.355193+00:00,87602,valencia_46001,14.9,7.84,1.9,kg,,True
2026-05-27,2026-05-27T13:26:58.355193+00:00,87607,valencia_46001,10.0,14.29,0.7,kg,,True
2026-05-27,2026-05-27T13:26:58.355193+00:00,87609,valencia_46001,9.5,13.38,0.71,kg,,True
2026-05-27,2026-05-27T13:26:58.355193+00:00,87616,valencia_46001,6.5,15.12,0.43,kg,,True
2026-05-27,2026-05-27T13:26:58.355193+00:00,87683,valencia_46001,8.5,13.39,0.635,kg,,True
2026-05-27,2026-05-27T13:26:58.355193+00:00,87734,valencia_46001,3.9,16.96,0.23,kg,,True
2026-05-27,2026-05-27T13:26:58.355193+00:00,87775,valencia_46001,10.5,42.0,0.25,kg,,True
2026-05-27,2026-05-27T13:26:58.355193+00:00,8778,valencia_46001,4.24,1.61,2.64,l,,True
2026-05-27,2026-05-27T13:26:58.355193+00:00,87786,valencia_46001,9.45,21.0,0.45,kg,,True
2026-05-27,2026-05-27T13:26:58.355193+00:00,87789,valencia_46001,5.18,12.95,0.4,kg,,True
2026-05-27,2026-05-27T13:26:58.355193+00:00,8779,valencia_46001,4.24,1.61,2.64,l,,True
2026-05-27,2026-05-27T13:26:58.355193+00:00,87811,valencia_46001,0.5,10.0,0.05,kg,,True
2026-05-27,2026-05-27T13:26:58.355193+00:00,8789,valencia_46001,3.2,4.27,0.75,l,,True
2026-05-27,2026-05-27T13:26:58.355193+00:00,8790,valencia_46001,1.05,1.05,1.0,l,,True
2026-05-27,2026-05-27T13:26:58.355193+00:00,8791,valencia_46001,1.85,1.54,1.2,l,,True
2026-05-27,2026-05-27T13:26:58.355193+00:00,8795,valencia_46001,6.0,80.0,0.075,l,,True
2026-05-27,2026-05-27T13:26:58.355193+00:00,8796,valencia_46001,6.0,80.0,0.075,l,,True
2026-05-27,2026-05-27T13:26:58.355193+00:00,8798,valencia_46001,6.0,80.0,0.075,l,,True
2026-05-27,2026-05-27T13:26:58.355193+00:00,8799,valencia_46001,6.0,80.0,0.075,l,,True
2026-05-27,2026-05-27T13:26:58.355193+00:00,8802,valencia_46001,1.3,4.73,0.275,l,,True
2026-05-27,2026-05-27T13:26:58.355193+00:00,8804,valencia_46001,0.85,24.29,0.035,kg,,True
2026-05-27,2026-05-27T13:26:58.355193+00:00,8805,valencia_46001,1.4,35.0,0.04,kg,,True
2026-05-27,2026-05-27T13:26:58.355193+00:00,88180,valencia_46001,6.86,7.3,0.94,kg,,True
2026-05-27,2026-05-27T13:26:58.355193+00:00,8822,valencia_46001,3.5,23.33,0.15,l,,True
2026-05-27,2026-05-27T13:26:58.355193+00:00,8834,valencia_46001,3.7,6.17,0.6,l,,True
2026-05-27,2026-05-27T13:26:58.355193+00:00,8835,valencia_46001,2.95,4.92,0.6,l,,True
2026-05-27,2026-05-27T13:26:58.355193+00:00,8839,valencia_46001,3.5,14.58,0.24,kg,,True
2026-05-27,2026-05-27T13:26:58.355193+00:00,8840,valencia_46001,2.9,16.11,0.18,kg,,True
2026-05-27,2026-05-27T13:26:58.355193+00:00,88407,valencia_46001,4.0,4.0,0.485,kg,,True
2026-05-27,2026-05-27T13:26:58.355193+00:00,8841,valencia_46001,1.8,1.8,1.0,ud,,True
2026-05-27,2026-05-27T13:26:58.355193+00:00,8870,valencia_46001,6.3,4.2,1.5,l,,True
2026-05-27,2026-05-27T13:26:58.355193+00:00,8876,valencia_46001,1.75,0.58,1.0,ud,,True
2026-05-27,2026-05-27T13:26:58.355193+00:00,8883,valencia_46001,2.5,0.42,1.0,ud,,True
2026-05-27,2026-05-27T13:26:58.355193+00:00,8886,valencia_46001,2.9,7.25,0.4,l,,True
2026-05-27,2026-05-27T13:26:58.355193+00:00,8889,valencia_46001,22.0,22.0,1.0,l,,True
2026-05-27,2026-05-27T13:26:58.355193+00:00,8893,valencia_46001,10.0,100.0,0.1,l,,True
2026-05-27,2026-05-27T13:26:58.355193+00:00,8896,valencia_46001,4.1,41.0,0.1,l,,True
2026-05-27,2026-05-27T13:26:58.355193+00:00,8900,valencia_46001,6.0,6.0,1.0,ud,,True
2026-05-27,2026-05-27T13:26:58.355193+00:00,8901,valencia_46001,7.0,1.75,1.0,ud,,True
2026-05-27,2026-05-27T13:26:58.355193+00:00,8904,valencia_46001,3.49,6.85,0.51,kg,,True
2026-05-27,2026-05-27T13:26:58.355193+00:00,8914,valencia_46001,2.8,5.6,0.5,kg,,True
2026-05-27,2026-05-27T13:26:58.355193+00:00,8915,valencia_46001,1.1,30.56,0.036,kg,,True
2026-05-27,2026-05-27T13:26:58.355193+00:00,8916,valencia_46001,3.75,1.88,2.0,ud,,True
2026-05-27,2026-05-27T13:26:58.355193+00:00,8925,valencia_46001,3.5,11.29,0.31,l,,True
2026-05-27,2026-05-27T13:26:58.355193+00:00,8930,valencia_46001,2.65,2.65,1.0,kg,,True
2026-05-27,2026-05-27T13:26:58.355193+00:00,8931,valencia_46001,11.8,41.4,0.285,kg,,True
2026-05-27,2026-05-27T13:26:58.355193+00:00,8932,valencia_46001,6.63,26.5,0.25,kg,,True
2026-05-27,2026-05-27T13:26:58.355193+00:00,8934,valencia_46001,7.92,23.5,0.337,kg,,True
2026-05-27,2026-05-27T13:26:58.355193+00:00,8936,valencia_46001,7.98,19.0,0.42,kg,,True
2026-05-27,2026-05-27T13:26:58.355193+00:00,8937,valencia_46001,7.58,18.5,0.41,kg,,True
2026-05-27,2026-05-27T13:26:58.355193+00:00,8945,valencia_46001,1.5,0.15,1.0,ud,,True
2026-05-27,2026-05-27T13:26:58.355193+00:00,8946,valencia_46001,1.6,5.33,0.3,kg,,True
2026-05-27,2026-05-27T13:26:58.355193+00:00,8949,valencia_46001,1.9,3.17,0.6,l,,True
2026-05-27,2026-05-27T13:26:58.355193+00:00,8953,valencia_46001,1.75,10.0,0.175,kg,,True
2026-05-27,2026-05-27T13:26:58.355193+00:00,8955,valencia_46001,2.25,5.63,0.4,kg,,True
2026-05-27,2026-05-27T13:26:58.355193+00:00,8956,valencia_46001,2.25,5.63,0.4,kg,,True
2026-05-27,2026-05-27T13:26:58.355193+00:00,8966,valencia_46001,2.4,2.4,1.0,l,,True
2026-05-27,2026-05-27T13:26:58.355193+00:00,8970,valencia_46001,3.33,6.4,0.52,kg,,True
2026-05-27,2026-05-27T13:26:58.355193+00:00,8978,valencia_46001,1.7,13.82,0.123,kg,,True
2026-05-27,2026-05-27T13:26:58.355193+00:00,8980,valencia_46001,14.5,3.63,1.0,ud,,True
2026-05-27,2026-05-27T13:26:58.355193+00:00,89804,valencia_46001,3.0,3.0,1.0,ud,,True
2026-05-27,2026-05-27T13:26:58.355193+00:00,8994,valencia_46001,3.15,6.3,0.5,kg,,True
2026-05-27,2026-05-27T13:26:58.355193+00:00,8996,valencia_46001,1.05,10.5,0.1,l,,True
2026-05-27,2026-05-27T13:26:58.355193+00:00,8999,valencia_46001,2.0,2.0,1.0,ud,,True
2026-05-27,2026-05-27T13:26:58.355193+00:00,90080,valencia_46001,1.5,0.3,5.0,kg,,True
2026-05-27,2026-05-27T13:26:58.355193+00:00,90303,valencia_46001,14.0,2.8,5.0,l,,True
2026-05-27,2026-05-27T13:26:58.355193+00:00,90309,valencia_46001,12.5,2.5,5.0,l,,True
2026-05-27,2026-05-27T13:26:58.355193+00:00,90326,valencia_46001,10.0,2.0,5.0,l,,True
2026-05-27,2026-05-27T13:26:58.355193+00:00,9034,valencia_46001,1.79,1.79,1.0,l,,True
2026-05-27,2026-05-27T13:26:58.355193+00:00,9040,valencia_46001,1.79,1.79,1.0,l,,True
2026-05-27,2026-05-27T13:26:58.355193+00:00,9049,valencia_46001,10.74,1.79,6.0,l,,True
2026-05-27,2026-05-27T13:26:58.355193+00:00,90505,valencia_46001,0.95,0.48,2.0,l,,True
2026-05-27,2026-05-27T13:26:58.355193+00:00,9057,valencia_46001,10.74,1.79,6.0,l,,True
2026-05-27,2026-05-27T13:26:58.355193+00:00,9058,valencia_46001,1.6,6.81,0.235,kg,,True
2026-05-27,2026-05-27T13:26:58.355193+00:00,90933,valencia_46001,2.15,8.6,0.25,kg,,True
2026-05-27,2026-05-27T13:26:58.355193+00:00,90947,valencia_46001,3.35,0.84,4.0,l,,True
2026-05-27,2026-05-27T13:26:58.355193+00:00,9187,valencia_46001,8.4,1.4,6.0,l,,True
2026-05-27,2026-05-27T13:26:58.355193+00:00,9188,valencia_46001,1.4,1.4,1.0,l,,True
2026-05-27,2026-05-27T13:26:58.355193+00:00,9190,valencia_46001,2.3,1.92,1.2,l,,True
2026-05-27,2026-05-27T13:26:58.355193+00:00,9210,valencia_46001,2.5,5.0,0.5,kg,,True
2026-05-27,2026-05-27T13:26:58.355193+00:00,9242,valencia_46001,1.6,6.81,0.235,kg,,True
2026-05-27,2026-05-27T13:26:58.355193+00:00,9246,valencia_46001,1.6,6.81,0.235,kg,,True
2026-05-27,2026-05-27T13:26:58.355193+00:00,9247,valencia_46001,1.6,6.81,0.235,kg,,True
2026-05-27,2026-05-27T13:26:58.355193+00:00,9259,valencia_46001,1.6,6.81,0.235,kg,,True
2026-05-27,2026-05-27T13:26:58.355193+00:00,9264,valencia_46001,2.4,4.8,0.5,kg,,True
2026-05-27,2026-05-27T13:26:58.355193+00:00,9280,valencia_46001,1.6,6.81,0.235,kg,,True
2026-05-27,2026-05-27T13:26:58.355193+00:00,9288,valencia_46001,2.85,7.5,0.38,kg,,True
2026-05-27,2026-05-27T13:26:58.355193+00:00,9298,valencia_46001,2.95,7.76,0.38,kg,,True
2026-05-27,2026-05-27T13:26:58.355193+00:00,92998,valencia_46001,0.42,4.94,0.085,kg,,True
2026-05-27,2026-05-27T13:26:58.355193+00:00,9333,valencia_46001,1.95,11.14,0.175,kg,,True
2026-05-27,2026-05-27T13:26:58.355193+00:00,9349,valencia_46001,1.55,11.23,0.138,kg,,True
2026-05-27,2026-05-27T13:26:58.355193+00:00,9350,valencia_46001,1.55,12.92,0.12,kg,,True
2026-05-27,2026-05-27T13:26:58.355193+00:00,9355,valencia_46001,2.35,4.7,0.5,kg,,True
2026-05-27,2026-05-27T13:26:58.355193+00:00,9356,valencia_46001,2.1,4.2,0.5,kg,,True
2026-05-27,2026-05-27T13:26:58.355193+00:00,9357,valencia_46001,2.1,4.2,0.5,kg,,True
2026-05-27,2026-05-27T13:26:58.355193+00:00,9369,valencia_46001,0.95,2.71,0.35,kg,,True
2026-05-27,2026-05-27T13:26:58.355193+00:00,9377,valencia_46001,2.0,4.0,0.5,kg,,True
2026-05-27,2026-05-27T13:26:58.355193+00:00,9395,valencia_46001,1.95,1.95,1.0,kg,,True
2026-05-27,2026-05-27T13:26:58.355193+00:00,9397,valencia_46001,1.6,1.6,1.0,l,,True
2026-05-27,2026-05-27T13:26:58.355193+00:00,9398,valencia_46001,9.6,1.6,6.0,l,,True
2026-05-27,2026-05-27T13:26:58.355193+00:00,9407,valencia_46001,12.95,16.19,0.8,kg,,True
2026-05-27,2026-05-27T13:26:58.355193+00:00,9408,valencia_46001,17.95,22.44,0.8,kg,,True
2026-05-27,2026-05-27T13:26:58.355193+00:00,9420,valencia_46001,14.95,18.69,0.8,kg,,True
2026-05-27,2026-05-27T13:26:58.355193+00:00,9421,valencia_46001,12.95,16.19,0.8,kg,,True
2026-05-27,2026-05-27T13:26:58.355193+00:00,9430,valencia_46001,2.7,5.4,0.5,kg,,True
2026-05-27,2026-05-27T13:26:58.355193+00:00,9445,valencia_46001,3.6,30.0,0.12,kg,,True
2026-05-27,2026-05-27T13:26:58.355193+00:00,9474,valencia_46001,2.4,6.0,0.4,kg,,True
2026-05-27,2026-05-27T13:26:58.355193+00:00,9487,valencia_46001,2.65,7.07,0.375,kg,,True
2026-05-27,2026-05-27T13:26:58.355193+00:00,9488,valencia_46001,2.0,4.0,0.5,kg,,True
2026-05-27,2026-05-27T13:26:58.355193+00:00,9491,valencia_46001,2.4,2.4,1.0,kg,,True
2026-05-27,2026-05-27T13:26:58.355193+00:00,9492,valencia_46001,2.1,4.2,0.5,kg,,True
2026-05-27,2026-05-27T13:26:58.355193+00:00,9508,valencia_46001,2.0,4.0,0.5,kg,,True
2026-05-27,2026-05-27T13:26:58.355193+00:00,9532,valencia_46001,2.4,6.4,0.375,kg,,True
2026-05-27,2026-05-27T13:26:58.355193+00:00,9536,valencia_46001,2.5,6.25,0.4,kg,,True
2026-05-27,2026-05-27T13:26:58.355193+00:00,9547,valencia_46001,2.25,5.63,0.4,kg,,True
2026-05-27,2026-05-27T13:26:58.355193+00:00,9571,valencia_46001,1.7,4.25,0.4,kg,,True
2026-05-27,2026-05-27T13:26:58.355193+00:00,95730,valencia_46001,1.6,106.67,0.015,kg,,True
2026-05-27,2026-05-27T13:26:58.355193+00:00,9579,valencia_46001,2.95,13.41,0.22,kg,,True
2026-05-27,2026-05-27T13:26:58.355193+00:00,9580,valencia_46001,3.9,9.51,0.41,kg,,True
2026-05-27,2026-05-27T13:26:58.355193+00:00,9588,valencia_46001,1.2,3.0,0.4,kg,,True
2026-05-27,2026-05-27T13:26:58.355193+00:00,9641,valencia_46001,10.0,11.36,0.88,kg,,True
2026-05-27,2026-05-27T13:26:58.355193+00:00,9660.1,valencia_46001,0.95,3.96,0.24,kg,,True
2026-05-27,2026-05-27T13:26:58.355193+00:00,9660.2,valencia_46001,0.95,3.96,0.24,kg,,True
2026-05-27,2026-05-27T13:26:58.355193+00:00,9664,valencia_46001,1.04,2.67,0.39,kg,,True
2026-05-27,2026-05-27T13:26:58.355193+00:00,9778,valencia_46001,0.95,0.48,2.0,ud,,True
2026-05-27,2026-05-27T13:26:58.355193+00:00,9784,valencia_46001,4.5,300.0,0.015,l,,True
2026-05-27,2026-05-27T13:26:58.355193+00:00,9792,valencia_46001,1.25,1.25,1.0,ud,,True
2026-05-27,2026-05-27T13:26:58.355193+00:00,9795,valencia_46001,3.25,3.25,1.0,ud,,True
2026-05-27,2026-05-27T13:26:58.355193+00:00,9820,valencia_46001,3.0,20.0,0.15,kg,,True
2026-05-27,2026-05-27T13:26:58.355193+00:00,9826,valencia_46001,7.0,2.12,3.3,l,,True
2026-05-27,2026-05-27T13:26:58.355193+00:00,9832,valencia_46001,1.5,1.22,1.23,kg,,True
2026-05-27,2026-05-27T13:26:58.355193+00:00,9833,valencia_46001,1.5,1.22,1.23,kg,,True
2026-05-27,2026-05-27T13:26:58.355193+00:00,9847,valencia_46001,3.8,0.19,0.108,kg,,True
2026-05-27,2026-05-27T13:26:58.355193+00:00,9858,valencia_46001,2.9,3.87,0.75,l,,True
2026-05-27,2026-05-27T13:26:58.355193+00:00,9860,valencia_46001,2.4,6.86,0.35,kg,,True
2026-05-27,2026-05-27T13:26:58.355193+00:00,9861,valencia_46001,0.85,4.25,0.2,kg,,True
2026-05-27,2026-05-27T13:26:58.355193+00:00,9879,valencia_46001,2.2,110.0,0.02,l,,True
2026-05-27,2026-05-27T13:26:58.355193+00:00,9886,valencia_46001,3.0,1.2,2.5,l,,True
2026-05-27,2026-05-27T13:26:58.355193+00:00,9887,valencia_46001,3.0,1.2,2.5,l,,True
2026-05-27,2026-05-27T13:26:58.355193+00:00,9888,valencia_46001,2.0,5.0,0.4,kg,,True
2026-05-27,2026-05-27T13:26:58.355193+00:00,9889,valencia_46001,2.0,5.0,0.4,kg,,True
2026-05-27,2026-05-27T13:26:58.355193+00:00,9890,valencia_46001,2.0,5.0,0.4,kg,,True
2026-05-27,2026-05-27T13:26:58.355193+00:00,9891,valencia_46001,1.35,12.27,0.11,kg,,True
2026-05-27,2026-05-27T13:26:58.355193+00:00,9900,valencia_46001,1.5,0.06,24.0,ud,,True
2026-05-27,2026-05-27T13:26:58.355193+00:00,9903,valencia_46001,0.8,10.0,0.08,kg,,True
2026-05-27,2026-05-27T13:26:58.355193+00:00,9905,valencia_46001,2.55,6.38,0.4,kg,,True
2026-05-27,2026-05-27T13:26:58.355193+00:00,9915,valencia_46001,12.0,12.0,1.0,ud,,True
2026-05-27,2026-05-27T13:26:58.355193+00:00,9919,valencia_46001,1.35,13.5,0.1,kg,,True
2026-05-27,2026-05-27T13:26:58.355193+00:00,9921,valencia_46001,12.0,120.0,0.1,l,,True
2026-05-27,2026-05-27T13:26:58.355193+00:00,9932,valencia_46001,9.5,9.5,1.0,ud,,True
2026-05-27,2026-05-27T13:26:58.355193+00:00,9938,valencia_46001,9.5,95.0,0.1,l,,True
2026-05-27,2026-05-27T13:26:58.355193+00:00,9939,valencia_46001,9.5,95.0,0.1,l,,True
2026-05-27,2026-05-27T13:26:58.355193+00:00,9940,valencia_46001,8.0,80.0,0.1,l,,True
2026-05-27,2026-05-27T13:26:58.355193+00:00,9941,valencia_46001,8.0,80.0,0.1,l,,True
2026-05-27,2026-05-27T13:26:58.355193+00:00,9965,valencia_46001,3.35,8.38,0.4,kg,,True
2026-05-27,2026-05-27T13:26:58.355193+00:00,9970,valencia_46001,2.0,8.0,0.25,l,,True
2026-05-27,2026-05-27T13:26:58.355193+00:00,9973,valencia_46001,1.85,6.17,0.3,l,,True
2026-05-27,2026-05-27T13:26:58.355193+00:00,9974,valencia_46001,1.5,15.0,0.1,l,,True
2026-05-27,2026-05-27T13:26:58.355193+00:00,9981,valencia_46001,1.5,1.5,1.0,kg,,True
2026-05-27,2026-05-27T13:26:58.355193+00:00,9982,valencia_46001,1.5,1.5,1.0,kg,,True
2026-05-27,2026-05-27T13:26:58.355193+00:00,9995,valencia_46001,4.8,8.0,0.6,kg,,True
